Almacen,Código de barras,Stock min,ROP,Stock Max
CEDIS,1,0,0,0
CEDIS,2,9,14,24
CEDIS,3,0,0,0
CEDIS,4,0,0,0
CEDIS,5,33,43,76
CEDIS,6,0,0,0
CEDIS,7,0,0,0
CEDIS,8,0,0,0
CEDIS,9,0,0,0
CEDIS,10,2,3,5
CEDIS,11,0,0,0
CEDIS,12,0,0,0
CEDIS,13,0,0,0
CEDIS,14,0,0,0
CEDIS,15,0,0,0
CEDIS,16,0,0,0
CEDIS,17,0,0,0
CEDIS,18,0,0,0
CEDIS,19,0,0,0
CEDIS,20,0,0,0
CEDIS,21,0,0,0
CEDIS,22,0,0,0
CEDIS,23,0,0,0
CEDIS,24,4,6,10
CEDIS,25,0,0,0
CEDIS,26,0,0,0
CEDIS,27,0,0,0
CEDIS,28,0,0,0
CEDIS,29,0,0,0
CEDIS,30,0,0,0
CEDIS,31,1,2,4
CEDIS,32,0,0,0
CEDIS,33,0,0,0
CEDIS,34,0,0,0
CEDIS,35,0,0,0
CEDIS,36,0,0,0
CEDIS,37,0,0,0
CEDIS,38,0,0,0
CEDIS,39,0,0,0
CEDIS,40,0,0,0
CEDIS,41,0,0,0
CEDIS,42,0,0,0
CEDIS,88,0,0,0
CEDIS,89,0,0,0
CEDIS,100,0,0,0
CEDIS,101,0,0,0
CEDIS,102,0,0,0
CEDIS,103,0,0,0
CEDIS,105,0,0,0
CEDIS,106,0,0,0
CEDIS,107,0,0,0
CEDIS,108,0,0,0
CEDIS,109,0,0,0
CEDIS,111,0,0,0
CEDIS,112,0,0,0
CEDIS,113,0,0,0
CEDIS,115,11,15,26
CEDIS,116,42,53,96
CEDIS,117,0,0,0
CEDIS,118,0,0,0
CEDIS,119,0,0,0
CEDIS,120,0,0,0
CEDIS,121,0,0,0
CEDIS,122,0,0,0
CEDIS,123,0,0,0
CEDIS,124,1,2,3
CEDIS,125,0,0,0
CEDIS,126,0,0,0
CEDIS,127,0,0,0
CEDIS,128,0,0,0
CEDIS,129,0,0,0
CEDIS,130,0,0,0
CEDIS,131,1,2,3
CEDIS,201,0,0,0
CEDIS,202,0,0,0
CEDIS,203,0,0,0
CEDIS,205,0,0,0
CEDIS,206,0,0,0
CEDIS,207,0,0,0
CEDIS,300,3,4,7
CEDIS,301,0,0,0
CEDIS,302,3,4,7
CEDIS,303,0,0,0
CEDIS,304,1,2,3
CEDIS,305,0,0,0
CEDIS,306,0,0,0
CEDIS,307,0,0,0
CEDIS,308,0,0,0
CEDIS,309,3,5,8
CEDIS,310,0,0,0
CEDIS,311,0,0,0
CEDIS,312,0,0,0
CEDIS,313,0,0,0
CEDIS,314,0,0,0
CEDIS,315,1,2,3
CEDIS,316,0,0,0
CEDIS,317,0,0,0
CEDIS,318,3,5,8
CEDIS,319,0,0,0
CEDIS,320,0,0,0
CEDIS,321,2,3,5
CEDIS,322,2,3,5
CEDIS,323,0,0,0
CEDIS,324,1,2,3
CEDIS,325,0,0,0
CEDIS,326,1,2,3
CEDIS,327,0,0,0
CEDIS,328,0,0,0
CEDIS,329,1,2,3
CEDIS,330,0,0,0
CEDIS,331,0,0,0
CEDIS,332,0,0,0
CEDIS,333,1,2,3
CEDIS,334,1,2,3
CEDIS,400,2,3,5
CEDIS,401,0,0,0
CEDIS,402,0,0,0
CEDIS,403,0,0,0
CEDIS,404,1,2,3
CEDIS,405,0,0,0
CEDIS,406,0,0,0
CEDIS,407,2,3,5
CEDIS,408,2,3,5
CEDIS,409,0,0,0
CEDIS,410,0,0,0
CEDIS,411,0,0,0
CEDIS,412,0,0,0
CEDIS,413,0,0,0
CEDIS,414,2,3,5
CEDIS,415,3,6,9
CEDIS,416,0,0,0
CEDIS,417,0,0,0
CEDIS,418,0,0,0
CEDIS,419,1,2,3
CEDIS,420,0,0,0
CEDIS,421,1,2,3
CEDIS,422,0,0,0
CEDIS,423,2,3,5
CEDIS,424,0,0,0
CEDIS,425,0,0,0
CEDIS,426,0,0,0
CEDIS,427,2,4,6
CEDIS,428,0,0,0
CEDIS,429,0,0,0
CEDIS,430,0,0,0
CEDIS,431,0,0,0
CEDIS,432,0,0,0
CEDIS,433,0,0,0
CEDIS,434,0,0,0
CEDIS,435,2,4,6
CEDIS,436,1,2,3
CEDIS,437,0,0,0
CEDIS,438,0,0,0
CEDIS,439,0,0,0
CEDIS,440,0,0,0
CEDIS,441,0,0,0
CEDIS,442,1,2,3
CEDIS,443,0,0,0
CEDIS,444,2,4,6
CEDIS,445,2,3,5
CEDIS,446,0,0,0
CEDIS,447,0,0,0
CEDIS,448,0,0,0
CEDIS,449,0,0,0
CEDIS,450,10,15,25
CEDIS,451,0,0,0
CEDIS,452,6,8,14
CEDIS,453,0,0,0
CEDIS,454,0,0,0
CEDIS,455,0,0,0
CEDIS,456,0,0,0
CEDIS,457,0,0,0
CEDIS,458,0,0,0
CEDIS,459,0,0,0
CEDIS,460,0,0,0
CEDIS,461,0,0,0
CEDIS,462,0,0,0
CEDIS,463,0,0,0
CEDIS,464,0,0,0
CEDIS,465,0,0,0
CEDIS,466,1,2,4
CEDIS,467,8,13,21
CEDIS,468,0,0,0
CEDIS,469,0,0,0
CEDIS,470,0,0,0
CEDIS,471,0,0,0
CEDIS,472,2,3,5
CEDIS,473,0,0,0
CEDIS,474,0,0,0
CEDIS,475,0,0,0
CEDIS,476,0,0,0
CEDIS,477,1,2,3
CEDIS,478,1,2,3
CEDIS,479,0,0,0
CEDIS,480,0,0,0
CEDIS,481,0,0,0
CEDIS,482,1,2,3
CEDIS,483,0,0,0
CEDIS,484,0,0,0
CEDIS,500,0,0,0
CEDIS,501,0,0,0
CEDIS,502,0,0,0
CEDIS,503,0,0,0
CEDIS,504,0,0,0
CEDIS,505,0,0,0
CEDIS,506,0,0,0
CEDIS,507,0,0,0
CEDIS,508,0,0,0
CEDIS,509,0,0,0
CEDIS,510,0,0,0
CEDIS,511,0,0,0
CEDIS,512,0,0,0
CEDIS,513,0,0,0
CEDIS,514,5,9,14
CEDIS,515,3,5,8
CEDIS,516,0,0,0
CEDIS,517,0,0,0
CEDIS,518,0,0,0
CEDIS,519,0,0,0
CEDIS,520,0,0,0
CEDIS,521,0,0,0
CEDIS,522,0,0,0
CEDIS,523,0,0,0
CEDIS,524,0,0,0
CEDIS,525,0,0,0
CEDIS,526,0,0,0
CEDIS,527,0,0,0
CEDIS,528,0,0,0
CEDIS,529,0,0,0
CEDIS,530,0,0,0
CEDIS,531,0,0,0
CEDIS,532,0,0,0
CEDIS,533,1,2,3
CEDIS,534,0,0,0
CEDIS,535,0,0,0
CEDIS,536,0,0,0
CEDIS,537,0,0,0
CEDIS,538,0,0,0
CEDIS,539,0,0,0
CEDIS,540,0,0,0
CEDIS,541,0,0,0
CEDIS,542,0,0,0
CEDIS,544,1,2,3
CEDIS,545,0,0,0
CEDIS,546,0,0,0
CEDIS,547,0,0,0
CEDIS,548,0,0,0
CEDIS,549,0,0,0
CEDIS,550,0,0,0
CEDIS,551,0,0,0
CEDIS,552,0,0,0
CEDIS,553,0,0,0
CEDIS,554,0,0,0
CEDIS,555,0,0,0
CEDIS,743,0,0,0
CEDIS,800,0,0,0
CEDIS,801,0,0,0
CEDIS,802,0,0,0
CEDIS,803,2,3,5
CEDIS,1300,0,0,0
CEDIS,1301,1,2,3
CEDIS,1302,2,3,6
CEDIS,1303,1,2,3
CEDIS,1304,0,0,0
CEDIS,1305,2,3,5
CEDIS,1306,0,0,0
CEDIS,2001,1427,1791,3220
CEDIS,2003,0,0,0
CEDIS,2004,0,0,0
CEDIS,2005,0,0,0
CEDIS,2006,0,0,0
CEDIS,2009,0,0,0
CEDIS,2010,0,0,0
CEDIS,2011,4,6,10
CEDIS,2012,0,0,0
CEDIS,2013,1,2,3
CEDIS,2015,2,8,11
CEDIS,2846,1,2,3
CEDIS,3000,20,26,46
CEDIS,5028,0,0,0
CEDIS,6018,0,0,0
CEDIS,6020,0,0,0
CEDIS,6097,0,0,0
CEDIS,6137,0,0,0
CEDIS,6175,0,0,0
CEDIS,6221,0,0,0
CEDIS,6487,4,5,10
CEDIS,6490,0,0,0
CEDIS,6622,1,2,3
CEDIS,6662,0,0,0
CEDIS,6665,0,0,0
CEDIS,6727,0,0,0
CEDIS,6732,16,23,39
CEDIS,7117,0,0,0
CEDIS,10000,0,0,0
CEDIS,13039,0,0,0
CEDIS,85049,0,0,0
CEDIS,85050,0,0,0
CEDIS,85051,0,0,0
CEDIS,85052,0,0,0
CEDIS,85053,0,0,0
CEDIS,85054,0,0,0
CEDIS,85055,0,0,0
CEDIS,85056,0,0,0
CEDIS,123456,0,0,0
CEDIS,159357,0,0,0
CEDIS,654321,0,0,0
CEDIS,4002066,0,1,1
CEDIS,G238,0,0,0
CEDIS,5230105,0,0,0
CEDIS,5610108,1,2,3
CEDIS,6101116,0,0,0
CEDIS,6683595,0,0,0
CEDIS,30106659,6,10,16
CEDIS,53131613,1,2,3
CEDIS,3304990000,0,0,0
CEDIS,19962494116,0,0,0
CEDIS,19962494215,1,2,3
CEDIS,19962494314,1,2,3
CEDIS,19962494413,0,0,0
CEDIS,19962494512,0,0,0
CEDIS,40232608292,0,0,0
CEDIS,60748000199,0,0,0
CEDIS,60748000472,0,0,0
CEDIS,60748001001,0,0,0
CEDIS,60748003718,0,0,0
CEDIS,70501010105,0,0,0
CEDIS,70501050651,0,0,0
CEDIS,70501060902,0,0,0
CEDIS,70501092002,0,0,0
CEDIS,70501092408,0,0,0
CEDIS,70501100134,0,0,0
CEDIS,90205022983,0,0,0
CEDIS,90205025335,0,0,0
CEDIS,90205025403,0,0,0
CEDIS,90205077563,0,0,0
CEDIS,90205077709,0,0,0
CEDIS,198168067376,0,0,0
CEDIS,198168129081,0,0,0
CEDIS,198168409480,0,0,0
CEDIS,198168739686,0,0,0
CEDIS,300093331020,6,9,15
CEDIS,326480044687,1,3,4
CEDIS,328270388497,14,18,32
CEDIS,337220000273,1,2,3
CEDIS,358892100309,2,3,5
CEDIS,358892101504,3,5,8
CEDIS,358892102044,0,0,0
CEDIS,358892103300,2,3,5
CEDIS,358892106851,1,2,3
CEDIS,358892113156,3,5,8
CEDIS,358892119011,1,2,3
CEDIS,358892122301,4,6,9
CEDIS,358892123308,1,2,4
CEDIS,358892129065,1,2,3
CEDIS,358892131501,1,4,5
CEDIS,358892132508,2,3,5
CEDIS,358892133505,1,2,3
CEDIS,358892134502,0,0,0
CEDIS,358892317011,2,3,5
CEDIS,358892318018,0,0,0
CEDIS,358892319015,2,4,5
CEDIS,358892326501,72,93,163
CEDIS,358892326853,7,10,17
CEDIS,358892336500,16,24,40
CEDIS,358892911882,0,0,0
CEDIS,362031536935,0,0,0
CEDIS,362032050010,0,0,0
CEDIS,362032050089,0,0,0
CEDIS,362032050522,0,0,0
CEDIS,362032050539,1,2,3
CEDIS,362032050546,0,0,0
CEDIS,362032050553,0,0,0
CEDIS,362032050560,0,0,0
CEDIS,362032065038,0,0,0
CEDIS,362032065243,1,2,3
CEDIS,362032065359,0,0,0
CEDIS,362032066011,0,0,0
CEDIS,362032070018,1,2,3
CEDIS,362032070056,0,0,0
CEDIS,362032070063,1,2,3
CEDIS,362032070131,1,2,3
CEDIS,362032070179,0,0,0
CEDIS,362032070193,1,2,3
CEDIS,362032070209,0,0,0
CEDIS,362032070445,0,0,0
CEDIS,362032070452,0,0,0
CEDIS,362032070582,0,0,0
CEDIS,362032072029,0,0,0
CEDIS,362032077680,0,0,0
CEDIS,362032079097,0,0,0
CEDIS,362032087909,0,0,0
CEDIS,362032100364,1,2,3
CEDIS,362032101361,1,2,3
CEDIS,362032116365,0,0,0
CEDIS,362032140100,0,0,0
CEDIS,362032161037,0,0,0
CEDIS,362032610047,0,0,0
CEDIS,362032612041,0,0,0
CEDIS,362032650074,0,0,0
CEDIS,362032811093,0,0,0
CEDIS,390205022694,5,8,12
CEDIS,390205022878,4,6,10
CEDIS,390205022892,5,8,13
CEDIS,390205025008,16,24,39
CEDIS,390205025107,0,0,0
CEDIS,390205025121,0,0,0
CEDIS,390205025206,11,16,27
CEDIS,390205025367,0,0,0
CEDIS,390205025787,18,25,42
CEDIS,390205025824,2,3,5
CEDIS,608819261133,0,0,0
CEDIS,608819261164,3,5,8
CEDIS,608819261195,4,6,10
CEDIS,609207621133,66,87,155
CEDIS,635494310207,5,7,12
CEDIS,635494314120,0,0,0
CEDIS,635494314205,13,18,31
CEDIS,635494316124,0,0,0
CEDIS,635494317121,0,0,0
CEDIS,635494317206,5,7,12
CEDIS,635494323122,0,0,0
CEDIS,635494327120,0,0,0
CEDIS,635494327205,3,4,7
CEDIS,635494328202,4,6,10
CEDIS,635494330120,0,0,0
CEDIS,635494330205,0,0,0
CEDIS,635494331127,0,0,0
CEDIS,635494345254,0,0,0
CEDIS,635494347203,1,2,3
CEDIS,635494348200,0,0,0
CEDIS,635494349207,0,0,0
CEDIS,635494352122,0,0,0
CEDIS,635494358209,0,0,0
CEDIS,635494363210,15,22,37
CEDIS,635494377002,3,4,7
CEDIS,635494390124,0,0,0
CEDIS,635494391206,10,15,25
CEDIS,679795082005,0,0,0
CEDIS,679795082012,4,5,10
CEDIS,679795082029,0,0,0
CEDIS,679795082043,0,0,0
CEDIS,679795082050,0,0,0
CEDIS,679795082098,0,0,0
CEDIS,679795082128,0,0,0
CEDIS,679795082135,0,0,0
CEDIS,679795082142,0,0,0
CEDIS,679795083033,0,0,0
CEDIS,679795083057,0,0,0
CEDIS,679795083071,0,0,0
CEDIS,679795083088,7,10,16
CEDIS,679795083095,0,0,0
CEDIS,679795083118,0,0,0
CEDIS,679795083231,0,0,0
CEDIS,679795083248,0,0,0
CEDIS,679795083279,1,2,3
CEDIS,679795083309,0,0,0
CEDIS,679795083330,2,3,5
CEDIS,679795083347,0,0,0
CEDIS,679795083378,1,2,3
CEDIS,679795083392,0,0,0
CEDIS,679795083460,0,0,0
CEDIS,679795083484,0,0,0
CEDIS,679795083491,0,0,0
CEDIS,679795083507,2,3,5
CEDIS,679795083668,0,0,0
CEDIS,679795083682,0,0,0
CEDIS,679795083699,0,0,0
CEDIS,679795083705,0,0,0
CEDIS,679795083736,0,0,0
CEDIS,679795083798,0,0,0
CEDIS,679795083828,0,0,0
CEDIS,679795083835,2,3,5
CEDIS,679795083842,1,2,3
CEDIS,679795083859,0,0,0
CEDIS,679795083866,0,0,0
CEDIS,679795083910,0,0,0
CEDIS,679795083941,0,0,0
CEDIS,679795083965,0,0,0
CEDIS,679795084078,0,0,0
CEDIS,679795084085,0,0,0
CEDIS,679795084092,0,0,0
CEDIS,679795084252,1,2,3
CEDIS,679795084443,0,0,0
CEDIS,679795084450,0,0,0
CEDIS,679795084733,0,0,0
CEDIS,689076177184,0,0,0
CEDIS,689076327190,1,2,3
CEDIS,689076362153,55,72,128
CEDIS,689076724531,5,8,13
CEDIS,689076961370,0,0,0
CEDIS,705105259505,0,0,0
CEDIS,705105259604,1,2,3
CEDIS,705105299372,14,21,35
CEDIS,713443081016,0,0,0
CEDIS,713443081023,1,2,3
CEDIS,713443082006,0,0,0
CEDIS,713443082020,0,0,0
CEDIS,713443083003,0,0,0
CEDIS,713443083010,0,0,0
CEDIS,713443084017,0,0,0
CEDIS,713443084024,0,0,0
CEDIS,713443084031,0,0,0
CEDIS,713443085007,0,0,0
CEDIS,713443085014,0,0,0
CEDIS,713443085021,0,0,0
CEDIS,713443085038,0,0,0
CEDIS,713443085045,0,0,0
CEDIS,713443086011,0,0,0
CEDIS,713443087001,0,0,0
CEDIS,718122801534,18,26,43
CEDIS,718122887019,0,0,0
CEDIS,718122899173,1,2,3
CEDIS,724373569512,0,0,0
CEDIS,724373569567,0,0,0
CEDIS,60748000359,0,0,0
CEDIS,724373569574,0,0,0
CEDIS,724373569598,0,0,0
CEDIS,724373569604,0,0,0
CEDIS,724373569642,0,0,0
CEDIS,724373569659,0,0,0
CEDIS,724373569666,0,0,0
CEDIS,724373569673,0,0,0
CEDIS,724373569703,0,0,0
CEDIS,724373569710,0,0,0
CEDIS,724373569727,0,0,0
CEDIS,726798307694,5,7,12
CEDIS,726798307700,27,36,63
CEDIS,726798307717,1,2,3
CEDIS,726798307724,0,0,0
CEDIS,726798307731,0,0,0
CEDIS,728028111422,0,0,0
CEDIS,728028111439,0,0,0
CEDIS,728028111446,0,0,0
CEDIS,728028111453,0,0,0
CEDIS,728028111460,0,0,0
CEDIS,728028111477,0,0,0
CEDIS,728028111491,0,0,0
CEDIS,728028151077,1,2,3
CEDIS,728028202595,0,0,0
CEDIS,728028202601,0,0,0
CEDIS,728028317626,0,0,0
CEDIS,728028317633,0,0,0
CEDIS,728028414912,0,0,0
CEDIS,728028414929,0,0,0
CEDIS,728028420340,0,0,0
CEDIS,728028435856,0,0,0
CEDIS,728028435870,0,0,0
CEDIS,728028455250,0,0,0
CEDIS,728028465525,0,0,0
CEDIS,728028465532,0,0,0
CEDIS,728028472547,0,0,0
CEDIS,728028472554,0,0,0
CEDIS,728028479775,0,0,0
CEDIS,728028479782,0,0,0
CEDIS,728028479799,0,0,0
CEDIS,728028479836,0,0,0
CEDIS,729208176651,0,0,0
CEDIS,732013250164,2,3,5
CEDIS,732013250171,0,0,0
CEDIS,732013250188,7,10,17
CEDIS,732013250195,2,3,5
CEDIS,732013301026,0,0,0
CEDIS,732013301040,0,0,0
CEDIS,732013301194,1,2,3
CEDIS,732013301323,2,3,4
CEDIS,732013301330,3,5,8
CEDIS,732013301347,0,0,0
CEDIS,732013301378,2,3,5
CEDIS,732013301385,0,0,0
CEDIS,732013301392,1,2,3
CEDIS,732013301415,4,6,10
CEDIS,732013301446,0,0,0
CEDIS,732013301453,0,0,0
CEDIS,732013301477,4,5,8
CEDIS,732013301507,0,0,0
CEDIS,732013301545,0,0,0
CEDIS,732013301552,0,0,0
CEDIS,732013301576,0,0,0
CEDIS,732013301583,0,0,0
CEDIS,732013301606,0,0,0
CEDIS,732013301613,2,3,5
CEDIS,732013301620,0,0,0
CEDIS,732013301651,0,0,0
CEDIS,732013301811,0,0,0
CEDIS,732013302092,0,0,0
CEDIS,732013302160,2,3,4
CEDIS,732013302481,0,0,0
CEDIS,732013302511,2,3,5
CEDIS,732013302689,0,0,0
CEDIS,732013302924,4,6,10
CEDIS,732013301569,0,0,0
CEDIS,732013303013,14,20,34
CEDIS,732013303037,2,4,6
CEDIS,732013301484,0,0,0
CEDIS,732013303051,9,14,23
CEDIS,732013301590,0,0,0
CEDIS,732013303068,3,5,8
CEDIS,736211029546,56,74,130
CEDIS,736211284860,37,51,87
CEDIS,736211778659,0,0,0
CEDIS,736211778758,2,3,5
CEDIS,736211876881,0,0,0
CEDIS,736211877086,0,0,0
CEDIS,736631276513,0,0,0
CEDIS,736631276568,0,0,0
CEDIS,736631276575,4,6,10
CEDIS,736631276605,2,3,5
CEDIS,736631276643,0,0,0
CEDIS,736631276650,1,2,3
CEDIS,736631276667,0,0,0
CEDIS,736631276704,1,2,3
CEDIS,736631276711,0,0,0
CEDIS,736631276728,2,4,6
CEDIS,736631276834,0,0,0
CEDIS,745853456740,0,0,0
CEDIS,745853456757,0,0,0
CEDIS,763331477117,0,0,0
CEDIS,767331152127,1,2,3
CEDIS,767332100531,1,2,3
CEDIS,767332108278,0,0,0
CEDIS,767332109008,0,0,0
CEDIS,767332109039,3,4,8
CEDIS,767332109046,6,9,15
CEDIS,767332109251,4,6,10
CEDIS,767332150055,0,0,0
CEDIS,767332150192,1,2,3
CEDIS,767332150482,0,0,0
CEDIS,767332150222,3,5,8
CEDIS,767332150239,0,0,0
CEDIS,767332152370,0,0,0
CEDIS,767332152691,2,4,6
CEDIS,767332152721,1,2,3
CEDIS,767332153483,7,10,17
CEDIS,767332154022,2,3,5
CEDIS,767332154060,0,1,1
CEDIS,767332154107,3,4,7
CEDIS,767332154268,3,5,8
CEDIS,767332154275,1,2,3
CEDIS,767332154282,1,2,3
CEDIS,767332154558,0,0,0
CEDIS,767332154572,2,3,5
CEDIS,767332601243,0,0,0
CEDIS,767332601335,3,4,7
CEDIS,767332603773,0,0,0
CEDIS,767332603797,0,0,0
CEDIS,767332603810,1,2,3
CEDIS,767332603827,2,3,5
CEDIS,767332603919,1,2,3
CEDIS,767332800943,0,0,0
CEDIS,767332802541,0,0,0
CEDIS,767332802565,1,2,3
CEDIS,767332802725,0,0,0
CEDIS,767332802824,0,0,0
CEDIS,767332802947,0,0,0
CEDIS,767332803142,0,0,0
CEDIS,767332805146,0,0,0
CEDIS,767332805757,1,2,3
CEDIS,767332806402,0,0,0
CEDIS,767332806419,0,0,0
CEDIS,767332806433,0,0,0
CEDIS,767332806914,0,0,0
CEDIS,767332807935,4,5,8
CEDIS,767332807980,1,2,4
CEDIS,767332808239,0,0,0
CEDIS,767332808246,0,0,0
CEDIS,767332808307,0,0,0
CEDIS,767332808314,0,0,0
CEDIS,767332808338,0,0,0
CEDIS,767332808734,0,0,0
CEDIS,767332808864,0,0,0
CEDIS,767332808895,0,0,0
CEDIS,767332808970,0,0,0
CEDIS,767332809328,0,0,0
CEDIS,767332809632,2,3,5
CEDIS,767332810751,4,6,10
CEDIS,767332810799,2,3,5
CEDIS,767332811246,0,0,0
CEDIS,767332811284,0,0,0
CEDIS,767332802312,0,0,0
CEDIS,767332811352,4,6,7
CEDIS,767332928340,0,0,0
CEDIS,767332928364,0,1,1
CEDIS,767332928425,1,2,3
CEDIS,767332928463,1,2,3
CEDIS,768455102822,0,0,0
CEDIS,768455106912,0,0,0
CEDIS,788492808274,0,0,0
CEDIS,788492808275,0,0,0
CEDIS,792105676159,0,0,0
CEDIS,794504050004,4,6,10
CEDIS,797698113333,12,18,32
CEDIS,797776088935,0,0,0
CEDIS,798190088006,0,0,0
CEDIS,798190088020,0,0,0
CEDIS,798190088044,0,0,0
CEDIS,799439039063,2,3,5
CEDIS,799439039070,4,6,10
CEDIS,810066503083,0,0,0
CEDIS,810066503106,0,0,0
CEDIS,810066503250,0,0,0
CEDIS,810168640563,5,8,12
CEDIS,810168640648,1,2,3
CEDIS,810168640730,1,2,3
CEDIS,810866010019,1,2,3
CEDIS,810866010026,0,0,0
CEDIS,810866010040,0,0,0
CEDIS,810866010088,1,2,3
CEDIS,810866010361,0,0,0
CEDIS,810866010408,0,0,0
CEDIS,810866010446,0,0,0
CEDIS,810866010514,0,0,0
CEDIS,810866010545,0,0,0
CEDIS,810866010576,15,20,35
CEDIS,810866010606,0,0,0
CEDIS,810866010699,0,0,0
CEDIS,810866010750,0,0,0
CEDIS,810866010798,1,2,3
CEDIS,810866011832,0,0,0
CEDIS,810866011931,0,0,0
CEDIS,810866012051,0,0,0
CEDIS,810866012822,1,2,3
CEDIS,810866014079,0,0,0
CEDIS,810866014345,0,0,0
CEDIS,810866015038,0,0,0
CEDIS,810866015052,0,0,0
CEDIS,810866015144,0,0,0
CEDIS,810866016103,0,0,0
CEDIS,810866016592,0,0,0
CEDIS,810866016653,0,0,0
CEDIS,810866017964,0,0,0
CEDIS,811390010469,0,0,0
CEDIS,811390010582,0,0,0
CEDIS,813419020145,0,0,0
CEDIS,813419020589,0,0,0
CEDIS,813419020602,0,0,0
CEDIS,813419021371,0,0,0
CEDIS,813419021388,0,0,0
CEDIS,813419021708,2,4,6
CEDIS,813419021715,1,2,3
CEDIS,813419021722,1,2,3
CEDIS,813419021739,0,0,0
CEDIS,813419022446,0,0,0
CEDIS,813419022453,0,0,0
CEDIS,813419022460,0,0,0
CEDIS,813419022477,0,0,0
CEDIS,813419023504,0,0,0
CEDIS,813419023535,0,0,0
CEDIS,813419023573,0,0,0
CEDIS,813419023610,0,0,0
CEDIS,813419023634,0,0,0
CEDIS,813419023887,4,6,9
CEDIS,813419023900,7,11,17
CEDIS,813419023924,0,0,0
CEDIS,813419023948,1,2,3
CEDIS,813419023962,0,0,0
CEDIS,813419024013,1,2,3
CEDIS,813419024044,3,4,7
CEDIS,813419026659,1,2,3
CEDIS,813419026673,5,7,12
CEDIS,813419026697,3,5,8
CEDIS,813419026710,5,7,12
CEDIS,813419026796,3,5,8
CEDIS,813419026987,0,0,0
CEDIS,813419027052,0,0,0
CEDIS,813419027090,2,3,5
CEDIS,813419027151,0,0,0
CEDIS,813419027212,2,3,5
CEDIS,813419027342,3,4,6
CEDIS,813419027366,34,46,78
CEDIS,813419027380,48,65,110
CEDIS,813419027403,3,5,7
CEDIS,813419027854,0,0,0
CEDIS,813419028134,6,9,15
CEDIS,813419028141,2,4,6
CEDIS,813419028158,4,6,10
CEDIS,813424022400,0,0,0
CEDIS,813424022493,0,0,0
CEDIS,813424022530,0,0,0
CEDIS,813424022707,0,0,0
CEDIS,816378020119,0,0,0
CEDIS,816378020126,3,5,8
CEDIS,816378020300,0,0,0
CEDIS,816378020485,0,0,0
CEDIS,816378020843,4,6,10
CEDIS,816378021345,0,0,0
CEDIS,816378021352,3,6,10
CEDIS,816378021383,7,11,18
CEDIS,816378021475,0,0,0
CEDIS,816378021512,0,0,0
CEDIS,816378021628,0,0,0
CEDIS,816378021895,0,0,0
CEDIS,816378022083,0,0,0
CEDIS,816378022090,0,0,0
CEDIS,816378022106,3,6,10
CEDIS,816378022113,6,8,14
CEDIS,816378022120,0,0,0
CEDIS,816378022137,0,0,0
CEDIS,816378022144,0,0,0
CEDIS,816378022151,0,0,0
CEDIS,816378022168,6,8,13
CEDIS,816378022175,5,8,13
CEDIS,816378022199,2,3,4
CEDIS,816378022458,0,0,0
CEDIS,816378022489,0,0,0
CEDIS,816378022830,1,4,5
CEDIS,816378020317,0,0,0
CEDIS,816378022991,10,15,22
CEDIS,816378023028,0,3,3
CEDIS,816378023035,0,2,2
CEDIS,816378023059,0,3,3
CEDIS,816378023066,0,3,3
CEDIS,820103542616,2,3,5
CEDIS,820103542678,0,0,0
CEDIS,827854001119,6,8,15
CEDIS,827854008002,1,2,3
CEDIS,827854009924,1,2,3
CEDIS,827854009931,1,2,3
CEDIS,827854010111,0,0,0
CEDIS,827854010210,0,0,0
CEDIS,827854021605,0,1,1
CEDIS,833753000023,0,0,0
CEDIS,850019136104,0,0,0
CEDIS,850019136111,0,0,0
CEDIS,850028616000,0,0,0
CEDIS,850028616017,0,0,0
CEDIS,850028616086,0,0,0
CEDIS,850028616147,4,7,11
CEDIS,850028616154,2,3,5
CEDIS,850036932222,0,0,0
CEDIS,850059717035,0,0,0
CEDIS,850320002086,0,0,0
CEDIS,850920002000,0,0,0
CEDIS,850920002017,0,0,0
CEDIS,850920002024,0,0,0
CEDIS,850920002031,0,0,0
CEDIS,850920002055,0,0,0
CEDIS,850920002062,0,0,0
CEDIS,850920002079,0,0,0
CEDIS,850920002116,0,0,0
CEDIS,850920002123,0,0,0
CEDIS,851857001012,0,0,0
CEDIS,851857001036,0,0,0
CEDIS,852681950200,4,5,8
CEDIS,852681950217,0,0,0
CEDIS,852681950316,0,0,0
CEDIS,852681950446,0,0,0
CEDIS,852681950477,1,2,3
CEDIS,852681950545,0,0,0
CEDIS,853206008246,0,0,0
CEDIS,853206008420,0,0,0
CEDIS,853206008628,1,2,3
CEDIS,853676003017,0,0,0
CEDIS,853676003031,0,0,0
CEDIS,853676003048,0,0,0
CEDIS,853676003055,0,0,0
CEDIS,853676003079,0,0,0
CEDIS,853676003093,0,0,0
CEDIS,853676003116,0,0,0
CEDIS,853676003208,0,0,0
CEDIS,853676003215,0,0,0
CEDIS,853676003222,0,0,0
CEDIS,853676003239,0,0,0
CEDIS,853676003246,0,0,0
CEDIS,853676003253,0,0,0
CEDIS,853676003260,0,0,0
CEDIS,853676003277,0,0,0
CEDIS,853676003284,0,0,0
CEDIS,853676003307,0,0,0
CEDIS,853676003321,0,0,0
CEDIS,853676003345,0,0,0
CEDIS,853676003352,0,0,0
CEDIS,853676003376,0,0,0
CEDIS,853676003383,0,0,0
CEDIS,853676003390,0,0,0
CEDIS,853676003406,0,0,0
CEDIS,853676003413,0,0,0
CEDIS,853676003420,0,0,0
CEDIS,853676003451,0,0,0
CEDIS,853676003468,0,0,0
CEDIS,853676003482,0,0,0
CEDIS,853676003529,0,0,0
CEDIS,853676003543,0,0,0
CEDIS,854049002057,0,0,0
CEDIS,854049002095,0,0,0
CEDIS,854049002118,0,0,0
CEDIS,854049002323,0,0,0
CEDIS,854763005938,3,5,8
CEDIS,856901008207,0,0,0
CEDIS,856901008221,0,0,0
CEDIS,856901008306,0,0,0
CEDIS,856901008429,0,0,0
CEDIS,856901008436,0,0,0
CEDIS,857376000406,3,5,8
CEDIS,881314134144,12,18,30
CEDIS,883140000778,9,13,21
CEDIS,891671002062,0,0,0
CEDIS,3031500000280,12,17,30
CEDIS,3031500311089,0,0,0
CEDIS,3031500311423,15,21,36
CEDIS,3031500311591,0,0,0
CEDIS,3031500311607,5,8,13
CEDIS,3031500311614,3,5,8
CEDIS,3031500311621,1,2,3
CEDIS,3031500311652,0,0,0
CEDIS,3264680002939,0,0,0
CEDIS,3264680003349,0,0,0
CEDIS,3264680003356,0,0,0
CEDIS,3264680003561,0,0,0
CEDIS,3264680003578,0,0,0
CEDIS,3264680003592,0,0,0
CEDIS,3264680004063,2,4,6
CEDIS,3264680004117,4,7,11
CEDIS,3264680004285,0,0,0
CEDIS,3264680004292,0,0,0
CEDIS,3264680004308,0,0,0
CEDIS,3264680004315,0,0,0
CEDIS,3264680004452,0,0,0
CEDIS,3264680005114,0,0,0
CEDIS,3264680005138,0,0,0
CEDIS,3264680005145,0,0,0
CEDIS,3264680005152,0,0,0
CEDIS,3264680005183,0,0,0
CEDIS,3264680005190,0,0,0
CEDIS,3264680005305,0,0,0
CEDIS,3264680005381,0,0,0
CEDIS,3264680005848,0,0,0
CEDIS,3264680005879,3,4,7
CEDIS,3264680006999,0,0,0
CEDIS,3264680007002,0,0,0
CEDIS,3264680007019,1,2,3
CEDIS,3264680007569,0,0,0
CEDIS,3264680007606,0,0,0
CEDIS,3264680008313,0,0,0
CEDIS,3264680008726,0,0,0
CEDIS,3264680009297,0,0,0
CEDIS,3264680009488,0,0,0
CEDIS,3264680009754,2,3,5
CEDIS,3264680009761,0,0,0
CEDIS,3264680009785,1,2,3
CEDIS,3264680010446,2,3,5
CEDIS,3264680010941,0,0,0
CEDIS,3264680012273,0,0,0
CEDIS,3264680012297,0,0,0
CEDIS,3264680012334,0,0,0
CEDIS,3264680012426,0,0,0
CEDIS,3264680012433,0,0,0
CEDIS,3264680012525,0,0,0
CEDIS,3264680013034,0,0,0
CEDIS,3264680015113,0,0,0
CEDIS,3264680015809,0,0,0
CEDIS,3264680015823,0,0,0
CEDIS,3264680015830,4,6,10
CEDIS,3264680015854,1,2,3
CEDIS,3264680015861,5,8,13
CEDIS,3264680015946,2,3,5
CEDIS,3264680015960,0,0,0
CEDIS,3264680016004,0,0,0
CEDIS,3264680016011,0,0,0
CEDIS,3264680016028,0,0,0
CEDIS,3264680016080,0,0,0
CEDIS,3264680016516,0,0,0
CEDIS,3264680016547,0,0,0
CEDIS,3264680016554,0,0,0
CEDIS,3264680021978,0,0,0
CEDIS,3264680022043,4,6,10
CEDIS,3264680022074,6,9,15
CEDIS,3264680022098,2,3,5
CEDIS,3264680022111,7,10,17
CEDIS,3264680022166,0,0,0
CEDIS,3264680023033,0,0,0
CEDIS,3264680023057,0,0,0
CEDIS,3264680023101,0,0,0
CEDIS,3264680023149,0,0,0
CEDIS,3264680023248,0,0,0
CEDIS,3264680023323,7,11,19
CEDIS,3264680023590,0,0,0
CEDIS,3264680023910,0,0,0
CEDIS,3264680024016,0,0,0
CEDIS,3264680024757,0,0,0
CEDIS,3264680024771,4,6,10
CEDIS,3264680024818,4,6,10
CEDIS,3264680024993,0,0,0
CEDIS,3264680026089,7,10,17
CEDIS,3264680026270,1,2,3
CEDIS,3264680027178,0,0,0
CEDIS,3264680027901,0,0,0
CEDIS,3264680027932,2,3,5
CEDIS,3264680028014,2,3,5
CEDIS,3264680032578,3,5,8
CEDIS,3264680032608,1,2,3
CEDIS,3264680034503,5,7,12
CEDIS,3264680034534,3,5,8
CEDIS,3264680034664,0,2,2
CEDIS,3264680034695,0,2,2
CEDIS,3264680037023,0,0,0
CEDIS,3264680038334,0,0,0
CEDIS,3264680039881,0,2,2
CEDIS,3264680039942,2,5,7
CEDIS,3264680014857,0,0,0
CEDIS,3264680039980,10,14,24
CEDIS,3264680014871,0,0,0
CEDIS,3264680041938,3,5,8
CEDIS,3264680014888,0,0,0
CEDIS,3264680041945,10,14,25
CEDIS,3264680043529,1,3,4
CEDIS,3264680044311,2,4,6
CEDIS,3264680044717,1,2,3
CEDIS,3282770021516,0,0,0
CEDIS,3282770030068,0,0,0
CEDIS,3282770035483,0,0,0
CEDIS,3282770037159,1,2,3
CEDIS,3282770037166,0,0,0
CEDIS,3282770037524,0,0,0
CEDIS,3282770037678,0,0,0
CEDIS,3282770038521,0,0,0
CEDIS,3282770038842,0,0,0
CEDIS,3282770044065,10,15,26
CEDIS,3282770049312,0,0,0
CEDIS,3282770049336,0,0,0
CEDIS,3282770049350,0,0,0
CEDIS,3282770049381,0,0,0
CEDIS,3282770049527,5,8,13
CEDIS,3282770055108,1,2,3
CEDIS,3282770072365,0,0,0
CEDIS,3282770072655,11,16,26
CEDIS,3282770073065,0,0,0
CEDIS,3282770073126,7,11,18
CEDIS,3282770073249,10,16,26
CEDIS,3282770073355,0,0,0
CEDIS,3282770073577,25,35,60
CEDIS,3282770074239,2,3,5
CEDIS,3282770074628,11,18,30
CEDIS,3282770074635,3,5,8
CEDIS,3282770074727,0,0,0
CEDIS,3282770074741,0,0,0
CEDIS,3282770074758,0,0,0
CEDIS,3282770075533,0,0,0
CEDIS,3282770075540,2,3,5
CEDIS,3282770075687,0,0,0
CEDIS,3282770075724,19,28,47
CEDIS,3282770100273,0,0,0
CEDIS,3282770100877,0,0,0
CEDIS,3282770101652,0,0,0
CEDIS,3282770101669,0,0,0
CEDIS,3282770104783,6,9,15
CEDIS,3282770104950,7,11,17
CEDIS,3282770106916,0,0,0
CEDIS,3282770108453,4,6,10
CEDIS,3282770108460,0,0,0
CEDIS,3282770109146,5,8,13
CEDIS,3282770110753,0,0,0
CEDIS,3282770114096,0,0,0
CEDIS,3282770114171,9,14,24
CEDIS,3282770114195,16,23,39
CEDIS,3282770114829,0,0,0
CEDIS,3282770114874,0,0,0
CEDIS,3282770139167,14,18,32
CEDIS,3282770139181,2,3,5
CEDIS,3282770139204,0,0,0
CEDIS,3282770139228,2,3,5
CEDIS,3282776382109,0,0,0
CEDIS,3282770140453,68,88,88
CEDIS,3282770141214,32,43,73
CEDIS,3282779368612,0,0,0
CEDIS,3282770141320,17,21,21
CEDIS,3282770141467,4,6,9
CEDIS,3282770141948,2,3,5
CEDIS,3282770143409,0,0,0
CEDIS,3282770143935,29,39,68
CEDIS,3282770143942,1,2,3
CEDIS,3282770144376,4,6,10
CEDIS,3282770144413,12,17,29
CEDIS,3282770144970,0,0,0
CEDIS,3282770145175,2,3,5
CEDIS,3282770146394,12,17,29
CEDIS,3282770146677,1,2,3
CEDIS,3282770146691,9,13,22
CEDIS,3282770146790,0,0,0
CEDIS,3282770148763,3,4,7
CEDIS,3282770149074,4,7,11
CEDIS,3282770149111,11,16,26
CEDIS,3282770149494,12,17,28
CEDIS,3282770149524,18,26,44
CEDIS,3282770149548,23,32,55
CEDIS,3282770149562,14,20,34
CEDIS,3282770149678,7,12,19
CEDIS,3282770149814,4,6,10
CEDIS,3282770152371,0,0,0
CEDIS,3282770152456,0,0,0
CEDIS,3282770152555,0,0,0
CEDIS,3282770152999,6,10,16
CEDIS,3282770153026,0,0,0
CEDIS,3282770153101,17,25,43
CEDIS,3282770153170,16,22,39
CEDIS,3282770153200,6,9,15
CEDIS,3282770153217,10,15,25
CEDIS,3282770153255,5,8,13
CEDIS,3282770153477,10,14,25
CEDIS,3282770153484,9,14,24
CEDIS,3282770153507,35,48,83
CEDIS,3282770154085,0,0,0
CEDIS,3282770155105,3,5,8
CEDIS,3282770152395,0,0,0
CEDIS,3282770155112,7,10,14
CEDIS,3282770155174,0,0,0
CEDIS,3282770200478,5,8,14
CEDIS,3282770200515,8,12,20
CEDIS,3282770200553,10,15,24
CEDIS,3282770200591,5,8,13
CEDIS,3282770201727,0,0,0
CEDIS,3282770202144,0,0,0
CEDIS,3282770202854,33,45,78
CEDIS,3282770205589,0,0,0
CEDIS,3282770205633,5,8,13
CEDIS,3282770205671,0,0,0
CEDIS,3282770205879,0,0,0
CEDIS,3282770207187,28,38,64
CEDIS,3282770207217,22,30,51
CEDIS,3282770207651,26,38,65
CEDIS,3282770207675,2,3,5
CEDIS,3282770207699,31,43,73
CEDIS,3282770207774,57,72,130
CEDIS,3282770208214,0,0,0
CEDIS,3282770208245,0,0,0
CEDIS,3282770209440,0,0,0
CEDIS,3282770209648,6,10,16
CEDIS,3282770388480,5,8,14
CEDIS,3282770388596,6,10,16
CEDIS,3282770388664,12,17,29
CEDIS,3282770388855,34,44,78
CEDIS,3282770388886,2,3,5
CEDIS,3282770388916,4,6,11
CEDIS,3282770389197,24,34,58
CEDIS,3282770389234,5,8,13
CEDIS,3282770389272,4,6,10
CEDIS,3282770389333,8,11,18
CEDIS,3282770389593,3,5,8
CEDIS,3282770390063,2,3,5
CEDIS,3282770390070,3,4,7
CEDIS,3282770390179,0,0,0
CEDIS,3282770390315,2,3,5
CEDIS,3282770390469,12,18,30
CEDIS,3282770390513,0,0,0
CEDIS,3282770391008,9,14,23
CEDIS,3282779487634,0,0,0
CEDIS,3282770391251,13,20,33
CEDIS,3282770391435,3,4,7
CEDIS,3282770391442,3,5,8
CEDIS,3282770391466,11,16,27
CEDIS,3282770391794,0,0,0
CEDIS,3282770392371,21,29,49
CEDIS,3282770392401,6,9,16
CEDIS,3282770392654,32,44,74
CEDIS,3282770392692,25,35,58
CEDIS,3282770393477,18,26,44
CEDIS,3282770393507,10,14,23
CEDIS,3282770393583,4,6,9
CEDIS,3282770393712,4,9,12
CEDIS,3282770393842,0,0,0
CEDIS,3282770393859,5,8,13
CEDIS,3282770393989,17,25,40
CEDIS,3282770394870,30,42,71
CEDIS,3282779392549,0,0,0
CEDIS,3282770394948,10,15,25
CEDIS,3282770395365,12,17,28
CEDIS,3282776456428,0,0,0
CEDIS,3282770396317,0,0,0
CEDIS,3282776432392,0,0,0
CEDIS,3282770396331,22,31,53
CEDIS,3282779277457,0,0,0
CEDIS,3282770396423,5,8,13
CEDIS,3282776161650,0,0,0
CEDIS,3282770396508,4,6,10
CEDIS,3282770396881,9,14,23
CEDIS,3282770397024,11,17,27
CEDIS,3282770049510,0,0,0
CEDIS,3282770397079,46,59,102
CEDIS,3282776170676,0,0,0
CEDIS,3282770397291,8,13,21
CEDIS,3282770397666,7,10,16
CEDIS,3282770019919,0,0,0
CEDIS,3282770398021,49,63,112
CEDIS,3282770075526,0,0,0
CEDIS,3282770398151,39,50,80
CEDIS,3282779075534,0,0,0
CEDIS,3282770398168,11,18,28
CEDIS,3282779073684,0,0,0
CEDIS,3282770398199,5,7,12
CEDIS,3282770104684,0,0,0
CEDIS,3282770398472,11,16,17
CEDIS,3282771057385,0,0,0
CEDIS,3282770398625,5,7,12
CEDIS,3282770073706,0,0,0
CEDIS,3282770398632,24,33,57
CEDIS,3282770398700,2,6,8
CEDIS,3282770074468,0,0,0
CEDIS,3282770399264,11,16,26
CEDIS,3282770464283,0,0,0
CEDIS,3282770905076,9,13,22
CEDIS,3282770905090,0,0,0
CEDIS,3282770956788,48,64,112
CEDIS,3282770959888,0,0,0
CEDIS,3282771032894,0,0,0
CEDIS,3282771044217,0,0,0
CEDIS,3282771052809,0,0,0
CEDIS,3282771057392,18,26,44
CEDIS,3282771196350,0,0,0
CEDIS,3282772992456,0,0,0
CEDIS,3282776071157,4,7,11
CEDIS,3282776083167,0,0,0
CEDIS,3282776083198,0,0,0
CEDIS,3282776088209,16,23,38
CEDIS,3282776108495,0,0,0
CEDIS,3282776108549,0,0,0
CEDIS,3282776114168,0,0,0
CEDIS,3282776126178,4,7,11
CEDIS,3282776141454,0,0,0
CEDIS,3282776161896,0,0,0
CEDIS,3282776162275,0,0,0
CEDIS,3282776183003,0,0,0
CEDIS,3282776367045,23,32,54
CEDIS,3282776367410,0,0,0
CEDIS,3282776385421,22,32,54
CEDIS,3282776397103,2,3,5
CEDIS,3282776432026,15,22,37
CEDIS,3282776438295,0,0,0
CEDIS,3282776465369,0,0,0
CEDIS,3282776478307,0,0,0
CEDIS,3282779003124,23,33,55
CEDIS,3282779003131,40,54,95
CEDIS,3282770153002,0,0,0
CEDIS,3282779028806,26,36,36
CEDIS,3282779035576,35,48,83
CEDIS,3282779041966,0,0,0
CEDIS,3282779254878,0,0,0
CEDIS,3282779275699,0,0,0
CEDIS,3282779276115,0,0,0
CEDIS,3282779280198,0,0,0
CEDIS,3282779285216,6,10,16
CEDIS,3282779285889,0,0,0
CEDIS,3282779293440,6,9,15
CEDIS,3282779310529,0,0,0
CEDIS,3282779327480,0,0,0
CEDIS,3282779347587,0,0,0
CEDIS,3282779347631,0,0,0
CEDIS,3282779348850,0,0,0
CEDIS,3282779350679,0,0,0
CEDIS,3282779352369,10,14,23
CEDIS,3282779353519,0,0,0
CEDIS,3282779353526,0,0,0
CEDIS,3282779353632,0,0,0
CEDIS,3282779353656,0,0,0
CEDIS,3282779353687,0,0,0
CEDIS,3282779353724,0,0,0
CEDIS,3282779354004,0,0,0
CEDIS,3282779354585,0,0,0
CEDIS,3282779363211,0,0,0
CEDIS,3282779365857,0,0,0
CEDIS,3282779370400,0,0,0
CEDIS,3282779370417,0,0,0
CEDIS,3282779370424,0,0,0
CEDIS,3282779373722,0,0,0
CEDIS,3282779376570,0,0,0
CEDIS,3282779380706,0,0,0
CEDIS,3282779380829,0,0,0
CEDIS,3282779385121,0,0,0
CEDIS,3282779385138,0,0,0
CEDIS,3282779385374,0,0,0
CEDIS,3282779390064,0,0,0
CEDIS,3282779391023,0,0,0
CEDIS,3282779391306,0,0,0
CEDIS,3282779391320,0,0,0
CEDIS,3282779391580,40,41,81
CEDIS,3282779399661,0,0,0
CEDIS,3282779400534,0,0,0
CEDIS,3282779405485,2,4,7
CEDIS,3282779405553,5,8,13
CEDIS,3282779420884,0,0,0
CEDIS,3282779421577,0,0,0
CEDIS,3282779401531,0,0,0
CEDIS,3282779430883,0,0,0
CEDIS,3282779370929,0,0,0
CEDIS,3282779433587,0,0,0
CEDIS,3282779448802,0,0,0
CEDIS,3282779522656,3,4,6
CEDIS,3282779522670,0,0,0
CEDIS,3282779562003,0,0,0
CEDIS,3282779562041,0,0,0
CEDIS,3282779562072,0,0,0
CEDIS,3282779562102,0,0,0
CEDIS,3337871308612,1,2,3
CEDIS,3337871310455,0,0,0
CEDIS,3337871311292,24,35,59
CEDIS,3337871311582,0,0,0
CEDIS,3337871316594,5,8,13
CEDIS,3337871316600,14,21,35
CEDIS,3337871316617,8,12,20
CEDIS,3337871316624,6,9,15
CEDIS,3337871316631,0,0,0
CEDIS,3337871317768,0,0,0
CEDIS,3337871318888,0,0,0
CEDIS,3337871320300,6,10,15
CEDIS,3337871320324,13,20,33
CEDIS,3337871320362,5,8,13
CEDIS,3337871321963,2,3,5
CEDIS,3337871322502,1,2,4
CEDIS,3337871322571,1,2,3
CEDIS,3337871322595,0,0,0
CEDIS,3337871322694,11,16,27
CEDIS,3337871323332,4,7,11
CEDIS,3337871323622,5,9,14
CEDIS,3337871323639,4,6,9
CEDIS,3337871323806,0,0,0
CEDIS,3337871324001,13,19,33
CEDIS,3337871324131,0,0,0
CEDIS,3337871324599,7,12,19
CEDIS,3337871324759,0,0,0
CEDIS,3337871324773,0,0,0
CEDIS,3337871325305,0,0,0
CEDIS,3337871325329,0,0,0
CEDIS,3337871325596,0,0,0
CEDIS,3337871325671,0,0,0
CEDIS,3337871325787,8,12,20
CEDIS,3337871328795,2,3,5
CEDIS,3337871330262,8,13,22
CEDIS,3337871330286,14,20,34
CEDIS,3337871331290,19,27,46
CEDIS,3337871331405,0,0,0
CEDIS,3337871332297,3,6,9
CEDIS,3337871332303,6,9,15
CEDIS,3337871332310,5,8,13
CEDIS,3337871332327,4,7,12
CEDIS,3337871332334,0,0,0
CEDIS,3337872411052,0,0,0
CEDIS,3337872411083,8,12,20
CEDIS,3337872411793,0,0,0
CEDIS,3337872411816,0,0,0
CEDIS,3337872411991,54,71,126
CEDIS,3337872412042,1,2,4
CEDIS,3337872412059,1,2,3
CEDIS,3337872412066,0,0,0
CEDIS,3337872412318,0,0,0
CEDIS,3337872412516,2,3,5
CEDIS,3337872412615,0,0,0
CEDIS,3337872412677,0,0,0
CEDIS,3337872412967,0,0,0
CEDIS,3337872413025,25,36,61
CEDIS,3337872413414,0,0,0
CEDIS,3337872413704,3,5,8
CEDIS,3337872413728,5,8,13
CEDIS,3337872413735,5,8,13
CEDIS,3337872413971,0,0,0
CEDIS,3337872414039,4,7,11
CEDIS,3337872414145,5,9,14
CEDIS,3337872414152,3,5,8
CEDIS,3337872418785,3,5,8
CEDIS,3337872418815,0,0,0
CEDIS,3337872419904,0,0,0
CEDIS,3337872420153,4,6,9
CEDIS,3337872420207,0,0,0
CEDIS,3337872420597,3,5,8
CEDIS,3337875419802,5,9,14
CEDIS,3337875492799,5,7,11
CEDIS,3337875517614,0,0,0
CEDIS,3337875518598,0,0,0
CEDIS,3337875525930,0,0,0
CEDIS,3337875525947,0,0,0
CEDIS,3337875533317,0,0,0
CEDIS,3337875537308,2,3,5
CEDIS,3337875537315,7,12,19
CEDIS,3337875543248,32,45,78
CEDIS,3337875545891,49,65,114
CEDIS,3337875546409,45,60,106
CEDIS,3337875549493,11,17,29
CEDIS,3337875549530,36,48,84
CEDIS,3337875558037,0,0,0
CEDIS,3337875560931,0,0,0
CEDIS,3337875561761,3,5,8
CEDIS,3337875563031,6,10,16
CEDIS,3337875563048,3,5,8
CEDIS,3337875563055,2,4,7
CEDIS,3337875563062,0,0,0
CEDIS,3337875566254,0,0,0
CEDIS,3337875566742,0,0,0
CEDIS,3337875572378,4,7,11
CEDIS,3337875572590,0,0,0
CEDIS,3337875574358,7,11,18
CEDIS,3337875574372,1,2,3
CEDIS,3337875578486,8,12,20
CEDIS,3337875585231,2,3,5
CEDIS,3337875585750,1,2,3
CEDIS,3337875586269,6,10,16
CEDIS,3337875588942,0,0,0
CEDIS,3337875588973,0,0,0
CEDIS,3337875594516,2,3,5
CEDIS,3337875596763,8,12,20
CEDIS,3337875597180,8,13,21
CEDIS,3337875597197,20,29,50
CEDIS,3337875597203,0,0,0
CEDIS,3337875597210,10,16,26
CEDIS,3337875597272,35,49,84
CEDIS,3337875597296,3,5,8
CEDIS,3337875597333,11,16,27
CEDIS,3337875597357,39,53,93
CEDIS,3337875597371,11,16,28
CEDIS,3337875597388,27,38,66
CEDIS,3337875597395,20,28,49
CEDIS,3337875597449,18,25,42
CEDIS,3337875598996,13,20,34
CEDIS,3337875607254,7,11,18
CEDIS,3337875609418,0,0,0
CEDIS,3337875613491,3,5,8
CEDIS,3337875613668,5,8,13
CEDIS,3337875632676,1,2,3
CEDIS,3337875641517,0,0,0
CEDIS,3337875641524,0,0,0
CEDIS,3337875641937,0,0,0
CEDIS,3337875641944,0,0,0
CEDIS,3337875641951,0,0,0
CEDIS,3337875647212,1,2,3
CEDIS,3337875650786,1,2,3
CEDIS,3337875656764,3,5,8
CEDIS,3337875660549,5,8,13
CEDIS,3337875660617,10,14,24
CEDIS,3337875663076,3,5,8
CEDIS,3337875663083,11,17,29
CEDIS,3337875674409,1,2,4
CEDIS,3337875674454,0,0,0
CEDIS,3337875674928,0,0,0
CEDIS,3337875683739,1,2,3
CEDIS,3337875684095,9,14,23
CEDIS,3337875684101,20,28,49
CEDIS,3337875684118,2,4,6
CEDIS,3337875684491,0,0,0
CEDIS,3337875693820,3,5,8
CEDIS,3337875694469,19,26,45
CEDIS,3337875695145,2,3,5
CEDIS,3337875695152,0,0,0
CEDIS,3337875695176,3,5,8
CEDIS,3337875695206,0,0,0
CEDIS,3337875696548,15,23,40
CEDIS,3337875696579,0,0,0
CEDIS,3337875696838,2,3,5
CEDIS,3337875702478,4,7,11
CEDIS,3337875703413,0,0,0
CEDIS,3337875706667,0,0,0
CEDIS,3337875706674,0,0,0
CEDIS,3337875706681,0,0,0
CEDIS,3337875706698,0,0,0
CEDIS,3337875706704,0,0,0
CEDIS,3337875708289,19,27,45
CEDIS,3337875711098,0,0,0
CEDIS,3337875719209,5,9,14
CEDIS,3337875722827,28,38,67
CEDIS,3337875725897,0,0,0
CEDIS,3337875729864,0,0,0
CEDIS,3337875731638,0,0,0
CEDIS,3337875734905,32,43,78
CEDIS,3337875735742,2,3,5
CEDIS,3337875742511,1,2,3
CEDIS,3337875743556,2,3,5
CEDIS,3337875743563,7,11,18
CEDIS,3337875746250,0,0,0
CEDIS,3337875746267,6,9,15
CEDIS,3337875757515,10,16,27
CEDIS,3337875757614,0,0,0
CEDIS,3337875757669,24,34,57
CEDIS,3337875760201,2,3,5
CEDIS,3337875761031,7,12,20
CEDIS,3337875761123,7,11,18
CEDIS,3337875762250,1,2,3
CEDIS,3337875762298,6,9,15
CEDIS,3337875762908,16,23,39
CEDIS,3337875763790,3,5,8
CEDIS,3337875764353,14,21,36
CEDIS,3337875773430,5,9,14
CEDIS,3337875773447,8,13,21
CEDIS,3337875773980,4,6,10
CEDIS,3337875774017,3,5,7
CEDIS,3337875774031,6,10,16
CEDIS,3337875774086,2,3,5
CEDIS,3337875774123,4,7,10
CEDIS,3337875777797,28,39,67
CEDIS,3337875782357,5,9,14
CEDIS,3337875784054,25,34,59
CEDIS,3337875787222,1,2,3
CEDIS,3337875791984,4,7,11
CEDIS,3337875795265,4,7,11
CEDIS,3337875795456,3,5,7
CEDIS,3337875796583,11,17,28
CEDIS,3337875797399,0,0,0
CEDIS,3337875797467,2,3,5
CEDIS,3337875797597,21,31,52
CEDIS,3337875797641,10,15,25
CEDIS,3337875797689,8,13,21
CEDIS,3337875797719,7,11,18
CEDIS,3337875797764,0,0,0
CEDIS,3337875803786,5,8,13
CEDIS,3337875806923,3,5,8
CEDIS,3337875807043,12,17,29
CEDIS,3337875816809,56,75,132
CEDIS,3337875821636,4,6,11
CEDIS,3337875824033,4,6,10
CEDIS,3337875829007,13,19,32
CEDIS,3337875831888,34,47,82
CEDIS,3337875832724,5,8,14
CEDIS,3337875837149,8,11,18
CEDIS,3337875840620,16,24,40
CEDIS,3337875847087,13,19,32
CEDIS,3337875847292,38,51,87
CEDIS,3337875847353,1,2,3
CEDIS,3337875848473,8,13,20
CEDIS,3337875849326,4,7,11
CEDIS,3337875852302,7,11,18
CEDIS,3337875852333,0,0,0
CEDIS,3337875862097,1,2,3
CEDIS,3337875863377,28,39,67
CEDIS,3337875863964,0,0,0
CEDIS,3337872412325,0,0,0
CEDIS,3337875863988,0,0,0
CEDIS,3337875864367,7,11,18
CEDIS,3337875873048,5,9,14
CEDIS,3337875873086,4,6,10
CEDIS,3337875876407,2,3,5
CEDIS,3337875882736,1,2,3
CEDIS,3337875886024,1,2,3
CEDIS,3337875886055,2,4,6
CEDIS,3337875886307,2,4,6
CEDIS,3337875888097,3,5,8
CEDIS,3337875845489,0,0,0
CEDIS,3337875888851,4,6,9
CEDIS,3337875888899,3,5,8
CEDIS,3606000435087,0,0,0
CEDIS,3337875889988,4,6,10
CEDIS,3337875890021,54,73,129
CEDIS,3337875890069,12,18,31
CEDIS,3337872414176,0,0,0
CEDIS,3337875890113,10,16,27
CEDIS,3337875892872,4,6,10
CEDIS,3337875894104,15,23,38
CEDIS,3337875894333,3,5,8
CEDIS,3337875894388,0,0,0
CEDIS,3337875895781,3,5,8
CEDIS,3337875896443,0,0,0
CEDIS,3337875898485,11,17,28
CEDIS,3337875898584,3,5,8
CEDIS,3337875899550,0,0,0
CEDIS,3337875901420,4,6,9
CEDIS,3337875903509,0,0,0
CEDIS,3337875904292,1,2,3
CEDIS,3337875905626,1,3,4
CEDIS,3337875660570,0,0,0
CEDIS,3337875909235,25,35,59
CEDIS,3337875909525,20,29,48
CEDIS,3433422407268,0,0,0
CEDIS,3337875911184,2,4,5
CEDIS,3337875912600,9,14,23
CEDIS,3337875916998,3,5,7
CEDIS,3337875917407,3,5,8
CEDIS,3337875917810,3,5,8
CEDIS,3337875917919,1,5,6
CEDIS,3337875918534,0,0,0
CEDIS,3337875583626,0,0,0
CEDIS,3337875920582,41,46,46
CEDIS,3337875583589,0,0,0
CEDIS,3337875920698,2,5,5
CEDIS,3337875920728,0,1,1
CEDIS,3337875920742,26,38,61
CEDIS,3337875920971,0,0,0
CEDIS,3337875923866,1,4,5
CEDIS,3337875924887,3,5,8
CEDIS,3337875925358,1,5,6
CEDIS,3337875932080,1,3,4
CEDIS,3338221002402,2,3,5
CEDIS,3338221002426,0,0,0
CEDIS,3338221002440,0,0,0
CEDIS,3338221002501,1,2,3
CEDIS,3338221002525,2,3,5
CEDIS,3338221002549,2,3,5
CEDIS,3338221002587,0,0,0
CEDIS,3338221002600,0,0,0
CEDIS,3338221002648,0,0,0
CEDIS,3338221002662,0,0,0
CEDIS,3372290000150,4,6,10
CEDIS,3372290000259,2,3,5
CEDIS,3372290000266,0,0,0
CEDIS,3372290000280,2,3,5
CEDIS,3372290000297,6,9,15
CEDIS,3372290000570,2,3,5
CEDIS,3372290000587,2,3,5
CEDIS,3372290000594,2,4,6
CEDIS,3372290000600,1,2,3
CEDIS,3372290000617,1,2,3
CEDIS,3372290000624,0,0,0
CEDIS,3372290000686,9,13,22
CEDIS,3372290000792,1,2,3
CEDIS,3372290000853,2,4,6
CEDIS,3372290138020,0,0,0
CEDIS,3372290000877,3,5,9
CEDIS,3372290111924,0,0,0
CEDIS,3372290000884,1,2,4
CEDIS,3372290000891,7,11,18
CEDIS,3372290000952,4,6,9
CEDIS,3372290111825,0,0,0
CEDIS,3372290001249,1,2,3
CEDIS,3372290001263,1,2,3
CEDIS,3372290001270,2,4,6
CEDIS,3372290001287,2,4,6
CEDIS,3372290001324,1,3,4
CEDIS,3372290001331,0,2,2
CEDIS,3372290128120,0,0,0
CEDIS,3372290001454,3,5,8
CEDIS,3372290001508,4,7,11
CEDIS,3372290110729,0,0,0
CEDIS,3372290001522,4,7,11
CEDIS,3372290001539,0,0,0
CEDIS,3372290001546,2,3,5
CEDIS,3372290001836,0,0,0
CEDIS,3372290001843,2,3,5
CEDIS,3372290114529,0,0,0
CEDIS,3372290120421,0,0,0
CEDIS,3372290121220,0,0,0
CEDIS,3372290121725,5,8,13
CEDIS,3372290122722,4,6,10
CEDIS,3372290123026,12,18,31
CEDIS,3372290124122,1,2,3
CEDIS,3372290125020,3,4,7
CEDIS,3372290125136,2,3,5
CEDIS,3372290126829,1,2,3
CEDIS,3372290131526,4,6,9
CEDIS,3372290140320,0,0,0
CEDIS,3372290000679,0,0,0
CEDIS,3372290143123,6,8,14
CEDIS,3372290143222,12,17,28
CEDIS,3372290180128,1,2,3
CEDIS,3372290180227,2,3,5
CEDIS,3372290180326,15,22,36
CEDIS,3372290180425,23,31,54
CEDIS,3372290180524,9,15,24
CEDIS,3372290180623,19,28,46
CEDIS,3372290180722,3,5,8
CEDIS,3372290180821,24,34,57
CEDIS,3372290180920,13,20,33
CEDIS,3372290181026,16,23,38
CEDIS,3372290181125,13,18,31
CEDIS,3372290510222,0,0,0
CEDIS,3372293123023,0,0,0
CEDIS,3401060256340,14,20,34
CEDIS,3401162659230,2,3,6
CEDIS,3401320283277,11,17,28
CEDIS,3401320543654,0,0,0
CEDIS,3401320651854,0,0,0
CEDIS,3401320851308,0,0,0
CEDIS,3401321207487,0,0,0
CEDIS,3401321229601,0,0,0
CEDIS,3401321544346,0,0,0
CEDIS,3401325006437,0,0,0
CEDIS,3401325006444,0,0,0
CEDIS,3401325787084,0,0,0
CEDIS,3401329447809,27,38,66
CEDIS,3401329552237,0,0,0
CEDIS,3401340767733,0,0,0
CEDIS,3401341097686,0,0,0
CEDIS,3401341249344,0,0,0
CEDIS,3401342897186,0,0,0
CEDIS,3401343613730,0,0,0
CEDIS,3401344502149,0,0,0
CEDIS,3401344502200,0,0,0
CEDIS,3701129805060,0,0,0
CEDIS,3401344957253,1,2,3
CEDIS,3401345935571,23,32,56
CEDIS,3401346462885,5,8,13
CEDIS,3401346673335,7,11,19
CEDIS,3401347869775,22,31,53
CEDIS,3401348573060,2,4,6
CEDIS,3401348840421,39,53,94
CEDIS,3401351478482,0,0,0
CEDIS,3401352000408,0,0,0
CEDIS,3401352000637,0,0,0
CEDIS,3401353695146,2,3,5
CEDIS,3401353704343,0,0,0
CEDIS,3401353725164,1,2,3
CEDIS,3401353725393,3,4,8
CEDIS,3401353790797,0,0,0
CEDIS,3401353791220,13,19,32
CEDIS,3401353806399,7,11,17
CEDIS,3401360019218,0,0,0
CEDIS,3401360019751,0,0,0
CEDIS,3401360019775,0,0,0
CEDIS,3401360019782,0,0,0
CEDIS,3401360019799,0,0,0
CEDIS,3401360019942,0,0,0
CEDIS,3401360019973,0,0,0
CEDIS,3401360019980,0,0,0
CEDIS,3401360020030,0,0,0
CEDIS,3401360020047,0,0,0
CEDIS,3401360020054,0,0,0
CEDIS,3401360020061,0,0,0
CEDIS,3401360025097,0,0,0
CEDIS,3401360031272,0,0,0
CEDIS,3401360049659,1,2,3
CEDIS,3401360049666,2,3,5
CEDIS,3401360049918,1,2,3
CEDIS,3401360060753,6,9,15
CEDIS,3401360060791,0,0,0
CEDIS,3401360060807,0,0,0
CEDIS,3401360084063,0,0,0
CEDIS,3401360084070,0,0,0
CEDIS,3401360084261,0,0,0
CEDIS,3401360112629,0,0,0
CEDIS,3401360120006,14,20,34
CEDIS,3401360120013,13,20,33
CEDIS,3401360120075,1,2,3
CEDIS,3401360123892,0,0,0
CEDIS,3401360136946,0,0,0
CEDIS,3401360147508,5,8,13
CEDIS,3401360147751,2,3,5
CEDIS,3401360151352,0,0,0
CEDIS,3401360156456,14,20,34
CEDIS,3401360167872,10,15,25
CEDIS,3401360167896,0,0,0
CEDIS,3401360167902,0,0,0
CEDIS,3401360180666,0,0,0
CEDIS,3401360188525,0,0,0
CEDIS,3401360191112,2,3,5
CEDIS,3401360192225,0,0,0
CEDIS,3401360192232,1,2,3
CEDIS,3401360192256,0,0,0
CEDIS,3401360192263,0,0,0
CEDIS,3401360192270,0,0,0
CEDIS,3401360192287,0,0,0
CEDIS,3401360193246,0,0,0
CEDIS,3401360200937,0,0,0
CEDIS,3401360200999,0,0,0
CEDIS,3401360202337,4,5,9
CEDIS,3401360212237,0,0,0
CEDIS,3401360213562,0,0,0
CEDIS,3401360213579,0,0,0
CEDIS,3401360213586,0,0,0
CEDIS,3401360215832,1,2,3
CEDIS,3401360215849,4,6,11
CEDIS,3401360225121,3,5,8
CEDIS,3401360225138,2,3,5
CEDIS,3401360226883,0,0,0
CEDIS,3401360226906,2,3,5
CEDIS,3401360237575,5,8,13
CEDIS,3401360237926,0,0,0
CEDIS,3401360238091,0,0,0
CEDIS,3401360238152,0,0,0
CEDIS,3401360245761,0,0,0
CEDIS,3401360253308,0,0,0
CEDIS,3401360256323,3,4,7
CEDIS,3401360263185,0,0,0
CEDIS,3401360288188,4,5,9
CEDIS,3401360315266,2,3,5
CEDIS,3401360315280,3,4,7
CEDIS,3401360522510,0,0,0
CEDIS,3401361057578,30,41,71
CEDIS,3401361353625,18,27,47
CEDIS,3401373531387,0,0,0
CEDIS,3401374560164,0,0,0
CEDIS,3401375690396,0,0,0
CEDIS,3401381328825,7,11,18
CEDIS,3401381328993,5,8,14
CEDIS,3401381330194,0,0,0
CEDIS,3401381330255,0,0,0
CEDIS,3401381331085,2,3,5
CEDIS,3401381331207,0,0,0
CEDIS,3401381332037,5,8,14
CEDIS,3401381332495,3,4,7
CEDIS,3401381381523,2,3,5
CEDIS,3401381381981,2,3,5
CEDIS,3401381382353,3,5,8
CEDIS,3401381407179,1,2,3
CEDIS,3401381479329,0,0,0
CEDIS,3401381507565,15,22,37
CEDIS,3401381631154,0,0,0
CEDIS,3401395376935,7,11,17
CEDIS,3401395461082,8,13,21
CEDIS,3401395566091,2,4,6
CEDIS,3401396991830,3,6,9
CEDIS,3401397163618,7,11,18
CEDIS,3401397240470,5,9,15
CEDIS,3401397588794,11,17,29
CEDIS,3401397676194,0,0,0
CEDIS,3401398268886,0,0,0
CEDIS,3401398268947,0,0,0
CEDIS,3401398269029,0,0,0
CEDIS,3401398303648,4,7,11
CEDIS,3401399277092,21,30,53
CEDIS,3401399372407,5,7,12
CEDIS,3401399373527,19,26,45
CEDIS,3401399521270,7,11,18
CEDIS,3401399521621,4,6,10
CEDIS,3401399521799,2,3,6
CEDIS,3401399521850,2,3,6
CEDIS,3401399540141,0,0,0
CEDIS,3401399609770,0,0,0
CEDIS,3401399609831,0,0,0
CEDIS,3401399693984,0,0,0
CEDIS,3401399694127,3,5,9
CEDIS,3401399848254,6,9,15
CEDIS,3401528519895,1,2,3
CEDIS,3401528520037,0,0,0
CEDIS,3401528520846,2,3,5
CEDIS,3401528521157,2,3,5
CEDIS,3401528545740,3,5,8
CEDIS,3401528546341,3,4,7
CEDIS,3401528546402,0,0,0
CEDIS,3401547779324,0,0,0
CEDIS,3401551249653,0,0,0
CEDIS,3401560228601,0,0,0
CEDIS,3401560361926,0,0,0
CEDIS,3401560936988,0,0,0
CEDIS,3401561270845,0,0,0
CEDIS,3401562326459,0,0,0
CEDIS,3401563073437,0,0,0
CEDIS,3401564019588,0,0,0
CEDIS,3401564019700,0,0,0
CEDIS,3401564459674,0,0,0
CEDIS,3401572288297,4,6,10
CEDIS,3401573670282,4,6,10
CEDIS,3401573697197,0,0,0
CEDIS,3401574131423,3,5,8
CEDIS,3401575243675,8,12,20
CEDIS,3401575390447,11,17,28
CEDIS,3401576715133,0,0,0
CEDIS,3401578653709,5,8,13
CEDIS,3401596736286,0,0,0
CEDIS,3401596736408,0,0,0
CEDIS,3401596738648,0,0,0
CEDIS,3433422401907,3,5,8
CEDIS,3433422404366,5,8,13
CEDIS,3433422404397,2,3,5
CEDIS,3433422404403,4,7,11
CEDIS,3433422404533,5,9,15
CEDIS,3433422405332,0,0,0
CEDIS,3433422406599,3,5,8
CEDIS,3433422407282,0,0,0
CEDIS,3433422407299,2,4,7
CEDIS,3433422408357,0,0,0
CEDIS,3461020000529,0,0,0
CEDIS,3461020000543,2,3,5
CEDIS,3461020012423,0,0,0
CEDIS,3461020002608,1,2,3
CEDIS,3461020002929,1,3,4
CEDIS,3461020003001,4,6,9
CEDIS,3461020014021,0,0,0
CEDIS,3461020002059,0,0,0
CEDIS,3461020003483,4,5,6
CEDIS,3461020003490,0,0,0
CEDIS,3461020002035,0,0,0
CEDIS,3461020007962,1,2,3
CEDIS,3461020008082,0,0,0
CEDIS,3461020012294,0,0,0
CEDIS,3461020013192,0,0,0
CEDIS,3461020013550,1,2,3
CEDIS,3461020014014,2,3,5
CEDIS,3461020014038,0,0,0
CEDIS,3461020014076,1,2,3
CEDIS,3461020014083,0,0,0
CEDIS,3461020014090,0,0,0
CEDIS,3461020014113,1,2,3
CEDIS,3461020014120,0,0,0
CEDIS,3461020014137,1,2,3
CEDIS,3461020014144,0,0,0
CEDIS,3461022002118,4,6,10
CEDIS,3461022003047,1,2,3
CEDIS,3461022003054,1,2,3
CEDIS,3461023492123,2,3,5
CEDIS,3461023492130,3,4,7
CEDIS,3461023492161,1,2,3
CEDIS,3461023492178,1,2,3
CEDIS,3461023492185,2,3,5
CEDIS,3461023492192,0,0,0
CEDIS,3461028301000,0,0,0
CEDIS,3461029800007,7,10,17
CEDIS,3466320012838,16,24,40
CEDIS,3499320000208,0,0,0
CEDIS,3499320000215,0,0,0
CEDIS,3499320001168,5,8,13
CEDIS,3499320001205,15,21,36
CEDIS,3499320001328,12,19,31
CEDIS,3499320001335,6,10,16
CEDIS,3499320001342,3,5,8
CEDIS,3499320001359,2,3,5
CEDIS,3499320001526,7,11,18
CEDIS,3499320001618,20,27,47
CEDIS,3499320001755,3,6,10
CEDIS,3499320001762,0,0,0
CEDIS,3499320001878,2,3,5
CEDIS,3499320001946,2,4,7
CEDIS,3499320002394,11,16,28
CEDIS,3499320002448,13,19,32
CEDIS,3499320002523,2,3,5
CEDIS,3499320002868,8,13,21
CEDIS,3499320003001,0,0,0
CEDIS,3499320003056,0,0,0
CEDIS,3499320004237,31,43,74
CEDIS,3499320004473,9,14,23
CEDIS,3499320004497,26,37,64
CEDIS,3499320004541,3,5,8
CEDIS,3499320004879,0,0,0
CEDIS,3499320005203,19,28,48
CEDIS,3499320005326,6,9,15
CEDIS,3499320007979,1,2,3
CEDIS,3499320007986,3,5,8
CEDIS,3499320008198,66,86,153
CEDIS,3499320008341,19,28,48
CEDIS,3499320009775,11,18,29
CEDIS,3499320011334,0,0,0
CEDIS,3499320011341,0,0,0
CEDIS,3499320011389,7,11,18
CEDIS,3499320011617,5,8,13
CEDIS,3499320011655,14,21,36
CEDIS,3499320011686,4,7,11
CEDIS,3499320012201,0,0,0
CEDIS,3499320012485,29,40,69
CEDIS,3499320012492,5,9,14
CEDIS,3499320012508,14,20,35
CEDIS,3499320012805,6,10,16
CEDIS,3499320012812,15,22,36
CEDIS,3499320012829,3,5,8
CEDIS,3499320012850,12,17,29
CEDIS,3499320012874,0,0,0
CEDIS,3499320014267,0,0,0
CEDIS,3499320014274,3,4,7
CEDIS,3499320014281,2,4,7
CEDIS,3499320014298,22,30,53
CEDIS,3499320014540,20,28,48
CEDIS,3499320014793,40,53,94
CEDIS,3499320015486,4,6,10
CEDIS,3499320015530,16,23,39
CEDIS,3499320015615,13,19,32
CEDIS,3499320015622,8,12,19
CEDIS,3499320015752,6,10,16
CEDIS,3499320015769,5,8,13
CEDIS,3499320015776,1,2,3
CEDIS,3499320016575,26,36,62
CEDIS,3499320016650,0,0,0
CEDIS,3499320015806,0,0,0
CEDIS,3499320016735,5,8,8
CEDIS,3499320016742,0,0,0
CEDIS,3499320016759,1,4,5
CEDIS,3499320016766,1,4,5
CEDIS,3499320016780,1,4,5
CEDIS,3499320017176,0,0,0
CEDIS,3499320017183,0,0,0
CEDIS,3499320017848,1,3,4
CEDIS,3499320017992,0,0,0
CEDIS,3499320018005,0,0,0
CEDIS,3512360000011,0,0,0
CEDIS,3512369001019,0,0,0
CEDIS,3540550000046,0,0,0
CEDIS,3540550000077,2,3,5
CEDIS,3540550000107,2,3,5
CEDIS,3540550000145,0,0,0
CEDIS,3540550000428,0,0,0
CEDIS,3540550001876,0,0,0
CEDIS,3540550007540,5,8,13
CEDIS,3540550008035,0,0,0
CEDIS,3540550008059,3,5,8
CEDIS,3540550008110,4,6,10
CEDIS,3540550008127,1,2,3
CEDIS,3540550008141,0,0,0
CEDIS,3540550008196,0,0,0
CEDIS,3540550008202,0,0,0
CEDIS,3540550008288,1,2,3
CEDIS,3540550008523,2,4,6
CEDIS,3540550008844,0,0,0
CEDIS,3540550009001,7,11,18
CEDIS,3540550009025,0,0,0
CEDIS,3540550009032,3,5,8
CEDIS,3540550009353,0,0,0
CEDIS,3540550009452,3,5,8
CEDIS,3540550009476,2,4,6
CEDIS,3540550009483,0,0,0
CEDIS,3540550009568,3,5,8
CEDIS,3540550009605,0,0,0
CEDIS,3540550009612,0,0,0
CEDIS,3540550009629,0,0,0
CEDIS,3540550009636,7,11,18
CEDIS,3540550009643,1,2,3
CEDIS,3540550009674,0,0,0
CEDIS,3540550009971,0,0,0
CEDIS,3540550010403,0,0,0
CEDIS,3540550011431,5,8,13
CEDIS,3540550011448,2,3,5
CEDIS,3540550012483,0,0,0
CEDIS,3540550012551,0,0,0
CEDIS,3540550012612,25,35,60
CEDIS,3540550012728,0,0,0
CEDIS,3540550012742,0,0,0
CEDIS,3540550012759,0,0,0
CEDIS,3540550012773,0,0,0
CEDIS,3540550013404,5,8,13
CEDIS,3540550013442,21,29,51
CEDIS,3540550013657,12,18,29
CEDIS,3540550013664,3,5,8
CEDIS,3540550014913,3,5,8
CEDIS,3540550014944,1,2,3
CEDIS,3540550015019,6,9,15
CEDIS,3540550015040,8,12,20
CEDIS,3540550015064,7,10,17
CEDIS,3540550015286,8,12,20
CEDIS,3540550015323,11,17,28
CEDIS,3401360192249,0,0,0
CEDIS,3540550015378,18,25,42
CEDIS,3540550008882,0,0,0
CEDIS,3540550016450,3,5,8
CEDIS,3540550010793,0,0,0
CEDIS,3540550016467,9,14,24
CEDIS,3540550010861,0,0,0
CEDIS,3540550016474,15,21,35
CEDIS,3540550009469,0,0,0
CEDIS,3540550016955,6,9,9
CEDIS,3540550017198,0,0,0
CEDIS,3540550017242,1,2,3
CEDIS,3540550017273,0,0,0
CEDIS,3540550017396,1,3,4
CEDIS,3540550000183,0,0,0
CEDIS,3540550017495,12,17,29
CEDIS,3540550017525,5,8,14
CEDIS,3540550000237,0,0,0
CEDIS,3540550018010,1,4,5
CEDIS,3540550018119,3,5,8
CEDIS,3540550009148,0,0,0
CEDIS,3540550018263,16,22,25
CEDIS,3540550018317,0,1,1
CEDIS,3571940000131,0,0,0
CEDIS,3571940000186,0,0,0
CEDIS,3571940000193,0,0,0
CEDIS,3571940000254,0,0,0
CEDIS,3571940000308,0,0,0
CEDIS,3571940000353,0,0,0
CEDIS,3571940000421,0,0,0
CEDIS,3571940000520,0,0,0
CEDIS,3571940000605,0,0,0
CEDIS,3571940000612,0,0,0
CEDIS,3571940000629,0,0,0
CEDIS,3571940000636,0,0,0
CEDIS,3571940000667,0,0,0
CEDIS,3571940000865,0,0,0
CEDIS,3571940001084,0,0,0
CEDIS,3571940001091,0,0,0
CEDIS,3571940001206,0,0,0
CEDIS,3571940001213,0,0,0
CEDIS,3571940001299,0,0,0
CEDIS,3571940001602,0,0,0
CEDIS,3571940001619,0,0,0
CEDIS,3571940001640,0,0,0
CEDIS,3571940002234,0,0,0
CEDIS,3571940002531,0,0,0
CEDIS,3571940002548,0,0,0
CEDIS,3571940002586,0,0,0
CEDIS,3571940004634,1,2,3
CEDIS,3573994009948,3,8,11
CEDIS,3592610002132,4,6,10
CEDIS,3592610002156,8,12,20
CEDIS,3592619321609,66,86,157
CEDIS,3606000002531,0,0,0
CEDIS,3606000400504,0,0,0
CEDIS,3606000419292,4,6,10
CEDIS,3606000436725,0,0,0
CEDIS,3606000436763,0,0,0
CEDIS,3606000463622,2,4,6
CEDIS,3606000464186,0,0,0
CEDIS,3606000471382,1,2,3
CEDIS,3606000471467,20,26,46
CEDIS,3606000475380,2,3,5
CEDIS,3606000480964,3,4,6
CEDIS,3606000481121,6,9,15
CEDIS,3606000481244,6,9,15
CEDIS,3606000482111,2,3,5
CEDIS,3606000482159,0,0,0
CEDIS,3606000495098,0,0,0
CEDIS,3606000495135,0,0,0
CEDIS,3606000495173,0,0,0
CEDIS,883140020493,0,0,0
CEDIS,3606000495395,2,3,5
CEDIS,3606000495470,1,2,3
CEDIS,3606000509603,6,9,14
CEDIS,3606000511002,4,6,9
CEDIS,3606000511040,2,3,5
CEDIS,3606000524958,0,0,0
CEDIS,3606000537682,0,0,0
CEDIS,3606000555396,1,2,3
CEDIS,3606000557079,0,0,0
CEDIS,3606000560833,6,10,16
CEDIS,3606000584525,6,8,14
CEDIS,3606000604643,13,19,32
CEDIS,3606000616295,4,6,10
CEDIS,3606000616318,0,0,0
CEDIS,3606000636200,1,3,4
CEDIS,3607490159910,0,0,0
CEDIS,3607490159934,0,0,0
CEDIS,3607490159941,0,0,0
CEDIS,3607490159958,0,0,0
CEDIS,3607490159972,0,0,0
CEDIS,3607490159989,0,0,0
CEDIS,3607490194508,0,0,0
CEDIS,3607490197752,0,0,0
CEDIS,3607490216439,0,0,0
CEDIS,3607490223420,0,0,0
CEDIS,3607490225998,0,0,0
CEDIS,3607490240694,0,0,0
CEDIS,3607490243435,0,0,0
CEDIS,3607490243510,1,2,3
CEDIS,3607490243541,0,0,0
CEDIS,3607490244098,0,0,0
CEDIS,3607490244159,2,3,5
CEDIS,3607490248638,0,0,0
CEDIS,3607490159880,0,0,0
CEDIS,3607490248713,0,0,0
CEDIS,3607490250150,0,0,0
CEDIS,3607490250402,0,0,0
CEDIS,3607490253403,0,0,0
CEDIS,3607499942001,0,0,0
CEDIS,3661434000072,0,0,0
CEDIS,3661434000171,0,0,0
CEDIS,3661434000508,1,2,3
CEDIS,3661434000515,4,7,11
CEDIS,3661434000522,12,19,32
CEDIS,3661434000539,8,13,22
CEDIS,3661434000973,0,0,0
CEDIS,3661434001031,2,3,5
CEDIS,3661434001062,0,0,0
CEDIS,3661434002069,1,2,3
CEDIS,3661434002687,0,0,0
CEDIS,3661434003110,0,0,0
CEDIS,3661434003394,0,0,0
CEDIS,3661434003431,0,0,0
CEDIS,3661434003608,0,0,0
CEDIS,3661434003639,0,0,0
CEDIS,3661434003660,0,0,0
CEDIS,3661434003691,1,2,3
CEDIS,3661434004285,0,0,0
CEDIS,3661434004308,0,0,0
CEDIS,3661434004384,0,0,0
CEDIS,3661434004421,0,0,0
CEDIS,3661434004513,0,0,0
CEDIS,3661434004575,8,12,20
CEDIS,3661434004704,0,0,0
CEDIS,3661434004735,1,2,3
CEDIS,3661434004841,0,0,0
CEDIS,3661434004858,3,5,8
CEDIS,3661434005008,0,0,0
CEDIS,3661434005015,0,0,0
CEDIS,3661434005022,0,0,0
CEDIS,3661434005268,3,5,8
CEDIS,3661434005367,0,0,0
CEDIS,3661434005435,0,0,0
CEDIS,3661434005459,2,3,5
CEDIS,3661434005503,0,0,0
CEDIS,3661434005510,0,0,0
CEDIS,3661434005596,0,0,0
CEDIS,3661434005886,0,0,0
CEDIS,3661434005916,0,0,0
CEDIS,3661434005923,0,0,0
CEDIS,3661434006401,0,0,0
CEDIS,3661434006432,0,0,0
CEDIS,3661434006500,1,2,4
CEDIS,3661434006548,0,0,0
CEDIS,3661434006968,0,0,0
CEDIS,3661434007347,0,0,0
CEDIS,3661434007408,0,0,0
CEDIS,3661434008061,0,0,0
CEDIS,3661434008290,0,0,0
CEDIS,3661434008399,0,0,0
CEDIS,3661434008498,0,0,0
CEDIS,3661434008788,0,0,0
CEDIS,3661434008795,0,0,0
CEDIS,3661434008818,0,0,0
CEDIS,3661434008887,0,0,0
CEDIS,3661434008917,1,2,3
CEDIS,3661434008962,0,0,0
CEDIS,3661434009228,0,0,0
CEDIS,3661434009259,1,2,3
CEDIS,3661434009266,0,0,0
CEDIS,3661434009273,0,0,0
CEDIS,3661434009303,1,2,3
CEDIS,3661434009310,1,2,3
CEDIS,3661434009525,0,0,0
CEDIS,3661434009754,2,3,5
CEDIS,3661434009990,2,3,5
CEDIS,3661434001734,0,0,0
CEDIS,3661434010033,0,0,0
CEDIS,3661434010040,0,0,0
CEDIS,3661434001932,0,0,0
CEDIS,3661434010057,2,4,7
CEDIS,3661434010101,0,0,0
CEDIS,3661434010118,0,0,0
CEDIS,3661434011924,0,0,0
CEDIS,3661434011931,0,0,0
CEDIS,3661434011962,1,2,3
CEDIS,3661434011979,0,0,0
CEDIS,3661434012020,0,0,0
CEDIS,3661434014116,0,0,0
CEDIS,3661434014123,1,2,3
CEDIS,3661434023422,2,3,4
CEDIS,3661434005350,0,0,0
CEDIS,3661434023446,3,4,7
CEDIS,3661434023453,7,11,19
CEDIS,3661434008511,0,0,0
CEDIS,3661434023484,1,2,3
CEDIS,3662361000043,10,14,24
CEDIS,3662361000081,4,7,11
CEDIS,3662361000098,5,7,11
CEDIS,3662361000104,2,3,5
CEDIS,3662361000197,6,8,13
CEDIS,3662361000203,8,12,20
CEDIS,3662361000364,17,25,42
CEDIS,3662361000388,1,2,3
CEDIS,3662361000401,32,44,75
CEDIS,3662361000630,0,0,0
CEDIS,3662361000791,0,0,0
CEDIS,3662361000890,0,0,0
CEDIS,3662361000920,8,13,21
CEDIS,3662361000937,25,35,61
CEDIS,3662361000944,2,3,5
CEDIS,3662361000951,0,0,0
CEDIS,3662361000968,0,0,0
CEDIS,3662361000975,0,0,0
CEDIS,3662361000982,1,2,3
CEDIS,3662361000999,5,8,13
CEDIS,3662361001033,0,0,0
CEDIS,3662361001163,0,0,0
CEDIS,3662361001170,0,0,0
CEDIS,3662361001187,0,0,0
CEDIS,3662361001194,0,0,0
CEDIS,3662361001217,0,0,0
CEDIS,3662361001224,0,0,0
CEDIS,3662361001231,2,3,5
CEDIS,3662361001248,0,0,0
CEDIS,3662361001255,5,8,14
CEDIS,3662361001262,2,4,6
CEDIS,3662361001286,0,0,0
CEDIS,3662361001293,1,2,3
CEDIS,3662361001309,0,0,0
CEDIS,3662361001316,0,0,0
CEDIS,3662361001590,7,11,18
CEDIS,3662361001682,2,4,7
CEDIS,3662361001699,3,4,6
CEDIS,3662361001705,5,9,14
CEDIS,3662361001729,4,6,9
CEDIS,3662361001736,1,2,3
CEDIS,3662361001743,14,20,33
CEDIS,3662361001798,2,3,5
CEDIS,3662361001828,0,0,0
CEDIS,3662361001835,11,16,27
CEDIS,3662361001842,0,0,0
CEDIS,3662361001859,1,2,3
CEDIS,3662361001866,23,34,58
CEDIS,3662361001880,4,6,10
CEDIS,3662361001897,5,8,13
CEDIS,3662361001903,0,0,0
CEDIS,3662361001910,2,3,5
CEDIS,3662361001927,8,13,21
CEDIS,3662361001934,4,7,11
CEDIS,3662361001941,7,11,18
CEDIS,3662361001965,15,23,38
CEDIS,3662361002009,13,19,32
CEDIS,3662361002047,0,0,0
CEDIS,3662361002054,0,0,0
CEDIS,3662361002061,0,0,0
CEDIS,3662361002092,2,3,5
CEDIS,3662361002108,2,3,5
CEDIS,3662361002115,9,14,23
CEDIS,3662361002313,0,0,0
CEDIS,3662361002382,6,8,14
CEDIS,3662361002412,2,3,5
CEDIS,3662361002429,0,0,0
CEDIS,3662361002436,2,4,6
CEDIS,3662361002443,6,10,16
CEDIS,3662361002450,55,72,127
CEDIS,3662361002467,8,12,20
CEDIS,3662361002535,0,0,0
CEDIS,3662361002542,6,9,15
CEDIS,3662361002559,2,3,5
CEDIS,3662361002566,0,0,0
CEDIS,3662361002580,0,0,0
CEDIS,3662361002597,71,93,164
CEDIS,3662361002603,28,39,67
CEDIS,3662361002696,8,11,19
CEDIS,3662361002702,12,18,30
CEDIS,3662361002726,20,30,50
CEDIS,3662361002757,2,3,5
CEDIS,3662361002795,0,1,1
CEDIS,3662361003037,4,6,10
CEDIS,3662361003136,0,0,0
CEDIS,3662361003143,0,0,0
CEDIS,3662361003167,38,52,89
CEDIS,3662361003211,5,8,13
CEDIS,3662361003228,3,5,8
CEDIS,3662361003242,0,0,0
CEDIS,3662361003259,2,3,5
CEDIS,3662361003297,0,0,0
CEDIS,3662361003327,6,9,15
CEDIS,3662361003365,2,3,5
CEDIS,3662361003372,3,5,8
CEDIS,3662361003396,11,17,28
CEDIS,3662361003402,50,66,117
CEDIS,3662361003419,16,20,35
CEDIS,3662361003471,0,0,0
CEDIS,3662361003594,41,56,97
CEDIS,3662361003792,18,25,44
CEDIS,3662361003808,15,22,38
CEDIS,3662361003853,3,5,8
CEDIS,3662361003860,6,9,15
CEDIS,3662361001330,0,0,0
CEDIS,3662361004041,2,3,5
CEDIS,3662361004065,1,2,3
CEDIS,3662361004072,3,4,7
CEDIS,3662361004201,1,2,3
CEDIS,3662361004294,12,17,29
CEDIS,3662361001200,0,0,0
CEDIS,3662361004300,13,18,29
CEDIS,3662361004324,4,8,12
CEDIS,3662361002719,0,0,0
CEDIS,3662361004331,9,13,22
CEDIS,3662361004638,0,1,1
CEDIS,3662361004676,1,3,4
CEDIS,3663345000004,0,0,0
CEDIS,3663345000011,0,0,0
CEDIS,3663555004564,0,0,0
CEDIS,3663555004571,0,0,0
CEDIS,3664448000083,0,0,0
CEDIS,3664448000144,0,0,0
CEDIS,3664948000026,0,0,0
CEDIS,3664948000040,0,0,0
CEDIS,3664948000071,0,0,0
CEDIS,3664948000422,0,0,0
CEDIS,3700281701906,0,0,0
CEDIS,3700281702286,2,3,5
CEDIS,3700281702316,0,0,0
CEDIS,3700281702361,0,0,0
CEDIS,3700281702378,0,0,0
CEDIS,3700281702408,0,0,0
CEDIS,3700281702415,0,0,0
CEDIS,3700281702446,1,2,3
CEDIS,3700281702484,0,0,0
CEDIS,3700281702576,0,0,0
CEDIS,3700281702583,1,2,3
CEDIS,3700281702682,1,2,3
CEDIS,3700281702699,0,0,0
CEDIS,3700281702736,2,3,5
CEDIS,3700281702774,0,0,0
CEDIS,3700281702781,0,0,0
CEDIS,3700281702835,0,0,0
CEDIS,3700281702873,1,2,3
CEDIS,3700281702880,0,0,0
CEDIS,3700281702972,0,0,0
CEDIS,3700281702989,1,3,4
CEDIS,3700281702996,2,4,6
CEDIS,3700281703252,3,5,8
CEDIS,3700281703269,0,0,0
CEDIS,3700281703283,1,2,4
CEDIS,3700281703290,0,0,0
CEDIS,3700281703306,0,1,2
CEDIS,3700281703313,0,0,0
CEDIS,3700281703436,0,0,0
CEDIS,3700281703443,0,0,0
CEDIS,3700281703573,2,3,5
CEDIS,3700281703580,0,0,0
CEDIS,3700281703856,0,0,0
CEDIS,3700281703863,0,0,0
CEDIS,3700281703955,3,5,8
CEDIS,3700281703993,1,2,3
CEDIS,3700281704037,0,0,0
CEDIS,3700281704105,0,0,0
CEDIS,3700281704198,0,0,0
CEDIS,3700281704310,0,0,0
CEDIS,3700281704327,0,0,0
CEDIS,3700281704457,1,2,3
CEDIS,3700281704464,0,0,0
CEDIS,3700281704488,0,0,0
CEDIS,3700281704532,0,0,0
CEDIS,3700281704587,0,0,0
CEDIS,3700281704815,0,0,0
CEDIS,3700281704907,0,0,0
CEDIS,3700281705003,0,0,0
CEDIS,3700281705072,1,2,3
CEDIS,3700281703450,0,0,0
CEDIS,3700281705676,0,0,0
CEDIS,3700281705683,1,2,3
CEDIS,3700591900075,0,0,0
CEDIS,3700591900082,1,2,3
CEDIS,3700591900099,3,5,8
CEDIS,3700591900198,0,0,0
CEDIS,3700591900211,2,3,5
CEDIS,3700591900228,0,0,0
CEDIS,3700591900242,1,2,3
CEDIS,3700591900259,0,0,0
CEDIS,3700591900266,0,0,0
CEDIS,3700591900280,0,0,0
CEDIS,3700591900297,0,0,0
CEDIS,3700591900303,0,0,0
CEDIS,3700591900310,2,3,5
CEDIS,3700591900327,7,10,17
CEDIS,3700591900341,0,0,0
CEDIS,3700591900358,2,4,6
CEDIS,3700591900433,4,6,10
CEDIS,3700591900501,0,0,0
CEDIS,3700591900518,0,0,0
CEDIS,3700591900525,0,0,0
CEDIS,3700591900532,0,0,0
CEDIS,3700591900549,0,0,0
CEDIS,3700591900600,7,10,17
CEDIS,3700591900617,0,0,0
CEDIS,3700591900624,2,3,5
CEDIS,3700591900631,0,0,0
CEDIS,3700591900648,2,3,5
CEDIS,3700591900723,0,0,0
CEDIS,3700591900808,0,1,1
CEDIS,3700591900815,0,1,1
CEDIS,3700591900839,1,2,3
CEDIS,3700591901232,0,0,0
CEDIS,3700591903014,0,0,0
CEDIS,3700591910012,2,3,5
CEDIS,3700591910029,1,2,3
CEDIS,3700591910036,0,0,0
CEDIS,3700591910043,0,0,0
CEDIS,3700591910050,0,0,0
CEDIS,3700591911255,2,3,5
CEDIS,3700591911262,7,10,17
CEDIS,3700591911279,0,0,0
CEDIS,3700591911286,0,0,0
CEDIS,3700591911293,0,0,0
CEDIS,3700591912214,2,3,5
CEDIS,3700591912221,4,6,10
CEDIS,3700591912238,2,3,5
CEDIS,3700591912245,0,0,0
CEDIS,3700591912252,0,0,0
CEDIS,3700591913310,0,0,0
CEDIS,3700591913303,0,0,0
CEDIS,3700591913327,16,20,35
CEDIS,3700591913273,0,0,0
CEDIS,3700591913334,11,15,26
CEDIS,3700591913341,0,1,1
CEDIS,3700591913297,0,0,0
CEDIS,3700591913358,4,5,5
CEDIS,3700591913280,0,0,0
CEDIS,3700591913365,7,10,18
CEDIS,3700591914362,4,6,10
CEDIS,3700591914713,2,3,5
CEDIS,3700591914904,0,0,0
CEDIS,3700591914911,2,3,5
CEDIS,3700591914928,0,0,0
CEDIS,3700591914935,2,3,5
CEDIS,3700591914942,0,0,0
CEDIS,3700591915512,0,0,0
CEDIS,3700591917516,2,3,5
CEDIS,3700591963070,0,3,3
CEDIS,3700591969157,0,0,0
CEDIS,3701129800072,3,5,8
CEDIS,3701129800089,4,8,12
CEDIS,3701129800096,6,10,17
CEDIS,3701129800102,1,2,4
CEDIS,3701129800119,5,8,13
CEDIS,3701129800546,2,3,5
CEDIS,3701129800553,2,3,5
CEDIS,3701129800843,36,50,88
CEDIS,3701129800850,30,42,72
CEDIS,3701129801000,0,0,0
CEDIS,3701129801352,0,0,0
CEDIS,3701129801369,0,0,0
CEDIS,3701129801987,0,0,0
CEDIS,3701129802069,1,2,4
CEDIS,3701129802076,5,8,13
CEDIS,3701129802083,0,0,0
CEDIS,3701129802656,0,0,0
CEDIS,3701129802663,0,0,0
CEDIS,3701129802670,2,3,5
CEDIS,3701129803400,7,11,19
CEDIS,3701129803424,30,40,70
CEDIS,3701129803431,24,33,57
CEDIS,3701129803448,19,27,46
CEDIS,3701129803455,14,20,35
CEDIS,3701129803462,11,15,26
CEDIS,3701129803516,2,4,6
CEDIS,3701129803523,4,7,11
CEDIS,3701129803622,0,0,0
CEDIS,3701129803639,3,5,8
CEDIS,3701129803684,0,0,0
CEDIS,3701129803691,0,0,0
CEDIS,3701129803707,7,12,20
CEDIS,3701129803714,10,15,25
CEDIS,3701129803721,3,5,7
CEDIS,3701129803738,0,0,0
CEDIS,3701129804193,5,7,12
CEDIS,3701129804308,0,0,0
CEDIS,3701129804391,7,11,18
CEDIS,3701129804414,8,12,19
CEDIS,3701129804421,1,2,4
CEDIS,3701129804452,12,19,31
CEDIS,3701129804995,19,27,46
CEDIS,3701129805329,5,9,14
CEDIS,3701129805343,7,10,17
CEDIS,3701129805367,3,5,8
CEDIS,3701129809921,0,0,0
CEDIS,3701129807248,20,27,45
CEDIS,3701129807309,0,0,0
CEDIS,3701129807316,1,2,3
CEDIS,3701129804377,0,0,0
CEDIS,3701129807385,12,17,29
CEDIS,3701129804384,0,0,0
CEDIS,3701129807392,11,16,28
CEDIS,3701129807415,9,14,23
CEDIS,3701129807422,2,4,7
CEDIS,3701129807439,0,0,0
CEDIS,3701129809280,3,5,8
CEDIS,3701129809334,4,6,10
CEDIS,3401347869546,0,0,0
CEDIS,3701129810095,3,5,8
CEDIS,3401575645851,0,0,0
CEDIS,3701129812013,7,11,17
CEDIS,3701129812044,14,20,34
CEDIS,3401395376706,0,0,0
CEDIS,3701129812075,13,19,31
CEDIS,3401343696245,0,0,0
CEDIS,3701129812099,23,33,57
CEDIS,3401396991779,0,0,0
CEDIS,3701129812129,8,12,20
CEDIS,3701129813201,3,6,9
CEDIS,3701129813232,5,7,12
CEDIS,3701129813263,2,3,5
CEDIS,3701129813294,2,4,7
CEDIS,3701129813614,2,3,5
CEDIS,3701129813621,0,0,0
CEDIS,3701129813645,0,0,0
CEDIS,3701129814390,1,3,4
CEDIS,3701436911447,0,0,0
CEDIS,3701436911461,0,0,0
CEDIS,3701436911485,0,0,0
CEDIS,3701436913199,0,0,0
CEDIS,3701436913236,0,0,0
CEDIS,3701436915506,0,0,0
CEDIS,3701436915551,4,6,10
CEDIS,3701436915759,0,0,0
CEDIS,3701436915773,0,0,0
CEDIS,3701436916787,0,0,0
CEDIS,3701436916794,0,0,0
CEDIS,3701436916930,0,0,0
CEDIS,3701436916947,0,0,0
CEDIS,3701436916954,0,0,0
CEDIS,3760054600010,0,0,0
CEDIS,3760054600034,0,0,0
CEDIS,3760054600300,0,0,0
CEDIS,3760054600409,0,0,0
CEDIS,3760054600607,0,0,0
CEDIS,3760054601109,0,0,0
CEDIS,3760054603103,0,0,0
CEDIS,3760054603707,0,0,0
CEDIS,3760054604001,0,0,0
CEDIS,3760054604018,0,0,0
CEDIS,3760084964083,0,0,0
CEDIS,3760084964090,0,0,0
CEDIS,3760084964113,12,16,28
CEDIS,3760084964120,1,2,3
CEDIS,3760084965011,25,33,59
CEDIS,3760084965028,26,35,61
CEDIS,3760084965035,0,0,0
CEDIS,3760084965073,0,0,0
CEDIS,3760084965097,0,0,0
CEDIS,3760095250083,2,3,5
CEDIS,3760095250106,0,0,0
CEDIS,3760095250168,2,4,7
CEDIS,3760095250199,4,6,10
CEDIS,3760095250205,0,0,0
CEDIS,3760095250267,2,4,6
CEDIS,3760095250342,0,0,0
CEDIS,3760095250410,4,7,11
CEDIS,3760095250441,2,4,6
CEDIS,3760095250519,0,0,0
CEDIS,3760095251554,0,0,0
CEDIS,3760095251561,0,0,0
CEDIS,3760095251899,1,2,3
CEDIS,3760095251929,4,8,12
CEDIS,3760095252551,8,13,21
CEDIS,3760095252681,1,2,3
CEDIS,3760095252803,3,6,9
CEDIS,3760095252872,0,0,0
CEDIS,3760095252926,1,2,3
CEDIS,3760095252933,0,0,0
CEDIS,3760095253374,4,6,10
CEDIS,3760095253619,0,0,0
CEDIS,3760095253626,0,0,0
CEDIS,3760095253657,0,0,0
CEDIS,3760095254272,0,0,0
CEDIS,3760095254302,0,0,0
CEDIS,3760095254500,0,0,0
CEDIS,3760095254548,1,2,3
CEDIS,3760095254555,1,2,3
CEDIS,3760095254562,1,2,3
CEDIS,3760095254579,4,6,10
CEDIS,3760095254616,7,12,19
CEDIS,3760095255156,0,2,2
CEDIS,3760095255170,0,3,3
CEDIS,3760192240048,0,0,0
CEDIS,3760192240055,1,2,3
CEDIS,3760192240062,0,0,0
CEDIS,3760192240079,0,0,0
CEDIS,3760192240192,0,0,0
CEDIS,3760192240369,1,2,3
CEDIS,3760192240642,1,2,3
CEDIS,3760201231142,0,0,0
CEDIS,3760201231173,4,7,11
CEDIS,3760201231203,0,0,0
CEDIS,3760201231234,0,0,0
CEDIS,3760201231517,0,2,2
CEDIS,3760201231586,0,0,0
CEDIS,3760201231685,0,0,0
CEDIS,3760201234501,0,0,0
CEDIS,3760201234990,0,0,0
CEDIS,3760246601221,0,0,0
CEDIS,3760269770003,0,0,0
CEDIS,3760269770010,25,35,61
CEDIS,3760269770041,0,0,0
CEDIS,3760269770058,0,0,0
CEDIS,3760269770065,7,9,17
CEDIS,3760269770072,8,10,19
CEDIS,3760269770089,8,9,17
CEDIS,3760269770096,0,0,0
CEDIS,3760269770119,6,7,13
CEDIS,3760269770126,23,33,57
CEDIS,3760269770133,1,2,3
CEDIS,3760269770140,3,5,9
CEDIS,3760269770157,0,0,0
CEDIS,3760269770225,47,61,108
CEDIS,3760269770270,7,11,18
CEDIS,3760269770287,5,8,13
CEDIS,3760269770294,24,33,57
CEDIS,3760269770300,13,18,30
CEDIS,3760269770317,3,4,7
CEDIS,3760269770324,4,6,10
CEDIS,3760269770348,3,4,7
CEDIS,3760269770362,27,38,65
CEDIS,3760269770386,21,30,50
CEDIS,3760269770393,20,28,49
CEDIS,3760269770409,4,6,10
CEDIS,3760269770416,0,0,0
CEDIS,3760269770447,3,5,8
CEDIS,3760269770454,2,3,5
CEDIS,3760269770485,0,0,0
CEDIS,3760269770492,1,2,3
CEDIS,3760269770508,24,34,58
CEDIS,3760269770515,10,15,24
CEDIS,3760269770522,10,16,26
CEDIS,3760269770539,2,3,5
CEDIS,3760269770546,3,5,8
CEDIS,3760269770553,8,12,20
CEDIS,3760269770560,19,27,46
CEDIS,3760269770867,15,21,37
CEDIS,3760269770942,66,86,155
CEDIS,3760269770980,4,7,11
CEDIS,3760269770997,2,4,6
CEDIS,3760269771086,3,5,9
CEDIS,3031500311645,2,3,6
CEDIS,3760269771109,2,3,5
CEDIS,3760269771116,1,2,4
CEDIS,3760269771123,4,7,11
CEDIS,3760269771130,2,3,6
CEDIS,3760269771147,3,4,8
CEDIS,3760269771192,4,7,11
CEDIS,3760269771314,11,16,27
CEDIS,3401347818100,0,0,0
CEDIS,3760269771321,6,9,15
CEDIS,3760269771338,36,51,89
CEDIS,3401381717704,17,24,42
CEDIS,3760269770331,0,0,0
CEDIS,3760269771406,32,45,78
CEDIS,3760269771482,32,45,79
CEDIS,3760269771505,20,28,47
CEDIS,3760269771574,2,4,6
CEDIS,3401360147775,15,22,38
CEDIS,3770004880010,0,0,0
CEDIS,3770004880027,0,0,0
CEDIS,3770004880034,0,0,0
CEDIS,3770004880041,0,0,0
CEDIS,3770004880058,0,0,0
CEDIS,3770004880065,0,0,0
CEDIS,3770004880072,0,0,0
CEDIS,3770004880089,0,0,0
CEDIS,3770004880096,0,0,0
CEDIS,3770004880102,0,0,0
CEDIS,3770004880126,0,0,0
CEDIS,3770004880133,0,0,0
CEDIS,3770004880157,0,0,0
CEDIS,3770004880164,0,0,0
CEDIS,3770004880171,0,0,0
CEDIS,3770004880188,0,0,0
CEDIS,3770004880195,0,0,0
CEDIS,3770004880201,0,0,0
CEDIS,3770004880218,0,0,0
CEDIS,3770004880225,0,0,0
CEDIS,3770004880232,0,0,0
CEDIS,3770004880263,0,0,0
CEDIS,3770004880287,0,0,0
CEDIS,3770004880294,0,0,0
CEDIS,3770004880300,0,0,0
CEDIS,3770004880317,0,0,0
CEDIS,3770004880324,0,0,0
CEDIS,3770008157187,2,3,5
CEDIS,3770008167056,0,0,0
CEDIS,4005800005541,0,0,0
CEDIS,4005800014475,0,0,0
CEDIS,4005800021930,1,2,3
CEDIS,4005800024139,0,0,0
CEDIS,4005800024481,0,0,0
CEDIS,4005800030819,0,0,0
CEDIS,4005800057670,7,11,18
CEDIS,4005800065019,0,0,0
CEDIS,4005800066061,1,2,3
CEDIS,4005800066627,0,0,0
CEDIS,4005800079948,0,0,0
CEDIS,4005800084508,16,23,39
CEDIS,4005800084546,0,0,0
CEDIS,4005800109256,0,0,0
CEDIS,4005800164361,0,0,0
CEDIS,4005800178375,4,6,10
CEDIS,4005800180514,0,0,0
CEDIS,4005800180545,0,0,0
CEDIS,4005800204975,4,6,11
CEDIS,4005800213786,0,0,0
CEDIS,4005800239656,2,3,5
CEDIS,4005800241901,24,33,56
CEDIS,4005800264245,0,0,0
CEDIS,4005800266409,10,15,25
CEDIS,4005800268731,43,58,101
CEDIS,4005800269776,5,9,15
CEDIS,4005800270475,0,0,0
CEDIS,4005800270543,0,0,0
CEDIS,4005800309618,0,0,0
CEDIS,4005800346583,14,21,34
CEDIS,4005800349683,0,0,0
CEDIS,4005800630958,4,6,10
CEDIS,4005800631702,41,55,98
CEDIS,4005800631788,0,0,0
CEDIS,4005800634000,0,0,0
CEDIS,4005800634130,0,0,0
CEDIS,4005800634161,0,0,0
CEDIS,4005800634222,0,0,0
CEDIS,4005800634864,6,9,15
CEDIS,4005800635335,0,0,0
CEDIS,4005808115938,0,0,0
CEDIS,4005808581214,0,0,0
CEDIS,4005808583348,5,9,14
CEDIS,4005808583539,0,0,0
CEDIS,4005808583805,0,0,0
CEDIS,4005900099075,0,0,0
CEDIS,4005900140906,57,75,132
CEDIS,4005900169563,2,4,6
CEDIS,4005900264282,2,3,5
CEDIS,4005900265227,5,9,14
CEDIS,4005900274120,3,4,6
CEDIS,4005900324023,4,7,11
CEDIS,4005900436962,0,0,0
CEDIS,4005900436979,0,0,0
CEDIS,4005900436986,2,4,6
CEDIS,4005900436993,4,7,11
CEDIS,4005900516961,6,10,16
CEDIS,4005900541031,0,0,0
CEDIS,4005900559500,14,19,33
CEDIS,4005900559517,12,18,30
CEDIS,4005900559524,3,5,8
CEDIS,4005900598684,0,0,0
CEDIS,4005900650412,6,10,16
CEDIS,4005900656063,6,10,16
CEDIS,4005900667014,0,0,0
CEDIS,4005900728807,10,16,25
CEDIS,4005900802798,0,0,0
CEDIS,4005900838841,17,25,42
CEDIS,4005900839626,19,27,45
CEDIS,4005900839633,14,20,33
CEDIS,4005900873347,0,0,0
CEDIS,4005900902566,4,6,10
CEDIS,4005900903273,13,20,33
CEDIS,4005900906083,5,6,11
CEDIS,4005900942777,5,9,15
CEDIS,4005900951526,0,0,0
CEDIS,4005900994776,25,35,60
CEDIS,4005900996169,3,5,8
CEDIS,4005900998385,29,40,68
CEDIS,4006000014395,43,58,99
CEDIS,4006000014401,11,16,27
CEDIS,4006000028828,4,6,10
CEDIS,4006000045832,5,7,12
CEDIS,4006000075693,2,3,5
CEDIS,4006000077000,34,48,83
CEDIS,4006000077734,3,5,8
CEDIS,4006000122069,8,13,20
CEDIS,4006000127026,6,9,14
CEDIS,4006000127033,4,6,10
CEDIS,4006000127040,0,0,0
CEDIS,4006000134758,1,2,3
CEDIS,4006000136516,7,12,18
CEDIS,4006000177502,0,0,0
CEDIS,4006000177526,1,2,3
CEDIS,4006000181981,1,4,5
CEDIS,4005800180606,0,0,0
CEDIS,4006000183572,7,11,18
CEDIS,4006000183602,0,4,4
CEDIS,4046222757120,0,0,0
CEDIS,4791776154924,0,0,0
CEDIS,4806502774823,0,0,0
CEDIS,4806502775165,0,0,0
CEDIS,4897042370286,0,0,0
CEDIS,4897042370545,0,0,0
CEDIS,5002010130017,6,8,13
CEDIS,5201279067977,0,0,0
CEDIS,5201279068004,0,0,0
CEDIS,5201279070335,0,0,0
CEDIS,5201279070342,0,0,0
CEDIS,5201279070373,0,0,0
CEDIS,5201279071073,0,0,0
CEDIS,5201279071592,0,0,0
CEDIS,5201279071615,0,0,0
CEDIS,5201279071721,0,0,0
CEDIS,5201279071745,0,0,0
CEDIS,5201279072148,0,0,0
CEDIS,5201279072155,0,0,0
CEDIS,5201279072162,0,0,0
CEDIS,5201279072179,0,0,0
CEDIS,5201279072193,0,0,0
CEDIS,5201279072216,0,0,0
CEDIS,5201279072223,0,0,0
CEDIS,5201279072230,0,0,0
CEDIS,5201279072247,0,0,0
CEDIS,5201279072308,0,0,0
CEDIS,5201279072315,0,0,0
CEDIS,5201279072353,0,0,0
CEDIS,5201279072377,0,0,0
CEDIS,5201279072384,0,0,0
CEDIS,5201279072407,0,0,0
CEDIS,5201279072421,0,0,0
CEDIS,5201279072438,0,0,0
CEDIS,5201279072445,0,0,0
CEDIS,5201279072452,0,0,0
CEDIS,5201279072483,0,0,0
CEDIS,5201279072513,0,0,0
CEDIS,5201279072520,0,0,0
CEDIS,5201279072834,0,0,0
CEDIS,5201279072865,0,0,0
CEDIS,5201279072889,0,0,0
CEDIS,5201279072933,0,0,0
CEDIS,5201279072988,0,0,0
CEDIS,5201279073015,0,0,0
CEDIS,5201279073022,0,0,0
CEDIS,5201279073039,0,0,0
CEDIS,5201279073046,0,0,0
CEDIS,5201279073060,0,0,0
CEDIS,5201279073077,0,0,0
CEDIS,5201279073213,0,0,0
CEDIS,5201279073220,0,0,0
CEDIS,5201279073237,0,0,0
CEDIS,5201279073244,0,0,0
CEDIS,5201279073251,0,0,0
CEDIS,5201279073343,0,0,0
CEDIS,5201279073350,0,0,0
CEDIS,5201279073367,0,0,0
CEDIS,5201279073503,0,0,0
CEDIS,5201279073541,0,0,0
CEDIS,5201279073558,0,0,0
CEDIS,5201279074210,0,0,0
CEDIS,5201279074241,0,0,0
CEDIS,5201279074289,0,0,0
CEDIS,5201279074395,0,0,0
CEDIS,5201279076849,0,0,0
CEDIS,5201279077822,0,0,0
CEDIS,5201279077839,0,0,0
CEDIS,5201279078898,0,0,0
CEDIS,5201279078959,0,0,0
CEDIS,5201279080167,0,0,0
CEDIS,5201279080181,0,0,0
CEDIS,5201279080228,0,0,0
CEDIS,5201279080402,0,0,0
CEDIS,5201279080426,0,0,0
CEDIS,5201279080860,0,0,0
CEDIS,5201279085216,0,0,0
CEDIS,5201279088477,0,0,0
CEDIS,5201279088484,0,0,0
CEDIS,5201279094614,0,0,0
CEDIS,5201279272360,0,0,0
CEDIS,5202888221279,0,0,0
CEDIS,5202888222290,37,49,86
CEDIS,5202888222313,0,0,0
CEDIS,5202888222351,163,200,361
CEDIS,5202888228377,0,0,0
CEDIS,5202888228438,0,0,0
CEDIS,5202888228469,0,0,0
CEDIS,5202888271007,0,0,0
CEDIS,5202888271014,0,0,0
CEDIS,5202888271038,0,0,0
CEDIS,5202888271045,0,0,0
CEDIS,5202888271069,2,4,6
CEDIS,5202888271113,0,0,0
CEDIS,5202888271120,0,0,0
CEDIS,5202888271137,0,0,0
CEDIS,5202888271144,0,0,0
CEDIS,5202888271151,0,0,0
CEDIS,5202888271175,0,0,0
CEDIS,5202888271199,2,3,5
CEDIS,5202888271205,0,0,0
CEDIS,5202888271229,0,0,0
CEDIS,5202888271304,0,0,0
CEDIS,5202888271311,0,0,0
CEDIS,5202888271625,3,5,8
CEDIS,5202888271670,4,7,11
CEDIS,5202888273001,0,0,0
CEDIS,5202888273025,0,0,0
CEDIS,5202888273131,0,0,0
CEDIS,5415062379660,2,4,6
CEDIS,5701943010853,8,13,21
CEDIS,5701943011201,10,15,25
CEDIS,5701943012482,5,8,13
CEDIS,5701943013809,3,5,8
CEDIS,5702191008074,2,3,5
CEDIS,5702191008111,2,3,5
CEDIS,5702191009507,0,0,0
CEDIS,5702191025743,0,0,0
CEDIS,5702191029192,33,45,78
CEDIS,5702191008098,0,0,0
CEDIS,5702191029208,6,10,16
CEDIS,5702191029291,0,0,0
CEDIS,5702191029314,0,0,0
CEDIS,5702191029321,5,8,12
CEDIS,5702191029369,4,7,10
CEDIS,5702191029611,2,3,5
CEDIS,5707725100156,7,12,19
CEDIS,5707725401017,29,39,66
CEDIS,5707725402014,3,5,8
CEDIS,6001051002276,0,0,0
CEDIS,7009535809037,0,0,0
CEDIS,7290011784294,3,4,7
CEDIS,7319470066786,49,66,114
CEDIS,732013251024,0,0,0
CEDIS,7320133003228,0,0,0
CEDIS,7350085331913,5,8,12
CEDIS,7350085331920,3,5,8
CEDIS,7350085331937,2,3,5
CEDIS,7350085331944,2,3,5
CEDIS,7350085331951,1,2,3
CEDIS,7350085331968,2,3,4
CEDIS,7350085331975,2,3,5
CEDIS,7350085331982,2,3,5
CEDIS,7350085331999,0,0,0
CEDIS,7350085332002,2,4,6
CEDIS,7350085332040,2,3,5
CEDIS,7350085332057,1,2,3
CEDIS,7350085332187,2,4,6
CEDIS,7350085332194,0,0,0
CEDIS,7350085332255,2,4,6
CEDIS,7500326369605,0,0,0
CEDIS,7500326369612,15,21,36
CEDIS,7500326369629,4,7,11
CEDIS,7500326369636,4,7,11
CEDIS,7500326369643,2,3,5
CEDIS,7500326369650,0,0,0
CEDIS,7500326369667,0,0,0
CEDIS,7500326369674,0,0,0
CEDIS,7500462711306,0,0,0
CEDIS,7500462711313,0,0,0
CEDIS,7500462903947,2,6,8
CEDIS,7500462903961,1,4,5
CEDIS,7500463031939,0,0,0
CEDIS,7501008499276,0,0,0
CEDIS,7501008499283,0,0,0
CEDIS,7501008499559,0,0,0
CEDIS,7501027800183,1,2,3
CEDIS,7501033961298,0,0,0
CEDIS,7501043100519,2,3,4
CEDIS,7501043110686,5,8,13
CEDIS,7501043110778,4,7,11
CEDIS,7501043110853,11,16,27
CEDIS,7501043111850,6,9,15
CEDIS,7501043111959,2,3,5
CEDIS,7501043112208,2,3,5
CEDIS,7501048333202,0,0,0
CEDIS,7501048333301,0,0,0
CEDIS,7501048621200,0,0,0
CEDIS,7501050600026,0,0,0
CEDIS,7501050600347,1,2,3
CEDIS,7501050600361,0,0,0
CEDIS,7501050600378,1,2,3
CEDIS,7501050608558,0,0,0
CEDIS,7501050609340,0,0,0
CEDIS,7501050610018,0,0,0
CEDIS,7501050611053,5,9,14
CEDIS,7501050613422,0,0,0
CEDIS,7501054530008,0,0,0
CEDIS,7501054530107,2,4,6
CEDIS,7501054530114,0,0,0
CEDIS,7501054530398,9,15,25
CEDIS,7501054530480,8,12,20
CEDIS,7501054540731,7,12,19
CEDIS,7501054548829,13,19,32
CEDIS,7501054550037,1,2,3
CEDIS,7501054550211,5,8,12
CEDIS,7501054556145,0,0,0
CEDIS,7501054556282,0,0,0
CEDIS,7501054556312,0,0,0
CEDIS,7501054556336,0,0,0
CEDIS,7501054556657,0,0,0
CEDIS,7501054556671,0,0,0
CEDIS,7501054558170,1,2,3
CEDIS,7501054558248,1,2,3
CEDIS,7501054558545,1,2,3
CEDIS,7501064550652,2,3,5
CEDIS,7501088504617,0,0,0
CEDIS,7501088504624,14,20,34
CEDIS,7501088504648,2,3,5
CEDIS,7501088504655,17,24,41
CEDIS,7501088507168,0,0,0
CEDIS,7501088507502,0,0,0
CEDIS,7501088507601,0,0,0
CEDIS,7501088507618,0,0,0
CEDIS,7501088507625,0,0,0
CEDIS,7501088507632,1,2,3
CEDIS,7501088542756,1,2,3
CEDIS,7501088542855,0,0,0
CEDIS,7501088559211,0,0,0
CEDIS,7501089804013,0,0,0
CEDIS,7501089804136,0,0,0
CEDIS,7501089804327,0,0,0
CEDIS,7501089804389,2,3,5
CEDIS,7501089804396,1,2,3
CEDIS,7501089804433,2,3,5
CEDIS,7501089804471,1,2,4
CEDIS,7501089804518,2,3,5
CEDIS,7501089804525,0,0,0
CEDIS,7501089804532,2,3,5
CEDIS,7501089812094,0,0,0
CEDIS,7501089812100,0,0,0
CEDIS,7501100076061,3,5,8
CEDIS,7501100076078,8,13,22
CEDIS,7501100076085,10,15,25
CEDIS,7501100076092,6,9,15
CEDIS,7501101649653,4,6,10
CEDIS,7501109900251,2,3,5
CEDIS,7501109911295,6,10,16
CEDIS,7501109911301,4,7,11
CEDIS,7501122900313,0,0,0
CEDIS,7501122900399,4,6,10
CEDIS,7501122900771,11,16,27
CEDIS,7501122900788,4,6,10
CEDIS,7501122900795,0,0,0
CEDIS,7501122900801,1,2,3
CEDIS,7501122901594,0,0,0
CEDIS,7501122960201,8,12,20
CEDIS,7501122960317,7,11,18
CEDIS,7501122961109,9,14,23
CEDIS,7501122961505,2,4,6
CEDIS,7501122961604,0,0,0
CEDIS,7501122961901,5,8,13
CEDIS,7501122962007,0,0,0
CEDIS,7501122962410,3,4,7
CEDIS,7501122963516,2,3,5
CEDIS,7501122966906,0,0,0
CEDIS,7501122969419,0,0,0
CEDIS,7501122969600,0,0,0
CEDIS,7501122969617,0,0,0
CEDIS,7501122969808,0,0,0
CEDIS,7501124180720,14,21,36
CEDIS,7501124180904,5,8,13
CEDIS,7501124180980,1,2,3
CEDIS,7501124181949,0,0,0
CEDIS,7501124182106,0,0,0
CEDIS,7501124182328,0,0,0
CEDIS,7501124182403,0,0,0
CEDIS,7501124182687,0,0,0
CEDIS,7501124182700,0,0,0
CEDIS,7501124182717,0,0,0
CEDIS,7501124182755,0,0,0
CEDIS,7501124183462,3,4,7
CEDIS,7501124183479,2,3,5
CEDIS,7501124185091,5,8,13
CEDIS,7501124185183,0,0,0
CEDIS,7501124723170,0,0,0
CEDIS,7501124813468,0,0,0
CEDIS,7501125101960,0,0,0
CEDIS,7501125108686,0,0,0
CEDIS,7501201340016,0,0,0
CEDIS,7501201400741,0,0,0
CEDIS,7501228300284,0,0,0
CEDIS,7501228300291,0,0,0
CEDIS,7501258200011,0,0,0
CEDIS,7501258200028,2,3,5
CEDIS,7501258203227,3,5,9
CEDIS,7501258203234,10,15,24
CEDIS,7501258205801,13,18,31
CEDIS,7501258205818,13,20,33
CEDIS,7501258208697,17,24,41
CEDIS,7501258208901,7,12,19
CEDIS,7501258209946,2,3,5
CEDIS,7501258210010,6,10,16
CEDIS,7501258210270,1,2,3
CEDIS,7501258210331,2,3,5
CEDIS,7501258212687,3,5,8
CEDIS,7501258214278,0,0,0
CEDIS,7501258214285,5,8,13
CEDIS,7501258214445,1,2,3
CEDIS,7501258214483,0,0,0
CEDIS,7501258214834,2,3,6
CEDIS,7501258215336,5,8,13
CEDIS,7501258215350,2,4,6
CEDIS,7501258215367,5,8,13
CEDIS,7501258215749,0,0,0
CEDIS,7501273500073,0,0,0
CEDIS,7501273500127,1,2,3
CEDIS,7501273500134,1,2,3
CEDIS,7501273500165,2,3,5
CEDIS,7501273500202,1,2,3
CEDIS,7501273500233,0,0,0
CEDIS,7501273500271,3,5,8
CEDIS,7501273500288,0,0,0
CEDIS,7501273500301,3,5,8
CEDIS,7501273500318,0,0,0
CEDIS,7501273500349,0,0,0
CEDIS,7501273500370,1,2,3
CEDIS,7501273500387,0,0,0
CEDIS,7501273500417,0,0,0
CEDIS,7501273500493,1,2,3
CEDIS,7501273500516,1,2,3
CEDIS,7501273500530,1,2,3
CEDIS,7501273500554,0,0,0
CEDIS,7501273500585,0,0,0
CEDIS,7501273500592,0,0,0
CEDIS,7501285600365,1,2,3
CEDIS,7501299301579,0,0,0
CEDIS,7501299303184,2,3,5
CEDIS,7501299303542,0,0,0
CEDIS,7501299306765,0,0,0
CEDIS,7501299307342,0,0,0
CEDIS,7501299335017,1,2,3
CEDIS,7501300421814,0,0,0
CEDIS,7501303435504,0,0,0
CEDIS,7501314701216,1,2,3
CEDIS,7501314701223,0,0,0
CEDIS,7501314701254,3,5,8
CEDIS,7501314701414,3,5,8
CEDIS,7501314701513,20,26,46
CEDIS,7501314705139,0,0,0
CEDIS,7501314705153,2,4,6
CEDIS,7501314705313,1,2,3
CEDIS,7501314705344,0,0,0
CEDIS,7501314705351,0,0,0
CEDIS,7501390911011,0,0,0
CEDIS,7501390912728,2,4,7
CEDIS,7501390912742,0,0,0
CEDIS,7501390912803,0,0,0
CEDIS,7501390912827,0,0,0
CEDIS,7501390913107,4,6,10
CEDIS,7501390913114,0,0,0
CEDIS,7501390913374,0,0,0
CEDIS,7501390913404,0,0,0
CEDIS,7501390913794,2,3,5
CEDIS,7501390913992,2,3,5
CEDIS,7501390914012,0,0,0
CEDIS,7501390914074,4,6,10
CEDIS,7501390914487,4,5,9
CEDIS,7501390914494,75,87,169
CEDIS,7501390915309,0,0,0
CEDIS,7501390915323,0,0,0
CEDIS,7501390915347,0,0,0
CEDIS,7501390915507,1,2,3
CEDIS,7501390916320,2,4,6
CEDIS,7501390919956,2,3,5
CEDIS,7501779154725,4,6,10
CEDIS,7501853806311,0,0,0
CEDIS,7502002460033,0,0,0
CEDIS,7502002460040,1,2,3
CEDIS,7502002460064,2,3,5
CEDIS,7502002460071,2,3,5
CEDIS,7502002460095,1,2,3
CEDIS,7502002460125,1,2,3
CEDIS,7502002460422,4,6,10
CEDIS,7502002460682,0,0,0
CEDIS,7502002460699,0,0,0
CEDIS,7502002460705,0,0,0
CEDIS,7502002460712,0,0,0
CEDIS,7502002460767,0,0,0
CEDIS,7502002460835,0,0,0
CEDIS,7502002460897,11,17,28
CEDIS,7502002460965,0,0,0
CEDIS,7502002460972,0,0,0
CEDIS,7502002460989,0,0,0
CEDIS,7502002461061,17,25,42
CEDIS,7502002461085,0,0,0
CEDIS,7502002461153,183,226,417
CEDIS,7502002461160,16,24,40
CEDIS,7502002461283,1,2,3
CEDIS,7502002461290,21,29,51
CEDIS,7502002461306,8,13,21
CEDIS,7502002461313,21,30,51
CEDIS,7502002461528,0,0,0
CEDIS,7502002461580,2,3,5
CEDIS,7502002461597,0,0,0
CEDIS,7502002461733,0,0,0
CEDIS,7502002461801,10,14,24
CEDIS,7502002461818,13,19,32
CEDIS,7502002461825,0,0,0
CEDIS,7502002461832,0,0,0
CEDIS,7502002461849,0,0,0
CEDIS,7502002461924,0,0,0
CEDIS,7502002461931,0,0,0
CEDIS,7502002461948,0,0,0
CEDIS,7502002462136,3,5,8
CEDIS,7502002462174,2,4,7
CEDIS,7502002462181,2,3,5
CEDIS,7502002462198,1,2,3
CEDIS,7502002462297,0,0,0
CEDIS,7502002462365,1,2,3
CEDIS,7502002462501,0,0,0
CEDIS,7502002462518,0,0,0
CEDIS,7502002462686,14,21,35
CEDIS,7502002462693,7,11,18
CEDIS,7502002462709,3,5,8
CEDIS,7502003560237,2,3,5
CEDIS,7502003560244,2,3,5
CEDIS,7502003560329,0,0,0
CEDIS,7502003560336,0,0,0
CEDIS,7502003560343,0,0,0
CEDIS,7502003560367,0,0,0
CEDIS,7502003560442,3,5,9
CEDIS,7502003560459,10,15,25
CEDIS,7502003560473,7,11,18
CEDIS,7502003560480,0,0,0
CEDIS,7502003560497,3,4,7
CEDIS,7502003560527,31,43,75
CEDIS,7502209291331,0,0,0
CEDIS,7502217870016,1,2,3
CEDIS,7502217870023,1,2,3
CEDIS,7502217870030,1,2,3
CEDIS,7502217870047,0,0,0
CEDIS,7502217870054,0,0,0
CEDIS,7502217870061,0,0,0
CEDIS,7502224220040,3,5,8
CEDIS,7502224220057,0,0,0
CEDIS,7502224221030,0,0,0
CEDIS,7502224225021,0,0,0
CEDIS,7502224227117,2,3,5
CEDIS,7502224227131,2,3,5
CEDIS,7502224228060,0,0,0
CEDIS,7502224228565,0,0,0
CEDIS,7502224228619,0,0,0
CEDIS,7502224228688,0,0,0
CEDIS,7502224228763,4,6,10
CEDIS,7502224228787,0,0,0
CEDIS,7502224228916,9,14,23
CEDIS,7502224530682,4,6,10
CEDIS,7502224531993,3,4,7
CEDIS,7502224532037,1,2,3
CEDIS,7502224532044,0,0,0
CEDIS,7502224532211,0,0,0
CEDIS,7502224532228,0,0,0
CEDIS,7502224532389,2,3,5
CEDIS,7502224532488,1,2,3
CEDIS,7502224532631,0,0,0
CEDIS,7502224533041,0,0,0
CEDIS,7502224533577,16,22,38
CEDIS,7502224533782,0,0,0
CEDIS,7502224533805,7,10,17
CEDIS,7502224533812,10,16,26
CEDIS,7502224533816,0,0,0
CEDIS,7502224533829,12,15,26
CEDIS,7502224534154,0,0,0
CEDIS,7502224534161,0,0,0
CEDIS,7502224534178,0,0,0
CEDIS,7502224534192,2,3,5
CEDIS,7502224534475,0,0,0
CEDIS,7502224534499,1,2,3
CEDIS,7502224534543,0,0,0
CEDIS,7502224534550,0,0,0
CEDIS,7502224534567,0,0,0
CEDIS,7502224534604,0,0,0
CEDIS,7502224534628,0,0,0
CEDIS,7502224534659,0,0,0
CEDIS,7502224534710,0,0,0
CEDIS,7502224534727,0,0,0
CEDIS,7502224534734,0,0,0
CEDIS,7502224534741,1,2,3
CEDIS,7502224534826,0,0,0
CEDIS,7502224535038,8,12,20
CEDIS,7502224535045,2,3,6
CEDIS,7502224535977,0,0,0
CEDIS,7502224537285,1,2,3
CEDIS,7502224537292,0,0,0
CEDIS,7502224537346,0,0,0
CEDIS,7502240450018,0,0,0
CEDIS,7502242700203,0,0,0
CEDIS,7502246642417,0,0,0
CEDIS,7502246642813,0,0,0
CEDIS,7502246642820,0,0,0
CEDIS,7502247103177,10,14,24
CEDIS,7502247104587,0,0,0
CEDIS,7502247105171,2,3,5
CEDIS,7502247107571,0,0,0
CEDIS,7502247107588,0,0,0
CEDIS,7502247119888,0,0,0
CEDIS,7502247120440,0,0,0
CEDIS,7502247123199,0,0,0
CEDIS,7502247125742,0,0,0
CEDIS,7502247128460,1,2,3
CEDIS,7502247134027,2,4,6
CEDIS,7502247135314,0,0,0
CEDIS,7502247136151,0,0,0
CEDIS,7502247140059,0,0,0
CEDIS,7502247140141,0,0,0
CEDIS,7502247140158,0,0,0
CEDIS,7502247140226,0,0,0
CEDIS,7502247140240,0,0,0
CEDIS,7502247140271,0,0,0
CEDIS,7502247140301,0,0,0
CEDIS,7502247140400,0,0,0
CEDIS,7502247140431,14,19,33
CEDIS,7502247140455,0,0,0
CEDIS,7502247140493,3,5,8
CEDIS,7502247140509,11,15,26
CEDIS,7502247140516,0,0,0
CEDIS,7502247140547,1,2,3
CEDIS,7502247140554,0,0,0
CEDIS,7502247140561,0,0,0
CEDIS,7502247140585,3,5,8
CEDIS,7502247140622,1,2,3
CEDIS,7502247140646,0,0,0
CEDIS,7502247140707,1,2,4
CEDIS,7502247140769,0,0,0
CEDIS,7502247140776,4,6,10
CEDIS,7502247140806,0,0,0
CEDIS,7502247140868,4,6,9
CEDIS,7502247140905,0,0,0
CEDIS,7502247141063,4,6,10
CEDIS,7502247141124,0,0,0
CEDIS,7502247141414,0,0,0
CEDIS,7502247141483,2,3,5
CEDIS,7502247141568,0,0,0
CEDIS,7502247141575,0,0,0
CEDIS,7502247141582,2,3,5
CEDIS,7502247141605,0,0,0
CEDIS,7502247141650,18,25,44
CEDIS,7502247141711,0,0,0
CEDIS,7502247141810,1,2,3
CEDIS,7502247141872,0,0,0
CEDIS,7502247141919,3,4,7
CEDIS,7502247142060,1,2,3
CEDIS,7502247142091,0,0,0
CEDIS,7502247142107,2,4,6
CEDIS,7502247142169,0,0,0
CEDIS,7502247142268,0,0,0
CEDIS,7502247142305,0,0,0
CEDIS,7502247142312,3,5,8
CEDIS,7502247142329,3,5,8
CEDIS,7502247142350,0,0,0
CEDIS,7502247142886,0,0,0
CEDIS,7502247142992,0,0,0
CEDIS,7502247143005,0,0,0
CEDIS,7502247143722,0,0,0
CEDIS,7502247145290,0,0,0
CEDIS,7502247145740,0,0,0
CEDIS,7502247152700,2,3,4
CEDIS,7502247153790,70,90,158
CEDIS,7502247154612,42,56,97
CEDIS,7502247159747,7,11,18
CEDIS,7502247161344,27,35,62
CEDIS,7502247161917,9,13,22
CEDIS,7502247164505,2,3,5
CEDIS,7502247164512,4,5,9
CEDIS,7502247165632,7,10,17
CEDIS,7502247169036,2,3,5
CEDIS,7502247181816,1,2,3
CEDIS,7502247188327,38,48,85
CEDIS,7502247195219,78,97,174
CEDIS,7502247195226,60,76,135
CEDIS,7502247195561,3,5,8
CEDIS,7502247150195,0,0,0
CEDIS,7502247198623,62,75,92
CEDIS,7502247198753,2,3,5
CEDIS,7502247190221,0,0,0
CEDIS,7502247198760,10,16,26
CEDIS,7502247199026,0,0,0
CEDIS,7502247199033,0,0,0
CEDIS,7502251110079,0,0,0
CEDIS,7502251110109,1,2,3
CEDIS,7502251110314,0,0,0
CEDIS,7502251110338,0,0,0
CEDIS,7502251110345,0,0,0
CEDIS,7502251110352,0,0,0
CEDIS,7502251110369,1,2,3
CEDIS,7502251110536,0,0,0
CEDIS,7502251110550,1,2,4
CEDIS,7502251110567,2,3,5
CEDIS,7502251110574,1,2,3
CEDIS,7502251110581,11,16,27
CEDIS,7502251110604,0,0,0
CEDIS,7502251110611,0,0,0
CEDIS,7502251110635,1,2,3
CEDIS,7502251110741,0,0,0
CEDIS,7502251110772,1,2,3
CEDIS,7502251110833,0,0,0
CEDIS,7502251110857,1,2,3
CEDIS,7502251110970,0,0,0
CEDIS,7502251110994,0,0,0
CEDIS,7502251111175,1,2,3
CEDIS,7502251111199,2,3,5
CEDIS,7502251111205,0,0,0
CEDIS,7502251111328,0,0,0
CEDIS,7502251111335,0,0,0
CEDIS,7502251111342,0,0,0
CEDIS,7502251111366,0,0,0
CEDIS,7502251111373,2,3,5
CEDIS,7502251111380,2,3,5
CEDIS,7502251111502,0,0,0
CEDIS,7502251111519,0,0,0
CEDIS,7502251111526,1,2,3
CEDIS,7502251111533,1,2,3
CEDIS,7502251111540,0,0,0
CEDIS,7502251111557,0,0,0
CEDIS,7502251111564,0,0,0
CEDIS,7502251111618,0,0,0
CEDIS,7502251111625,0,0,0
CEDIS,7502251111632,0,0,0
CEDIS,7502251111649,0,0,0
CEDIS,7502253073624,0,0,0
CEDIS,7502264950402,0,0,0
CEDIS,7502264950426,1,2,3
CEDIS,7502265750018,0,0,0
CEDIS,7502265750025,0,0,0
CEDIS,7502265750063,0,0,0
CEDIS,7502265750065,0,0,0
CEDIS,7502265750066,0,0,0
CEDIS,7502265750070,3,4,7
CEDIS,7502265750087,0,0,0
CEDIS,7502265750117,0,0,0
CEDIS,7502265750124,0,0,0
CEDIS,7502265750131,0,0,0
CEDIS,7502265750148,0,0,0
CEDIS,7502265750155,0,0,0
CEDIS,7502265750179,0,0,0
CEDIS,7502266460008,2,3,5
CEDIS,7502266460015,2,3,5
CEDIS,7502266460022,35,45,80
CEDIS,7502266460039,6,8,14
CEDIS,7502266460046,9,13,22
CEDIS,7502266460053,4,7,11
CEDIS,7502266460060,0,0,0
CEDIS,7502266460077,4,6,10
CEDIS,7502266460084,3,5,8
CEDIS,7502275470500,16,23,39
CEDIS,7502275470623,0,0,0
CEDIS,7502305670528,70,85,152
CEDIS,7502305670535,23,29,52
CEDIS,7502305670542,22,28,50
CEDIS,7502305670559,30,38,67
CEDIS,7502305670573,1,4,5
CEDIS,7502305670863,2,6,8
CEDIS,7502305671631,3,7,10
CEDIS,7503000883527,1,2,3
CEDIS,7503006698316,7,9,16
CEDIS,7503006698323,1,2,4
CEDIS,7503007704702,0,0,0
CEDIS,7503015500006,7,11,17
CEDIS,7503015500013,0,0,0
CEDIS,7503015500020,0,0,0
CEDIS,7503015500037,2,3,5
CEDIS,7503015500044,0,0,0
CEDIS,7503015500051,0,0,0
CEDIS,7503015500068,0,0,0
CEDIS,7503015500075,0,0,0
CEDIS,7503015500082,0,0,0
CEDIS,7503015500099,0,0,0
CEDIS,7503015500105,0,0,0
CEDIS,7503015500112,0,0,0
CEDIS,7503015500129,16,20,36
CEDIS,7503015500136,1,2,3
CEDIS,7503015500143,0,0,0
CEDIS,7503015500174,0,0,0
CEDIS,7503015500181,0,0,0
CEDIS,7503015500198,0,0,0
CEDIS,7503015500211,1,2,3
CEDIS,7503015500228,0,0,0
CEDIS,7503015500273,0,0,0
CEDIS,7503015500280,0,0,0
CEDIS,7503015500297,0,0,0
CEDIS,7503019846032,6,9,15
CEDIS,7503027446231,0,0,0
CEDIS,7503032085685,0,0,0
CEDIS,7503036600822,49,62,115
CEDIS,7503038910837,31,40,73
CEDIS,7504023954003,0,0,0
CEDIS,7504023954027,0,0,0
CEDIS,7504023954034,0,0,0
CEDIS,7504023954089,0,0,0
CEDIS,7504023954171,0,0,0
CEDIS,7504023954195,0,0,0
CEDIS,7506200700083,0,0,0
CEDIS,7506307507677,0,0,0
CEDIS,7506307508377,0,0,0
CEDIS,7506307509299,0,0,0
CEDIS,7506307509312,0,0,0
CEDIS,7506307509541,0,0,0
CEDIS,7506307511124,0,0,0
CEDIS,7506307513364,0,0,0
CEDIS,7506307513401,0,0,0
CEDIS,7506307513425,0,0,0
CEDIS,7506307513449,0,0,0
CEDIS,7506307513685,0,0,0
CEDIS,7506307513708,0,0,0
CEDIS,7506307513722,0,0,0
CEDIS,7506307513746,0,0,0
CEDIS,7506307514293,0,0,0
CEDIS,7506307514316,0,0,0
CEDIS,7506307514330,0,0,0
CEDIS,7506307514644,0,0,0
CEDIS,7506307514651,0,0,0
CEDIS,7506307514675,0,0,0
CEDIS,7506307515481,0,0,0
CEDIS,7506307516044,0,0,0
CEDIS,7506307516440,0,0,0
CEDIS,7506307519380,1,2,3
CEDIS,7506331401262,1,2,3
CEDIS,7506331401293,0,0,0
CEDIS,7506331401316,0,1,1
CEDIS,7506331401323,0,0,0
CEDIS,7506331401408,0,0,0
CEDIS,7506334400071,16,23,39
CEDIS,7506334400088,35,46,80
CEDIS,7506334400156,2,3,5
CEDIS,7506358400392,0,0,0
CEDIS,7506497103017,22,29,49
CEDIS,7506497103062,18,25,41
CEDIS,7506501400002,1,2,3
CEDIS,7506606800035,8,11,20
CEDIS,7506606800042,3,5,9
CEDIS,7506606800059,8,12,21
CEDIS,7506606800073,0,0,0
CEDIS,7506606800103,0,0,0
CEDIS,7506606800288,0,0,0
CEDIS,7506606800301,2,3,5
CEDIS,7506606800318,12,17,30
CEDIS,7506606800349,12,17,29
CEDIS,7506606800882,0,0,0
CEDIS,7506606800899,1,3,4
CEDIS,7507543945674,0,0,0
CEDIS,7507543945773,1,2,3
CEDIS,7507543945889,8,12,20
CEDIS,7507543957776,0,0,0
CEDIS,7507543987957,0,0,0
CEDIS,7507543988039,0,0,0
CEDIS,7507543988107,0,0,0
CEDIS,7507543988114,9,13,22
CEDIS,7507543988121,11,16,27
CEDIS,7507543988138,18,24,42
CEDIS,7507543988145,8,12,19
CEDIS,7507543988152,2,3,5
CEDIS,7507543988183,0,0,0
CEDIS,7508006182490,10,15,25
CEDIS,7508006182506,4,6,10
CEDIS,7508006182537,0,0,0
CEDIS,7508006182544,2,3,5
CEDIS,7508006182582,0,0,0
CEDIS,7508006182605,2,3,5
CEDIS,7508006182650,1,2,3
CEDIS,7508006182667,3,5,8
CEDIS,7508006183046,2,3,5
CEDIS,7508006183053,0,0,0
CEDIS,7508006183060,0,0,0
CEDIS,7508006183305,5,8,13
CEDIS,7508006183312,5,8,13
CEDIS,7508006183329,4,7,11
CEDIS,7508006183336,2,3,5
CEDIS,7508006183435,12,18,29
CEDIS,7508006183459,0,0,0
CEDIS,7508006183510,5,8,13
CEDIS,7508006183640,0,0,0
CEDIS,7508006183657,1,2,4
CEDIS,7508006183664,0,0,0
CEDIS,7508006183688,0,0,0
CEDIS,7508006183923,0,0,0
CEDIS,7508006183954,0,0,0
CEDIS,7508006184050,1,2,3
CEDIS,7508006184159,1,2,4
CEDIS,7508006184500,7,11,18
CEDIS,7508006184609,0,0,0
CEDIS,7508006184616,0,0,0
CEDIS,7508006184623,0,0,0
CEDIS,7508006185521,1,2,3
CEDIS,7508006185620,0,0,0
CEDIS,7508006185842,1,2,3
CEDIS,7508006192185,2,5,7
CEDIS,7508304318829,0,0,0
CEDIS,7508304318836,0,0,0
CEDIS,7508304691144,1,2,3
CEDIS,7509552528237,0,0,0
CEDIS,7509552720365,0,0,0
CEDIS,7509552765397,0,0,0
CEDIS,7509552805857,0,0,0
CEDIS,7509552882858,0,0,0
CEDIS,7509552883404,0,0,0
CEDIS,7509552884807,1,2,3
CEDIS,7509552884814,0,0,0
CEDIS,7509552884821,0,0,0
CEDIS,7509552886443,2,3,5
CEDIS,7509552886924,0,0,0
CEDIS,7509552886931,0,0,0
CEDIS,7509552886948,0,0,0
CEDIS,7509552886955,0,0,0
CEDIS,7509552886962,0,0,0
CEDIS,7509552893168,0,0,0
CEDIS,7509552893199,0,0,0
CEDIS,7509552893205,0,0,0
CEDIS,7509552932058,0,0,0
CEDIS,7509552932089,0,0,0
CEDIS,7509552932096,0,0,0
CEDIS,7509552934786,0,0,0
CEDIS,7509552935608,0,0,0
CEDIS,7509552934793,0,0,0
CEDIS,7509552934885,0,0,0
CEDIS,7509552935578,0,0,0
CEDIS,7509552935585,0,0,0
CEDIS,7509552935714,0,0,0
CEDIS,7509552938159,1,2,3
CEDIS,7509552940701,0,0,0
CEDIS,7509552971569,0,1,1
CEDIS,7509552941579,1,2,2
CEDIS,7509552971583,0,0,0
CEDIS,7509552972085,0,0,0
CEDIS,7509552972719,0,0,0
CEDIS,7509552940725,0,0,0
CEDIS,7509552973600,0,0,0
CEDIS,7509552887174,1,2,2
CEDIS,7509552973631,0,0,0
CEDIS,7509552940695,0,0,0
CEDIS,7509552973808,0,0,0
CEDIS,7509552999600,0,0,0
CEDIS,7612076457256,3,4,6
CEDIS,7612076457355,2,3,5
CEDIS,7612076457430,0,0,0
CEDIS,7613035392885,6,9,15
CEDIS,7613035393448,3,6,9
CEDIS,7640137410018,0,0,0
CEDIS,7640137419004,0,0,0
CEDIS,7640137610012,3,5,8
CEDIS,7640137610104,3,5,8
CEDIS,7640137610708,10,14,24
CEDIS,7640203240242,4,7,11
CEDIS,7640203242864,6,10,16
CEDIS,7702003006913,7,11,18
CEDIS,7702031310914,0,0,0
CEDIS,7703281000679,0,0,0
CEDIS,7703281001010,5,8,13
CEDIS,7703281001447,9,14,22
CEDIS,7703281001454,7,11,18
CEDIS,7703281001461,3,6,10
CEDIS,7703281001485,4,7,10
CEDIS,7703281001515,0,0,0
CEDIS,7703281001546,0,0,0
CEDIS,7703281001676,0,0,0
CEDIS,7703281001935,0,0,0
CEDIS,7703281001942,0,0,0
CEDIS,7703281002024,0,0,0
CEDIS,7703281002062,5,8,13
CEDIS,7703281002123,0,0,0
CEDIS,7703281002352,2,4,6
CEDIS,7703281002369,0,0,0
CEDIS,7703281002376,0,0,0
CEDIS,7703281002437,2,3,5
CEDIS,7703281002451,2,3,5
CEDIS,7703281002468,7,10,17
CEDIS,7703281002475,4,7,11
CEDIS,7703281002482,3,4,6
CEDIS,7703281002499,0,0,0
CEDIS,7703281003939,2,3,5
CEDIS,7703281003946,5,7,12
CEDIS,7703281004325,7,11,18
CEDIS,7703281004912,0,0,0
CEDIS,7703281020042,0,0,0
CEDIS,7703281020264,0,0,0
CEDIS,7703281020356,0,2,2
CEDIS,7703281020363,0,1,1
CEDIS,7703281020400,3,5,8
CEDIS,7703332003307,0,0,0
CEDIS,7703332003314,0,0,0
CEDIS,7703332003338,0,0,0
CEDIS,7703332003352,6,10,16
CEDIS,7703332003550,4,6,10
CEDIS,7703332003628,3,5,8
CEDIS,7703333007601,0,0,0
CEDIS,7703333007700,13,20,33
CEDIS,7705849004013,4,7,11
CEDIS,7705849004020,6,9,14
CEDIS,7705849004143,2,3,5
CEDIS,7707368815606,1,2,3
CEDIS,7709095136504,0,0,0
CEDIS,7709095136511,0,0,0
CEDIS,7709095136535,0,0,0
CEDIS,7709095136542,0,0,0
CEDIS,7709095136566,0,0,0
CEDIS,7709095136573,0,0,0
CEDIS,7709095136580,0,0,0
CEDIS,7709095136597,1,2,3
CEDIS,7730969307232,0,0,0
CEDIS,7795320050325,0,0,0
CEDIS,7795373001558,0,0,0
CEDIS,7795373001565,0,0,0
CEDIS,7891010249861,0,0,0
CEDIS,7891010249878,0,0,0
CEDIS,7891010253837,0,0,0
CEDIS,7891010253844,0,0,0
CEDIS,7891010255725,0,0,0
CEDIS,7891010882983,0,0,0
CEDIS,7891010882990,0,0,0
CEDIS,7891010887742,0,0,0
CEDIS,7891317019808,0,0,0
CEDIS,7897473206632,35,48,82
CEDIS,7897930762312,0,0,0
CEDIS,7897930776609,3,5,8
CEDIS,7897930776616,3,5,8
CEDIS,7897930777613,0,0,0
CEDIS,7897930777620,3,4,7
CEDIS,7897930777644,0,0,0
CEDIS,7897930778351,3,5,8
CEDIS,7897930778368,0,0,0
CEDIS,7897930778405,0,0,0
CEDIS,7897930778641,9,14,24
CEDIS,7897930778801,0,0,0
CEDIS,7897930778993,0,0,0
CEDIS,7897930779020,1,2,3
CEDIS,7897930779112,0,1,1
CEDIS,3499320013925,0,0,0
CEDIS,7897930779136,1,2,2
CEDIS,7897930779198,1,3,4
CEDIS,7897930778634,0,0,0
CEDIS,7897930779204,8,13,15
CEDIS,7897930778627,0,0,0
CEDIS,7897930779228,6,10,16
CEDIS,7899706149198,0,0,0
CEDIS,7899706149211,0,0,0
CEDIS,7899706150781,0,0,0
CEDIS,8030082000027,0,0,0
CEDIS,8030082000195,0,0,0
CEDIS,8030082000300,0,0,0
CEDIS,8030082001765,0,0,0
CEDIS,8030082002144,0,0,0
CEDIS,8030082002168,0,0,0
CEDIS,8030082002281,0,0,0
CEDIS,8030243000521,0,0,0
CEDIS,8030243000538,0,0,0
CEDIS,8030243000545,0,0,0
CEDIS,8030243000552,0,0,0
CEDIS,8030243000583,0,0,0
CEDIS,8030243001023,0,0,0
CEDIS,8030243001030,0,0,0
CEDIS,8030243001047,0,0,0
CEDIS,8030243001054,0,0,0
CEDIS,8030243001061,0,0,0
CEDIS,8030243001078,0,0,0
CEDIS,8030243001115,0,0,0
CEDIS,8030243001122,0,0,0
CEDIS,8030243001139,0,0,0
CEDIS,8030243001146,0,0,0
CEDIS,8030243001153,0,0,0
CEDIS,8030243001160,0,0,0
CEDIS,8030243001177,0,0,0
CEDIS,8030243001405,2,3,5
CEDIS,8030243003003,0,0,0
CEDIS,8030243003010,0,0,0
CEDIS,8030243003034,0,0,0
CEDIS,8030243003041,0,0,0
CEDIS,8030243004956,1,2,3
CEDIS,8030243005137,0,0,0
CEDIS,8030243005144,0,0,0
CEDIS,8030243006653,0,0,0
CEDIS,8030243006660,1,2,3
CEDIS,8030243008497,0,0,0
CEDIS,8030243008510,0,0,0
CEDIS,8030243009159,0,0,0
CEDIS,8030243009166,0,0,0
CEDIS,8030243009418,0,0,0
CEDIS,8030243010940,0,0,0
CEDIS,8030243015242,0,0,0
CEDIS,8030243015266,0,0,0
CEDIS,8030243015273,0,0,0
CEDIS,8030243019554,0,0,0
CEDIS,8030243021137,0,0,0
CEDIS,8030243026217,0,0,0
CEDIS,8032622275049,0,0,0
CEDIS,8032622275056,3,5,8
CEDIS,8032622275292,1,2,3
CEDIS,8032622275305,0,0,0
CEDIS,8032622275315,0,0,0
CEDIS,8032622275322,0,0,0
CEDIS,8032622275339,0,0,0
CEDIS,8032622275346,0,0,0
CEDIS,8032622276404,1,2,3
CEDIS,8032622276411,0,0,0
CEDIS,8032622276428,0,0,0
CEDIS,8032622276466,0,0,0
CEDIS,8032622276480,0,0,0
CEDIS,8032622276503,2,4,6
CEDIS,8032622276510,2,3,5
CEDIS,8032622276527,1,2,3
CEDIS,8032622276800,0,0,0
CEDIS,8032622276817,2,3,5
CEDIS,8032622277142,2,4,6
CEDIS,8032622277159,4,6,9
CEDIS,8032622277173,3,5,8
CEDIS,8032622277203,1,2,3
CEDIS,8032622277210,2,3,5
CEDIS,8032622277227,0,1,1
CEDIS,8032622278064,2,4,6
CEDIS,8032622278101,0,0,0
CEDIS,8032622278125,2,3,5
CEDIS,8032622278132,3,5,8
CEDIS,8032622278194,0,0,0
CEDIS,8032622278217,1,2,3
CEDIS,8032622278309,5,8,13
CEDIS,8032622278385,1,2,3
CEDIS,8032622278446,2,4,6
CEDIS,8032622278460,2,3,5
CEDIS,8032622278484,2,3,5
CEDIS,8032622278866,0,0,0
CEDIS,8032622279368,0,0,0
CEDIS,8032622279580,1,2,3
CEDIS,8032622279597,0,0,0
CEDIS,8050444852637,0,0,0
CEDIS,8050444852897,0,0,0
CEDIS,8050519680110,0,3,3
CEDIS,8050519680189,1,4,5
CEDIS,8050519682510,1,4,5
CEDIS,8050519682565,2,6,8
CEDIS,8050519682633,1,5,6
CEDIS,8050519682640,2,6,8
CEDIS,8050519683029,0,0,0
CEDIS,8050519683289,1,5,6
CEDIS,8050519683418,2,6,8
CEDIS,8050519683425,1,4,5
CEDIS,8050519683524,1,5,6
CEDIS,8050519683531,0,0,0
CEDIS,8050519683876,0,2,2
CEDIS,8050519683890,1,4,5
CEDIS,8050519684170,1,5,6
CEDIS,8050519684187,1,4,5
CEDIS,8050519684200,0,0,0
CEDIS,8050519684552,0,0,0
CEDIS,8050519684583,1,4,5
CEDIS,8050519684613,0,0,0
CEDIS,8050519684736,1,5,6
CEDIS,8050519684743,2,6,7
CEDIS,8050519684996,1,4,5
CEDIS,8055510240035,0,0,0
CEDIS,8055510240516,1,2,3
CEDIS,8055510242480,0,0,0
CEDIS,8055510243241,0,0,0
CEDIS,8056666020007,1,2,3
CEDIS,8056666020014,0,0,0
CEDIS,8056666020021,0,0,0
CEDIS,8056666020038,1,2,3
CEDIS,8056666020045,1,2,3
CEDIS,8163780224720,4,6,10
CEDIS,8163780225574,18,25,43
CEDIS,8163780226946,25,35,59
CEDIS,8201035426162,0,0,0
CEDIS,8411660802231,15,21,36
CEDIS,8413400001799,0,0,0
CEDIS,8413400002246,0,0,0
CEDIS,8413400004448,0,0,0
CEDIS,8423372000072,2,3,5
CEDIS,8423372000096,20,27,46
CEDIS,8423372000157,2,3,5
CEDIS,8423372000232,9,14,24
CEDIS,8423372000249,0,0,0
CEDIS,8423372000331,7,11,18
CEDIS,8423372000515,14,19,33
CEDIS,8423372000621,0,0,0
CEDIS,8423372000645,2,3,5
CEDIS,8423372010019,0,0,0
CEDIS,8423372020056,41,53,94
CEDIS,8423372021046,0,0,0
CEDIS,8423372021138,8,13,21
CEDIS,8423372025006,10,15,25
CEDIS,8423372025044,5,8,13
CEDIS,8423372025051,6,9,15
CEDIS,8423372025082,2,4,6
CEDIS,8423372026010,9,14,23
CEDIS,8423372034213,2,3,5
CEDIS,8423372034237,3,5,8
CEDIS,8423372034244,0,0,0
CEDIS,8423372034251,0,0,0
CEDIS,8423372034275,0,0,0
CEDIS,8423372034282,2,3,5
CEDIS,8423372034299,1,2,3
CEDIS,8423372034909,3,5,8
CEDIS,8423372040009,7,10,17
CEDIS,8423372040023,12,18,29
CEDIS,8423372040078,20,28,48
CEDIS,8423372040337,6,9,15
CEDIS,8423372040351,2,3,5
CEDIS,8423372040382,5,8,13
CEDIS,8423372040443,4,7,11
CEDIS,8423372041006,3,4,7
CEDIS,8423372048302,0,0,0
CEDIS,8423372049088,0,0,0
CEDIS,8423372049453,0,0,0
CEDIS,8423372800061,17,24,41
CEDIS,8423372800153,5,7,13
CEDIS,8423372800238,2,3,5
CEDIS,8423372800290,5,8,13
CEDIS,8423372800375,0,0,0
CEDIS,8423372800399,0,0,0
CEDIS,8423372800429,10,15,25
CEDIS,8423372800436,3,5,8
CEDIS,8423372800450,4,7,11
CEDIS,8423372800467,17,23,39
CEDIS,8423372801280,0,0,0
CEDIS,8423372801303,2,4,6
CEDIS,8423372820328,2,4,6
CEDIS,8423372830204,5,8,13
CEDIS,8423372840173,13,19,33
CEDIS,8423372840210,11,16,27
CEDIS,8424551084323,0,1,1
CEDIS,8424561001689,0,0,0
CEDIS,8424561002037,7,11,18
CEDIS,8424561002457,2,3,5
CEDIS,8424561002969,8,13,22
CEDIS,8424561003515,0,0,0
CEDIS,8424561003522,0,0,0
CEDIS,8424561003690,7,10,17
CEDIS,8424561005892,0,0,0
CEDIS,8424561008008,7,10,16
CEDIS,8424561008015,4,5,9
CEDIS,8424561008046,4,7,11
CEDIS,8424561008053,2,3,5
CEDIS,8424561008060,1,2,3
CEDIS,8424561008077,2,3,4
CEDIS,8424561008121,4,5,9
CEDIS,8424561008152,2,3,5
CEDIS,8424561008176,3,5,8
CEDIS,8424561008190,0,0,0
CEDIS,8424561008329,2,3,5
CEDIS,8424561008336,1,2,3
CEDIS,8424561008350,3,4,7
CEDIS,8424561008374,3,5,8
CEDIS,8424561008459,0,0,0
CEDIS,8424561008473,3,5,9
CEDIS,8424561008497,1,2,3
CEDIS,8424561008565,27,38,64
CEDIS,8424561008572,2,3,5
CEDIS,8424561008589,0,0,0
CEDIS,8424561008596,1,2,3
CEDIS,8424561008602,2,3,4
CEDIS,8424561008619,0,0,0
CEDIS,8424561008626,5,9,14
CEDIS,8424561008633,0,0,0
CEDIS,8424561008664,0,0,0
CEDIS,8424561008763,0,0,0
CEDIS,8424561008787,0,0,0
CEDIS,8424561008909,2,3,5
CEDIS,8424561008916,0,0,0
CEDIS,8424561008923,2,3,5
CEDIS,8424561008930,0,0,0
CEDIS,8424561008947,12,19,31
CEDIS,8424561008954,7,11,18
CEDIS,8424561008961,9,14,23
CEDIS,8424561009142,0,0,0
CEDIS,8424561009227,0,0,0
CEDIS,8424561009234,0,0,0
CEDIS,8424561009388,3,5,8
CEDIS,8424561009395,2,3,5
CEDIS,8424561009401,5,8,13
CEDIS,8424561009531,2,3,5
CEDIS,8424561009562,7,11,17
CEDIS,8424561009579,0,0,0
CEDIS,8424561009586,0,0,0
CEDIS,8424561009593,0,0,0
CEDIS,8424561009609,9,13,21
CEDIS,8424561009616,3,5,8
CEDIS,8424561009623,13,19,31
CEDIS,8424561009630,3,5,8
CEDIS,8424561009647,3,4,7
CEDIS,8424561009654,5,8,13
CEDIS,8424561009678,5,9,14
CEDIS,8424561009685,3,5,8
CEDIS,8424561009722,0,0,0
CEDIS,8424561009739,0,0,0
CEDIS,8424561009784,0,0,0
CEDIS,8424561010094,9,13,22
CEDIS,8424561010278,3,4,7
CEDIS,8424561010285,0,0,0
CEDIS,8424561010292,2,3,5
CEDIS,8424561010315,1,2,3
CEDIS,8424561010339,2,3,5
CEDIS,8424561010346,7,11,18
CEDIS,8424561010407,8,11,19
CEDIS,8424561010421,0,0,0
CEDIS,8424561081834,1,2,3
CEDIS,8424561081841,1,2,3
CEDIS,8424561081858,2,3,5
CEDIS,8424561081896,0,0,0
CEDIS,8424561081964,3,5,8
CEDIS,8424561082930,1,2,3
CEDIS,8424561082947,2,3,5
CEDIS,8424561082954,2,4,6
CEDIS,8424561083258,4,6,10
CEDIS,8424561083333,14,19,33
CEDIS,8424561083555,1,3,4
CEDIS,8424561083647,1,2,3
CEDIS,8424561001672,0,0,0
CEDIS,8424561083753,1,2,2
CEDIS,8428749000044,0,1,1
CEDIS,8428749000051,0,1,1
CEDIS,8428749000242,0,2,2
CEDIS,8428749000549,0,0,0
CEDIS,8428749000556,1,2,3
CEDIS,8428749000976,0,0,0
CEDIS,8428749001157,6,9,15
CEDIS,8428749582106,0,0,0
CEDIS,8428749001188,7,11,18
CEDIS,8428749582205,0,0,0
CEDIS,8428749001225,16,23,38
CEDIS,8428749002178,0,0,0
CEDIS,8428749945505,0,0,0
CEDIS,8428749006749,1,2,2
CEDIS,8428749534105,5,7,11
CEDIS,8428749534600,2,3,5
CEDIS,8428749535805,5,9,14
CEDIS,8428749536000,2,3,5
CEDIS,8428749583905,2,3,5
CEDIS,8428749631309,0,0,0
CEDIS,8428749646600,0,0,0
CEDIS,8428749662105,1,2,3
CEDIS,8428749694908,0,0,0
CEDIS,8428749696100,0,0,0
CEDIS,8428749771005,1,2,3
CEDIS,8428749771104,0,0,0
CEDIS,8428749807605,3,4,6
CEDIS,8428749819004,0,0,0
CEDIS,8428749819103,0,0,0
CEDIS,8428749819301,0,0,0
CEDIS,8428749819400,0,0,0
CEDIS,8428749821106,0,0,0
CEDIS,8428749831204,2,3,4
CEDIS,8428749845706,0,0,0
CEDIS,8428749846109,0,0,0
CEDIS,8428749849803,0,0,0
CEDIS,8428749849902,0,0,0
CEDIS,8428749850007,0,0,0
CEDIS,8428749854906,0,0,0
CEDIS,8428749868200,0,0,0
CEDIS,8428749868507,0,0,0
CEDIS,8428749868804,0,0,0
CEDIS,8428749872900,1,2,3
CEDIS,8428749884200,0,0,0
CEDIS,8428749884309,1,2,3
CEDIS,8428749884408,1,2,3
CEDIS,8428749899204,0,0,0
CEDIS,8428749899402,6,9,15
CEDIS,8428749899501,3,5,8
CEDIS,8428749899600,2,3,5
CEDIS,8428749899709,0,0,0
CEDIS,8428749908005,0,0,0
CEDIS,8428749908708,3,4,7
CEDIS,8428749913603,0,2,2
CEDIS,8428749000563,0,0,0
CEDIS,8428749913900,0,0,0
CEDIS,8428749915409,0,0,0
CEDIS,8428749582304,0,0,0
CEDIS,8428749938408,1,2,3
CEDIS,8428749943105,1,2,3
CEDIS,8428749943204,0,0,0
CEDIS,8428749944904,1,2,3
CEDIS,8428749945109,0,0,0
CEDIS,8428749945307,0,2,2
CEDIS,8428749945604,1,2,3
CEDIS,8428749945703,0,0,0
CEDIS,8428749945802,1,3,4
CEDIS,8428749989905,2,3,5
CEDIS,8428749844402,0,0,0
CEDIS,8428749990000,3,5,8
CEDIS,8428749990109,2,3,5
CEDIS,8428749844600,0,0,0
CEDIS,8428749990208,1,2,3
CEDIS,8429420048652,0,0,0
CEDIS,8429420050921,5,8,13
CEDIS,8429420062313,25,34,58
CEDIS,8429420069411,0,0,0
CEDIS,8429420070974,0,0,0
CEDIS,8429420083585,19,23,42
CEDIS,8429420084674,0,0,0
CEDIS,8429420096967,5,9,14
CEDIS,8429420107496,0,0,0
CEDIS,8429420107502,116,145,260
CEDIS,8429420108493,0,0,0
CEDIS,8429420109445,4,7,11
CEDIS,8429420113138,0,0,0
CEDIS,8429420113374,17,24,40
CEDIS,8429420113923,0,0,0
CEDIS,8429420114609,0,0,0
CEDIS,8429420125117,14,21,34
CEDIS,8429420128644,5,8,13
CEDIS,8429420132474,0,0,0
CEDIS,8429420132672,2,3,5
CEDIS,8429420132788,0,0,0
CEDIS,8429420135185,5,8,13
CEDIS,8429420138933,0,0,0
CEDIS,8429420139336,2,3,5
CEDIS,8429420144002,21,30,50
CEDIS,8429420144835,3,5,8
CEDIS,8429420145177,0,0,0
CEDIS,8429420145245,0,0,0
CEDIS,8429420151789,0,0,0
CEDIS,8429420152120,22,32,54
CEDIS,8429420154186,44,59,103
CEDIS,8429420156982,2,3,5
CEDIS,8429420160668,22,31,53
CEDIS,8429420160750,12,19,31
CEDIS,8429420160804,4,7,11
CEDIS,8429420161214,35,47,81
CEDIS,8429420161245,0,0,0
CEDIS,8429420164406,2,3,5
CEDIS,8429420164994,17,25,42
CEDIS,8429420165472,2,3,5
CEDIS,8429420166547,3,5,8
CEDIS,8429420171749,0,0,0
CEDIS,8429420172401,5,8,13
CEDIS,8429420175303,9,13,22
CEDIS,8429420175310,5,8,13
CEDIS,8429420175327,6,10,16
CEDIS,8429420175341,7,11,18
CEDIS,8429420175372,3,5,8
CEDIS,8429420181014,0,0,0
CEDIS,8429420181021,0,0,0
CEDIS,8429420181052,0,0,0
CEDIS,8429420181106,0,0,0
CEDIS,8429420181113,0,0,0
CEDIS,8429420181137,0,0,0
CEDIS,8429420184527,15,22,37
CEDIS,8429420184558,4,6,10
CEDIS,8429420187962,8,13,21
CEDIS,8429420188020,5,8,13
CEDIS,8429420192263,0,0,0
CEDIS,8429420196377,6,9,15
CEDIS,8429420200678,16,23,40
CEDIS,8429420200814,8,13,21
CEDIS,8429420201361,2,3,5
CEDIS,8429420203082,14,20,34
CEDIS,8429420204348,6,9,15
CEDIS,8429420215078,1,2,3
CEDIS,8429420226135,0,0,0
CEDIS,8429420218758,0,0,0
CEDIS,8429420222465,16,23,39
CEDIS,8429420222472,15,22,38
CEDIS,8429420222779,3,5,8
CEDIS,8429420222946,0,0,0
CEDIS,8429420222984,3,5,8
CEDIS,8429420223028,1,2,4
CEDIS,8429420223349,4,7,11
CEDIS,8429420223455,0,0,0
CEDIS,8429420226265,58,76,135
CEDIS,8429420226272,3,5,9
CEDIS,8429420227590,1,5,6
CEDIS,8429420227606,7,10,17
CEDIS,8429420236219,39,51,90
CEDIS,8429420236769,1,2,3
CEDIS,8429420243385,3,5,8
CEDIS,8429420216075,0,0,0
CEDIS,8429420244191,18,25,41
CEDIS,8429420245341,8,13,22
CEDIS,8429420246881,1,2,4
CEDIS,8429420249875,0,0,0
CEDIS,8429420251366,3,5,8
CEDIS,8429420251632,1,3,5
CEDIS,8429420256354,0,0,0
CEDIS,8429420260979,28,39,67
CEDIS,842920252493,0,0,0
CEDIS,8429420261389,13,19,31
CEDIS,8429420265813,0,0,0
CEDIS,8429420268302,1,3,4
CEDIS,8429420271968,1,2,3
CEDIS,8429420280885,70,90,158
CEDIS,8429420281103,4,6,10
CEDIS,8429420282865,5,8,13
CEDIS,8429420285064,2,5,7
CEDIS,8429420288171,1,4,5
CEDIS,8429420288188,1,3,4
CEDIS,8429420291317,3,4,6
CEDIS,8429420292871,3,4,7
CEDIS,8429420292888,4,7,10
CEDIS,8429420292901,3,7,9
CEDIS,8429420301320,0,1,1
CEDIS,8470001716125,0,0,0
CEDIS,8429420306936,14,20,23
CEDIS,8470001654557,0,0,0
CEDIS,8429420307261,3,7,8
CEDIS,8429420307988,3,7,9
CEDIS,8429420310001,0,0,0
CEDIS,8429420311411,0,3,3
CEDIS,8429420313590,1,5,6
CEDIS,8429420313606,1,5,6
CEDIS,8429420313620,1,5,6
CEDIS,8429420313637,0,1,1
CEDIS,8429420318137,0,0,0
CEDIS,8429979201058,0,0,0
CEDIS,8429979250223,0,0,0
CEDIS,8429979250230,0,0,0
CEDIS,8429979252166,0,0,0
CEDIS,8429979252173,0,0,0
CEDIS,8429979252180,0,0,0
CEDIS,8429979263070,1,2,3
CEDIS,8429979263087,0,0,0
CEDIS,8429979387073,0,0,0
CEDIS,8429979414540,0,0,0
CEDIS,8429979414564,0,0,0
CEDIS,8429979414571,0,0,0
CEDIS,8429979414588,0,0,0
CEDIS,8429979417312,2,3,5
CEDIS,8429979444615,0,0,0
CEDIS,8429979417343,0,0,0
CEDIS,8429979417534,0,0,0
CEDIS,8429979417541,0,0,0
CEDIS,8429979418609,0,0,0
CEDIS,8429979419446,0,0,0
CEDIS,8429979419835,0,0,0
CEDIS,8429979421531,0,0,0
CEDIS,8429979425638,1,2,3
CEDIS,8429979425645,0,0,0
CEDIS,8429979425881,1,2,3
CEDIS,8429979425898,0,1,1
CEDIS,8429979426109,0,0,0
CEDIS,8429979426345,0,0,0
CEDIS,8429979428165,0,0,0
CEDIS,8429979430403,0,0,0
CEDIS,8429979432933,0,0,0
CEDIS,8429979432940,2,3,5
CEDIS,8429979433732,0,0,0
CEDIS,8429979435309,0,0,0
CEDIS,8429979438188,0,0,0
CEDIS,8429979438232,0,0,0
CEDIS,8429979439093,0,0,0
CEDIS,8429979439765,2,4,6
CEDIS,8429979440365,0,0,0
CEDIS,8429979442413,1,2,3
CEDIS,8429979442437,0,0,0
CEDIS,8429979444325,17,24,41
CEDIS,8429979444363,2,3,5
CEDIS,8429979444370,18,25,43
CEDIS,8429979444417,12,17,29
CEDIS,8429979444448,12,18,30
CEDIS,8429979444493,1,2,3
CEDIS,8429979444509,0,0,0
CEDIS,8429979444707,0,0,0
CEDIS,8429979444929,0,0,0
CEDIS,8429979444936,0,0,0
CEDIS,8429979445315,0,0,0
CEDIS,8429979445636,0,0,0
CEDIS,8429979445698,0,0,0
CEDIS,8429979445858,0,0,0
CEDIS,8429979445889,0,0,0
CEDIS,8429979446169,0,0,0
CEDIS,8429979182006,0,0,0
CEDIS,8429979456069,0,0,0
CEDIS,8429979456090,0,0,0
CEDIS,8429979457240,0,0,0
CEDIS,8429979458223,1,2,3
CEDIS,8429979462169,4,6,10
CEDIS,8429979463197,0,0,0
CEDIS,8429979463500,0,0,0
CEDIS,8429979472595,0,0,0
CEDIS,8429979474940,0,0,0
CEDIS,8470003274944,0,0,0
CEDIS,8429979475121,1,2,3
CEDIS,8429979479440,1,2,3
CEDIS,8429979444608,0,0,0
CEDIS,8429979480583,7,11,18
CEDIS,8429979481979,1,2,3
CEDIS,8429979481986,0,0,0
CEDIS,7898939803099,0,0,0
CEDIS,8430308133841,0,0,0
CEDIS,8430340038418,4,7,11
CEDIS,8430340038432,2,3,5
CEDIS,8431166181418,1,2,3
CEDIS,8431166260021,1,2,3
CEDIS,8431166260106,1,2,3
CEDIS,8431166260137,0,0,0
CEDIS,8436012780104,0,0,0
CEDIS,8436012781231,0,0,0
CEDIS,8436012781248,0,0,0
CEDIS,8436012781255,0,0,0
CEDIS,8436012781262,0,0,0
CEDIS,8436012781279,0,0,0
CEDIS,8436012781286,0,0,0
CEDIS,8436012781293,0,0,0
CEDIS,8436012781309,0,0,0
CEDIS,8436012781316,0,0,0
CEDIS,8436012781330,0,0,0
CEDIS,8436012781347,0,0,0
CEDIS,8436012781354,0,0,0
CEDIS,8436012781361,0,0,0
CEDIS,8436012781378,0,0,0
CEDIS,8436012781408,0,0,0
CEDIS,8436012781415,0,0,0
CEDIS,8436012781422,0,0,0
CEDIS,8436012781439,0,0,0
CEDIS,8436012781460,0,0,0
CEDIS,8436012781507,0,0,0
CEDIS,8436012781514,0,0,0
CEDIS,8436012781521,0,0,0
CEDIS,8436012781538,0,0,0
CEDIS,8436012781552,0,0,0
CEDIS,8436012781576,0,0,0
CEDIS,8436012781583,0,0,0
CEDIS,8436012781590,0,0,0
CEDIS,8436012781606,0,0,0
CEDIS,8436012781613,0,0,0
CEDIS,8436012781620,0,0,0
CEDIS,8436012781637,0,0,0
CEDIS,8436012781644,0,0,0
CEDIS,8436012781651,0,0,0
CEDIS,8436012781668,0,0,0
CEDIS,8436012781675,0,0,0
CEDIS,8436012781699,0,0,0
CEDIS,8436012781705,0,0,0
CEDIS,8436012781712,0,0,0
CEDIS,8436012781729,0,0,0
CEDIS,8436012781750,0,0,0
CEDIS,8436012781767,0,0,0
CEDIS,8436012782139,0,0,0
CEDIS,8436012782177,0,0,0
CEDIS,8436012782252,0,0,0
CEDIS,8436012782276,0,0,0
CEDIS,8436012782306,0,0,0
CEDIS,8436012782320,0,0,0
CEDIS,8436012782436,0,0,0
CEDIS,8436012782733,0,0,0
CEDIS,8436012782771,0,0,0
CEDIS,8436012782818,0,0,0
CEDIS,8436012782931,0,0,0
CEDIS,8436012782962,0,0,0
CEDIS,8436012782979,0,0,0
CEDIS,8436012782986,0,0,0
CEDIS,8436012783129,0,0,0
CEDIS,8436012783204,0,0,0
CEDIS,8436012783273,0,0,0
CEDIS,8436019940600,0,0,0
CEDIS,8436019941300,2,3,5
CEDIS,8436019948170,0,0,0
CEDIS,8436019949368,12,15,26
CEDIS,8436019949740,0,0,0
CEDIS,8436019950272,3,5,7
CEDIS,8436019950685,0,0,0
CEDIS,8436019950692,0,0,0
CEDIS,8436019950708,1,3,4
CEDIS,8436019951750,1,2,3
CEDIS,8436019951767,1,2,3
CEDIS,8436019951774,0,0,0
CEDIS,8436019952559,1,4,5
CEDIS,8436019952788,0,0,0
CEDIS,8436019953396,1,2,3
CEDIS,8436019953495,0,0,0
CEDIS,8436019953501,19,25,43
CEDIS,8436019953662,0,0,0
CEDIS,8436019953693,1,2,3
CEDIS,8436019953877,0,0,0
CEDIS,8436019953884,1,2,3
CEDIS,8436019954034,0,0,0
CEDIS,8436019954072,11,15,25
CEDIS,8436019954089,0,0,0
CEDIS,8436019954232,0,0,0
CEDIS,8436019954249,1,4,5
CEDIS,8436019954270,16,21,36
CEDIS,8436019954546,4,6,10
CEDIS,8436019954553,6,8,14
CEDIS,8436019954560,2,3,5
CEDIS,8436019954720,1,4,5
CEDIS,8436019954737,1,4,5
CEDIS,8436019954744,1,2,3
CEDIS,8436019954775,3,5,8
CEDIS,8436019954782,5,8,13
CEDIS,8436019954997,0,0,0
CEDIS,8436019955093,0,0,0
CEDIS,8436019955109,2,3,5
CEDIS,8436574360455,29,40,67
CEDIS,8436574360523,65,82,148
CEDIS,8436574360844,0,0,0
CEDIS,8436574361032,26,36,62
CEDIS,8436574361582,2,3,5
CEDIS,8436574361599,9,13,22
CEDIS,8436574361605,15,22,38
CEDIS,8436574362336,7,11,18
CEDIS,8436574362442,20,30,50
CEDIS,8436574362459,16,23,39
CEDIS,8436574363166,35,47,82
CEDIS,8436574363388,23,34,58
CEDIS,8436574363654,10,14,23
CEDIS,8436574363692,6,10,16
CEDIS,8436574364033,3,8,10
CEDIS,7502264950419,0,0,0
CEDIS,8436574364316,28,42,68
CEDIS,8436574364460,12,18,29
CEDIS,8436574364484,2,6,8
CEDIS,8436574365139,3,8,11
CEDIS,8436574365344,0,0,0
CEDIS,8436574365351,0,0,0
CEDIS,8436589050525,2,3,5
CEDIS,8436589050532,0,0,0
CEDIS,8436589050754,10,14,23
CEDIS,8436589050761,10,14,23
CEDIS,8436589051010,8,12,20
CEDIS,8436589051027,4,7,11
CEDIS,8436589051065,4,6,10
CEDIS,8436589051072,1,2,3
CEDIS,8436589051089,2,3,5
CEDIS,8436589051140,2,3,5
CEDIS,8436589051157,0,0,0
CEDIS,8436589051478,5,8,13
CEDIS,8436589051485,13,18,31
CEDIS,8436589051713,8,12,19
CEDIS,8436589051720,2,4,6
CEDIS,8436589051119,0,0,0
CEDIS,8436589051744,2,3,5
CEDIS,8436589051768,18,24,41
CEDIS,8436589051775,0,0,0
CEDIS,8436589051799,4,7,11
CEDIS,8436589051836,4,6,10
CEDIS,8436589052161,0,0,0
CEDIS,8436589052185,10,14,23
CEDIS,8436589052192,3,5,9
CEDIS,8436589052499,0,0,0
CEDIS,8436589052574,8,12,20
CEDIS,8436589052581,15,22,36
CEDIS,8436589053120,0,0,0
CEDIS,8436589053137,1,2,3
CEDIS,8436589053144,0,0,0
CEDIS,8436589053403,2,7,9
CEDIS,8436589053410,1,5,6
CEDIS,8436589053571,3,8,11
CEDIS,8437000435013,0,0,0
CEDIS,8437000435020,1,2,4
CEDIS,8437000435037,0,0,0
CEDIS,8437000435051,0,0,0
CEDIS,8437000435068,12,18,30
CEDIS,8437000435075,1,2,3
CEDIS,8437000435105,1,2,3
CEDIS,8437000435112,0,0,0
CEDIS,8437000435129,3,5,8
CEDIS,8437000435136,2,3,5
CEDIS,8437000435150,2,4,6
CEDIS,8437000435167,2,3,5
CEDIS,8437000435204,0,0,0
CEDIS,8437000435235,1,2,3
CEDIS,8437000435273,0,0,0
CEDIS,8437000435297,1,2,3
CEDIS,8437000435334,1,2,3
CEDIS,8437000435372,0,0,0
CEDIS,8437000435389,2,3,5
CEDIS,8437000435402,3,5,8
CEDIS,8437000435419,2,3,5
CEDIS,8437000435440,1,2,3
CEDIS,8437000435457,0,0,0
CEDIS,8437000435464,0,0,0
CEDIS,8437000435471,6,9,14
CEDIS,8437000435556,4,6,10
CEDIS,8437000435563,5,8,13
CEDIS,8437000435587,0,0,0
CEDIS,8437000435594,1,2,3
CEDIS,8437000435600,2,3,5
CEDIS,8437000435709,18,25,42
CEDIS,8437000435716,7,11,18
CEDIS,8437000435761,2,3,4
CEDIS,8437000435839,0,0,0
CEDIS,8437000435860,5,7,12
CEDIS,8437000435891,5,8,13
CEDIS,8437013372008,0,0,0
CEDIS,8437013372138,0,0,0
CEDIS,8437013372145,0,0,0
CEDIS,8437013372152,0,0,0
CEDIS,8437013372213,0,0,0
CEDIS,8437013372220,0,0,0
CEDIS,8437013372237,0,0,0
CEDIS,8437013372305,0,0,0
CEDIS,8437013372473,0,0,0
CEDIS,8437015460369,4,7,11
CEDIS,8437015460376,0,0,0
CEDIS,8437015460413,1,2,3
CEDIS,8437015460529,0,0,0
CEDIS,8437015550923,8,12,20
CEDIS,8437015942087,0,0,0
CEDIS,8437015942094,19,28,47
CEDIS,8437015942100,17,24,40
CEDIS,8437015942117,5,8,13
CEDIS,8437015942148,0,0,0
CEDIS,8437015942278,2,3,5
CEDIS,8437015942285,2,3,5
CEDIS,8437015942292,3,4,7
CEDIS,8437015942308,1,2,3
CEDIS,8437015942315,1,2,3
CEDIS,8437015942322,1,2,3
CEDIS,8437015942360,6,10,16
CEDIS,8437015942384,1,2,3
CEDIS,8437015942407,6,9,15
CEDIS,8437015942599,8,12,19
CEDIS,8437015942704,3,5,9
CEDIS,8437015942728,16,23,38
CEDIS,8437015942759,2,4,6
CEDIS,8437019178062,7,11,18
CEDIS,8437019178086,6,11,17
CEDIS,8437019178239,3,5,8
CEDIS,8437019178246,2,3,5
CEDIS,8437019178611,4,6,10
CEDIS,8437019178666,12,17,29
CEDIS,8437019178680,4,7,11
CEDIS,8470000478949,0,0,0
CEDIS,8470001507983,21,30,51
CEDIS,8470001509833,1,2,3
CEDIS,8470001509840,3,4,6
CEDIS,8470001512154,0,0,0
CEDIS,8470001520357,4,7,11
CEDIS,8470001525369,5,7,13
CEDIS,8470001527349,5,9,14
CEDIS,8470001529688,4,7,12
CEDIS,8470001531773,0,0,0
CEDIS,8470001532411,5,9,14
CEDIS,8470001532435,7,11,18
CEDIS,8470001535627,0,0,0
CEDIS,8470001535634,0,0,0
CEDIS,8470001535641,0,0,0
CEDIS,8470001536990,0,0,0
CEDIS,8470001537171,0,0,0
CEDIS,8470001538765,0,0,0
CEDIS,8470001541871,10,15,25
CEDIS,8470001547927,6,9,15
CEDIS,8470001559319,0,0,0
CEDIS,8470001563750,0,0,0
CEDIS,8470001564832,42,56,99
CEDIS,8470001585066,2,4,6
CEDIS,8470001592453,26,36,60
CEDIS,8470001612335,6,10,16
CEDIS,8470001612731,1,2,4
CEDIS,8470001613233,0,0,0
CEDIS,8470001615688,5,8,13
CEDIS,8470001625069,5,8,12
CEDIS,8470001631695,9,14,23
CEDIS,8470001631718,5,8,13
CEDIS,8470001638151,0,0,0
CEDIS,8470001648198,26,36,62
CEDIS,8470001653499,14,20,35
CEDIS,8470001653505,6,10,17
CEDIS,8470001657909,2,3,5
CEDIS,8470001674234,15,22,36
CEDIS,8470001679864,0,0,0
CEDIS,8470001682673,0,0,0
CEDIS,8470001691880,2,3,5
CEDIS,8470001699664,19,27,46
CEDIS,8470001702852,8,12,19
CEDIS,8470001715043,0,0,0
CEDIS,8470001724137,67,86,153
CEDIS,8470001729057,0,0,0
CEDIS,8470001743749,4,6,10
CEDIS,8470001746092,0,0,0
CEDIS,8470001757104,1,5,6
CEDIS,8470001769145,4,6,10
CEDIS,8470001769169,0,0,0
CEDIS,8470001769190,0,0,0
CEDIS,8470001769213,0,0,0
CEDIS,8470001776211,59,77,134
CEDIS,8470001800435,0,0,0
CEDIS,8470001806475,11,17,29
CEDIS,8470001812353,5,8,13
CEDIS,8470001813800,19,27,45
CEDIS,8470001821478,4,6,10
CEDIS,8470001822758,5,8,13
CEDIS,8470001825506,0,0,0
CEDIS,8470001847607,86,106,191
CEDIS,8470001855107,5,8,13
CEDIS,8470001864802,0,0,0
CEDIS,8470001864826,0,0,0
CEDIS,8470001866608,12,18,30
CEDIS,8470001870483,14,21,35
CEDIS,8470001873583,19,27,46
CEDIS,8470001873590,80,101,181
CEDIS,8470001875815,5,7,12
CEDIS,8470001880154,0,0,0
CEDIS,8470001894342,25,35,60
CEDIS,8470001895752,0,0,0
CEDIS,8470001901200,1,3,4
CEDIS,8470001908285,13,19,32
CEDIS,8470001915528,12,19,30
CEDIS,8470001930156,50,66,118
CEDIS,8470001939456,46,60,106
CEDIS,8470001945761,18,26,44
CEDIS,8470001951854,0,0,0
CEDIS,8470001977786,48,63,110
CEDIS,8470001977793,72,91,162
CEDIS,8470001982032,0,0,0
CEDIS,8470001982049,0,0,0
CEDIS,8470001982056,0,0,0
CEDIS,8470001997302,15,22,37
CEDIS,8470002006454,2,3,5
CEDIS,8470002024434,41,55,95
CEDIS,8470002029224,0,0,0
CEDIS,8470002029231,0,0,0
CEDIS,8470002029293,4,6,10
CEDIS,8470002031746,0,0,0
CEDIS,8470002044272,41,55,96
CEDIS,8470002063754,10,15,25
CEDIS,8470002073241,4,6,10
CEDIS,8470002075221,0,0,0
CEDIS,8470002075306,0,0,0
CEDIS,8470002075559,1,2,3
CEDIS,8470002076747,11,16,26
CEDIS,8470002089471,17,24,41
CEDIS,8470002094857,27,38,66
CEDIS,8470002100657,6,9,15
CEDIS,8470002111363,23,33,56
CEDIS,8470002116511,20,27,47
CEDIS,8470002117075,8,12,20
CEDIS,8470002117181,8,12,20
CEDIS,8470002129856,5,7,12
CEDIS,8470002141452,6,9,15
CEDIS,8470002141469,46,61,106
CEDIS,8470002147102,29,39,65
CEDIS,8470002160040,3,5,8
CEDIS,8470002259539,2,3,4
CEDIS,8470002282131,0,0,0
CEDIS,8470002456938,0,0,0
CEDIS,8470002507951,0,0,0
CEDIS,8470002541856,0,0,0
CEDIS,8470002568594,0,0,0
CEDIS,8470003004343,0,0,0
CEDIS,8470003031981,0,0,0
CEDIS,8470003041478,0,0,0
CEDIS,8470003058629,1,2,3
CEDIS,8470003085434,0,0,0
CEDIS,8470003244268,0,0,0
CEDIS,8470003244343,0,0,0
CEDIS,8470003245920,6,10,16
CEDIS,8470003310338,0,0,0
CEDIS,8470003407625,0,0,0
CEDIS,8470003429757,11,17,28
CEDIS,8470003468237,53,67,120
CEDIS,8470003635158,1,2,3
CEDIS,8470003640916,0,0,0
CEDIS,8470003691321,0,0,0
CEDIS,8470003808576,2,4,7
CEDIS,8470003854764,1,2,3
CEDIS,8470003854849,12,18,30
CEDIS,8470003913423,0,0,0
CEDIS,8470003924238,0,0,0
CEDIS,8470003925143,0,0,0
CEDIS,8470003935876,5,7,11
CEDIS,8470003950954,0,0,0
CEDIS,8470003951784,0,0,0
CEDIS,8470003987509,11,17,28
CEDIS,8594179650484,0,0,0
CEDIS,8594179650491,0,0,0
CEDIS,8594179650514,0,0,0
CEDIS,8594179650583,0,0,0
CEDIS,8594179650668,0,0,0
CEDIS,8594179650675,0,0,0
CEDIS,8594179650699,0,0,0
CEDIS,8594179650705,0,0,0
CEDIS,8594179653690,0,0,0
CEDIS,8594179654130,0,0,0
CEDIS,8594179654147,0,0,0
CEDIS,8594179654161,0,0,0
CEDIS,8697711700019,0,0,0
CEDIS,8697711700026,0,0,0
CEDIS,8697711700040,0,0,0
CEDIS,8697711700057,0,0,0
CEDIS,8697711700064,0,0,0
CEDIS,8697711700705,0,0,0
CEDIS,8697711701009,0,0,0
CEDIS,8697711701054,0,0,0
CEDIS,8701129813638,1,2,3
CEDIS,8809151130046,0,0,0
CEDIS,8809151131180,0,0,0
CEDIS,8809151131357,0,0,0
CEDIS,8809151131715,0,0,0
CEDIS,8809151132057,0,0,0
CEDIS,8809151132224,0,0,0
CEDIS,8809151132231,0,0,0
CEDIS,8809151133009,0,0,0
CEDIS,8809151133658,0,0,0
CEDIS,8809151134358,0,0,0
CEDIS,8809151138608,0,0,0
CEDIS,8809151138875,0,0,0
CEDIS,8809151139957,0,0,0
CEDIS,8809171385273,0,0,0
CEDIS,8809238960276,0,0,0
CEDIS,8809326337898,0,0,0
CEDIS,8809326338185,1,2,3
CEDIS,8809353537889,0,0,0
CEDIS,8809389034291,0,1,1
CEDIS,8809416470009,2,3,5
CEDIS,8809416470016,4,6,10
CEDIS,8809416470245,3,5,8
CEDIS,8809416470511,3,5,8
CEDIS,8809598450622,0,1,1
CEDIS,8809598450646,3,5,8
CEDIS,8809598450653,5,8,13
CEDIS,8809598451032,0,0,0
CEDIS,8809598451070,3,5,8
CEDIS,8809598451926,0,0,0
CEDIS,8809598452350,3,5,8
CEDIS,8809598452800,0,0,0
CEDIS,8809598453401,1,2,3
CEDIS,8809598453869,2,3,5
CEDIS,8809598453876,1,3,4
CEDIS,8809598454637,20,26,44
CEDIS,8809598454644,2,3,5
CEDIS,8809598454651,1,2,3
CEDIS,8809598455627,2,3,5
CEDIS,8809598455658,9,12,20
CEDIS,8809626569852,2,3,5
CEDIS,8809783328620,0,0,0
CEDIS,8809872440608,0,0,0
CEDIS,8809872441070,0,1,1
CEDIS,8809954941627,1,2,3
CEDIS,8809954941634,2,3,5
CEDIS,8809954942341,0,1,1
CEDIS,8904091104475,0,0,0
CEDIS,8904091125722,8,12,19
CEDIS,8904091131976,2,4,6
CEDIS,8904091147304,0,0,0
CEDIS,8904091147311,0,0,0
CEDIS,8904091150434,0,0,0
CEDIS,8904091150496,4,6,10
CEDIS,8904091182084,11,16,28
CEDIS,8904091182091,8,12,19
CEDIS,8904091183517,6,9,15
CEDIS,8904091185467,0,0,0
CEDIS,8904091187324,0,0,0
CEDIS,8904091189120,2,3,5
CEDIS,9501588437390,0,0,0
CEDIS,9504281398548,1,2,3
CEDIS,9506442647915,1,2,3
CEDIS,9509272748128,0,1,1
CEDIS,9923372820322,1,2,3
CEDIS,33378756951760,0,0,0
CEDIS,37760192240383,0,0,0
CEDIS,88093890338740,18,25,42
CEDIS,1692G,1,2,3
CEDIS,CANTABRIA1,0,0,0
CEDIS,G201,0,0,0
CEDIS,G202,0,0,0
CEDIS,G203,44,56,100
CEDIS,G204,14,19,33
CEDIS,G205,0,0,0
CEDIS,G206,0,0,0
CEDIS,G207,0,0,0
CEDIS,G208,0,0,0
CEDIS,G210,0,0,0
CEDIS,G211,4,6,10
CEDIS,G212,3,4,7
CEDIS,G217,0,0,0
CEDIS,G218,0,0,0
CEDIS,G219,0,0,0
CEDIS,G220,0,0,0
CEDIS,G221,0,0,0
CEDIS,G222,0,0,0
CEDIS,G223,0,0,0
CEDIS,G224,0,0,0
CEDIS,G225,0,0,0
CEDIS,G226,0,0,0
CEDIS,G227,0,0,0
CEDIS,G228,2,3,5
CEDIS,G230,0,0,0
CEDIS,G231,0,0,0
CEDIS,G232,0,0,0
CEDIS,G233,0,0,0
CEDIS,G234,2,3,5
CEDIS,G235,0,0,0
CEDIS,G236,0,0,0
CEDIS,G237,0,0,0
CEDIS,G239,0,0,0
CEDIS,ISDIN1,0,0,0
CEDIS,KITPRUEBA,0,0,0
CEDIS,LPG1,0,0,0
CEDIS,LPG2,0,0,0
CEDIS,M100,1,3,4
CEDIS,M250,1,3,4
CEDIS,M500,1,4,5
CEDIS,MIN0002,0,0,0
CEDIS,PKPATCH,0,0,0
CEDIS,PROMO001,0,0,0
CEDIS,PROMO002,0,0,0
CEDIS,PROMO003,0,0,0
CEDIS,PROMO004,0,0,0
CEDIS,PROMO005,0,0,0
CEDIS,PROMO006,0,0,0
CEDIS,PROMO007,0,0,0
CEDIS,PROMO008,0,0,0
CEDIS,PROMO009,0,0,0
CEDIS,PROMO010,0,0,0
CEDIS,PROMO011,0,0,0
CEDIS,PROMO012,0,0,0
CEDIS,PROMO013,0,0,0
CEDIS,PROMO014,0,0,0
CEDIS,TEST019,0,0,0
CEDIS,TEST02,0,0,0
CEDIS,TEST020,0,0,0
CEDIS,TEST021,0,0,0
CEDIS,TEST022,0,0,0
CEDIS,TEST023,0,0,0
CEDIS,TEST024,0,0,0
CEDIS,TEST025,0,0,0
CEDIS,TEST026,0,0,0
CEDIS,TEST027,0,0,0
CEDIS,TEST028,0,0,0
CEDIS,TEST029,0,0,0
CEDIS,TEST03,0,0,0
CEDIS,TEST030,0,0,0
CEDIS,TEST031,0,0,0
CEDIS,TEST032,0,0,0
CEDIS,TEST033,0,0,0
CEDIS,TEST034,0,0,0
CEDIS,TEST035,0,0,0
CEDIS,TEST036,0,0,0
CEDIS,TEST04,0,0,0
CEDIS,TEST05,0,0,0
CEDIS,TEST06,0,0,0
CEDIS,TEST07,0,0,0
CEDIS,TEST08,0,0,0
CEDIS,TEST09,0,0,0
CEDIS,TEST10,0,0,0
CEDIS,TEST11,0,0,0
CEDIS,TEST12,0,0,0
CEDIS,TEST13,0,0,0
CEDIS,TEST14,0,0,0
CEDIS,TEST15,0,0,0
CEDIS,TEST16,0,0,0
CEDIS,TEST17,0,0,0
CEDIS,TEST18,0,0,0
CEDIS,TESTER,0,0,0
