Almacen,Código de barras,Stock min,ROP,Stock Max
Sucursal Guadalajara,1,0,0,0
Sucursal Guadalajara,2,0,0,0
Sucursal Guadalajara,3,0,0,0
Sucursal Guadalajara,4,0,0,0
Sucursal Guadalajara,5,0,0,0
Sucursal Guadalajara,6,0,0,0
Sucursal Guadalajara,7,0,0,0
Sucursal Guadalajara,8,0,0,0
Sucursal Guadalajara,9,0,0,0
Sucursal Guadalajara,10,0,0,0
Sucursal Guadalajara,11,0,0,0
Sucursal Guadalajara,12,0,0,0
Sucursal Guadalajara,13,0,0,0
Sucursal Guadalajara,14,0,0,0
Sucursal Guadalajara,15,0,0,0
Sucursal Guadalajara,16,0,0,0
Sucursal Guadalajara,17,0,0,0
Sucursal Guadalajara,18,0,0,0
Sucursal Guadalajara,19,0,0,0
Sucursal Guadalajara,20,0,0,0
Sucursal Guadalajara,21,0,0,0
Sucursal Guadalajara,22,0,0,0
Sucursal Guadalajara,23,0,0,0
Sucursal Guadalajara,24,0,0,0
Sucursal Guadalajara,25,0,0,0
Sucursal Guadalajara,26,0,0,0
Sucursal Guadalajara,27,0,0,0
Sucursal Guadalajara,28,0,0,0
Sucursal Guadalajara,29,0,0,0
Sucursal Guadalajara,30,0,0,0
Sucursal Guadalajara,31,0,0,0
Sucursal Guadalajara,32,0,0,0
Sucursal Guadalajara,33,0,0,0
Sucursal Guadalajara,34,0,0,0
Sucursal Guadalajara,35,0,0,0
Sucursal Guadalajara,36,0,0,0
Sucursal Guadalajara,37,0,0,0
Sucursal Guadalajara,38,0,0,0
Sucursal Guadalajara,39,0,0,0
Sucursal Guadalajara,40,0,0,0
Sucursal Guadalajara,41,0,0,0
Sucursal Guadalajara,42,0,0,0
Sucursal Guadalajara,88,0,0,0
Sucursal Guadalajara,89,0,0,0
Sucursal Guadalajara,100,0,0,0
Sucursal Guadalajara,101,0,0,0
Sucursal Guadalajara,102,0,0,0
Sucursal Guadalajara,103,0,0,0
Sucursal Guadalajara,105,0,0,0
Sucursal Guadalajara,106,0,0,0
Sucursal Guadalajara,107,0,0,0
Sucursal Guadalajara,108,0,0,0
Sucursal Guadalajara,109,0,0,0
Sucursal Guadalajara,111,0,0,0
Sucursal Guadalajara,112,0,0,0
Sucursal Guadalajara,113,0,0,0
Sucursal Guadalajara,115,0,0,0
Sucursal Guadalajara,116,0,0,0
Sucursal Guadalajara,117,0,0,0
Sucursal Guadalajara,118,0,0,0
Sucursal Guadalajara,119,0,0,0
Sucursal Guadalajara,120,0,0,0
Sucursal Guadalajara,121,0,0,0
Sucursal Guadalajara,122,0,0,0
Sucursal Guadalajara,123,0,0,0
Sucursal Guadalajara,124,0,0,0
Sucursal Guadalajara,125,0,0,0
Sucursal Guadalajara,126,0,0,0
Sucursal Guadalajara,127,0,0,0
Sucursal Guadalajara,128,0,0,0
Sucursal Guadalajara,129,0,0,0
Sucursal Guadalajara,130,0,0,0
Sucursal Guadalajara,131,0,0,0
Sucursal Guadalajara,201,0,0,0
Sucursal Guadalajara,202,0,0,0
Sucursal Guadalajara,203,0,0,0
Sucursal Guadalajara,205,0,0,0
Sucursal Guadalajara,206,0,0,0
Sucursal Guadalajara,207,0,0,0
Sucursal Guadalajara,300,0,0,0
Sucursal Guadalajara,301,0,0,0
Sucursal Guadalajara,302,0,0,0
Sucursal Guadalajara,303,0,0,0
Sucursal Guadalajara,304,0,0,0
Sucursal Guadalajara,305,0,0,0
Sucursal Guadalajara,306,0,0,0
Sucursal Guadalajara,307,0,0,0
Sucursal Guadalajara,308,0,0,0
Sucursal Guadalajara,309,0,0,0
Sucursal Guadalajara,310,0,0,0
Sucursal Guadalajara,311,0,0,0
Sucursal Guadalajara,312,0,0,0
Sucursal Guadalajara,313,0,0,0
Sucursal Guadalajara,314,0,0,0
Sucursal Guadalajara,315,0,0,0
Sucursal Guadalajara,316,0,0,0
Sucursal Guadalajara,317,0,0,0
Sucursal Guadalajara,318,0,0,0
Sucursal Guadalajara,319,0,0,0
Sucursal Guadalajara,320,0,0,0
Sucursal Guadalajara,321,0,0,0
Sucursal Guadalajara,322,0,0,0
Sucursal Guadalajara,323,0,0,0
Sucursal Guadalajara,324,0,0,0
Sucursal Guadalajara,325,0,0,0
Sucursal Guadalajara,326,0,0,0
Sucursal Guadalajara,327,0,0,0
Sucursal Guadalajara,328,0,0,0
Sucursal Guadalajara,329,0,0,0
Sucursal Guadalajara,330,0,0,0
Sucursal Guadalajara,331,0,0,0
Sucursal Guadalajara,332,0,0,0
Sucursal Guadalajara,333,0,0,0
Sucursal Guadalajara,334,0,0,0
Sucursal Guadalajara,400,0,0,0
Sucursal Guadalajara,401,0,0,0
Sucursal Guadalajara,402,0,0,0
Sucursal Guadalajara,403,0,0,0
Sucursal Guadalajara,404,0,0,0
Sucursal Guadalajara,405,0,0,0
Sucursal Guadalajara,406,0,0,0
Sucursal Guadalajara,407,0,0,0
Sucursal Guadalajara,408,0,0,0
Sucursal Guadalajara,409,0,0,0
Sucursal Guadalajara,410,0,0,0
Sucursal Guadalajara,411,0,0,0
Sucursal Guadalajara,412,0,0,0
Sucursal Guadalajara,413,0,0,0
Sucursal Guadalajara,414,0,0,0
Sucursal Guadalajara,415,0,0,0
Sucursal Guadalajara,416,0,0,0
Sucursal Guadalajara,417,0,0,0
Sucursal Guadalajara,418,0,0,0
Sucursal Guadalajara,419,0,0,0
Sucursal Guadalajara,420,0,0,0
Sucursal Guadalajara,421,0,0,0
Sucursal Guadalajara,422,0,0,0
Sucursal Guadalajara,423,0,0,0
Sucursal Guadalajara,424,0,0,0
Sucursal Guadalajara,425,0,0,0
Sucursal Guadalajara,426,0,0,0
Sucursal Guadalajara,427,0,0,0
Sucursal Guadalajara,428,0,0,0
Sucursal Guadalajara,429,0,0,0
Sucursal Guadalajara,430,0,0,0
Sucursal Guadalajara,431,0,0,0
Sucursal Guadalajara,432,0,0,0
Sucursal Guadalajara,433,0,0,0
Sucursal Guadalajara,434,0,0,0
Sucursal Guadalajara,435,0,0,0
Sucursal Guadalajara,436,0,0,0
Sucursal Guadalajara,437,0,0,0
Sucursal Guadalajara,438,0,0,0
Sucursal Guadalajara,439,0,0,0
Sucursal Guadalajara,440,0,0,0
Sucursal Guadalajara,441,0,0,0
Sucursal Guadalajara,442,0,0,0
Sucursal Guadalajara,443,0,0,0
Sucursal Guadalajara,444,0,0,0
Sucursal Guadalajara,445,0,0,0
Sucursal Guadalajara,446,0,0,0
Sucursal Guadalajara,447,0,0,0
Sucursal Guadalajara,448,0,0,0
Sucursal Guadalajara,449,0,0,0
Sucursal Guadalajara,450,0,0,0
Sucursal Guadalajara,451,0,0,0
Sucursal Guadalajara,452,0,0,0
Sucursal Guadalajara,453,0,0,0
Sucursal Guadalajara,454,0,0,0
Sucursal Guadalajara,455,0,0,0
Sucursal Guadalajara,456,0,0,0
Sucursal Guadalajara,457,0,0,0
Sucursal Guadalajara,458,0,0,0
Sucursal Guadalajara,459,0,0,0
Sucursal Guadalajara,460,0,0,0
Sucursal Guadalajara,461,0,0,0
Sucursal Guadalajara,462,0,0,0
Sucursal Guadalajara,463,0,0,0
Sucursal Guadalajara,464,0,0,0
Sucursal Guadalajara,465,0,0,0
Sucursal Guadalajara,466,0,0,0
Sucursal Guadalajara,467,0,0,0
Sucursal Guadalajara,468,0,0,0
Sucursal Guadalajara,469,0,0,0
Sucursal Guadalajara,470,0,0,0
Sucursal Guadalajara,471,0,0,0
Sucursal Guadalajara,472,0,0,0
Sucursal Guadalajara,473,0,0,0
Sucursal Guadalajara,474,0,0,0
Sucursal Guadalajara,475,0,0,0
Sucursal Guadalajara,476,0,0,0
Sucursal Guadalajara,477,0,0,0
Sucursal Guadalajara,478,0,0,0
Sucursal Guadalajara,479,0,0,0
Sucursal Guadalajara,480,0,0,0
Sucursal Guadalajara,481,0,0,0
Sucursal Guadalajara,482,0,0,0
Sucursal Guadalajara,483,0,0,0
Sucursal Guadalajara,484,0,0,0
Sucursal Guadalajara,500,0,0,0
Sucursal Guadalajara,501,0,0,0
Sucursal Guadalajara,502,0,0,0
Sucursal Guadalajara,503,0,0,0
Sucursal Guadalajara,504,0,0,0
Sucursal Guadalajara,505,0,0,0
Sucursal Guadalajara,506,0,0,0
Sucursal Guadalajara,507,0,0,0
Sucursal Guadalajara,508,0,0,0
Sucursal Guadalajara,509,0,0,0
Sucursal Guadalajara,510,0,0,0
Sucursal Guadalajara,511,0,0,0
Sucursal Guadalajara,512,0,0,0
Sucursal Guadalajara,513,0,0,0
Sucursal Guadalajara,514,1,1,1
Sucursal Guadalajara,515,3,3,3
Sucursal Guadalajara,516,0,0,0
Sucursal Guadalajara,517,0,0,0
Sucursal Guadalajara,518,0,0,0
Sucursal Guadalajara,519,0,0,0
Sucursal Guadalajara,520,0,0,0
Sucursal Guadalajara,521,0,0,0
Sucursal Guadalajara,522,0,0,0
Sucursal Guadalajara,523,0,0,0
Sucursal Guadalajara,524,0,0,0
Sucursal Guadalajara,525,0,0,0
Sucursal Guadalajara,526,0,0,0
Sucursal Guadalajara,527,0,0,0
Sucursal Guadalajara,528,0,0,0
Sucursal Guadalajara,529,0,0,0
Sucursal Guadalajara,530,0,0,0
Sucursal Guadalajara,531,0,0,0
Sucursal Guadalajara,532,0,0,0
Sucursal Guadalajara,533,1,1,1
Sucursal Guadalajara,534,0,0,0
Sucursal Guadalajara,535,0,0,0
Sucursal Guadalajara,536,0,0,0
Sucursal Guadalajara,537,0,0,0
Sucursal Guadalajara,538,0,0,0
Sucursal Guadalajara,539,0,0,0
Sucursal Guadalajara,540,0,0,0
Sucursal Guadalajara,541,0,0,0
Sucursal Guadalajara,542,0,0,0
Sucursal Guadalajara,544,1,1,1
Sucursal Guadalajara,545,0,0,0
Sucursal Guadalajara,546,0,0,0
Sucursal Guadalajara,547,0,0,0
Sucursal Guadalajara,548,0,0,0
Sucursal Guadalajara,549,0,0,0
Sucursal Guadalajara,550,0,0,0
Sucursal Guadalajara,551,0,0,0
Sucursal Guadalajara,552,0,0,0
Sucursal Guadalajara,553,0,0,0
Sucursal Guadalajara,554,0,0,0
Sucursal Guadalajara,555,0,0,0
Sucursal Guadalajara,743,0,0,0
Sucursal Guadalajara,800,0,0,0
Sucursal Guadalajara,801,0,0,0
Sucursal Guadalajara,802,0,0,0
Sucursal Guadalajara,803,0,0,0
Sucursal Guadalajara,1300,0,0,0
Sucursal Guadalajara,1301,0,0,0
Sucursal Guadalajara,1302,0,0,0
Sucursal Guadalajara,1303,0,0,0
Sucursal Guadalajara,1304,0,0,0
Sucursal Guadalajara,1305,0,0,0
Sucursal Guadalajara,1306,0,0,0
Sucursal Guadalajara,2001,50,50,75
Sucursal Guadalajara,2003,0,0,0
Sucursal Guadalajara,2004,0,0,0
Sucursal Guadalajara,2005,0,0,0
Sucursal Guadalajara,2006,0,0,0
Sucursal Guadalajara,2009,0,0,0
Sucursal Guadalajara,2010,0,0,0
Sucursal Guadalajara,2011,0,0,0
Sucursal Guadalajara,2012,0,0,0
Sucursal Guadalajara,2013,0,0,0
Sucursal Guadalajara,2015,0,0,0
Sucursal Guadalajara,2846,0,0,0
Sucursal Guadalajara,3000,0,0,0
Sucursal Guadalajara,6018,0,0,0
Sucursal Guadalajara,6020,0,0,0
Sucursal Guadalajara,6097,0,0,0
Sucursal Guadalajara,6137,0,0,0
Sucursal Guadalajara,6175,0,0,0
Sucursal Guadalajara,6221,0,0,0
Sucursal Guadalajara,6487,0,0,0
Sucursal Guadalajara,6490,0,0,0
Sucursal Guadalajara,6622,0,0,0
Sucursal Guadalajara,6662,0,0,0
Sucursal Guadalajara,6665,0,0,0
Sucursal Guadalajara,6727,0,0,0
Sucursal Guadalajara,6732,0,0,0
Sucursal Guadalajara,7117,0,0,0
Sucursal Guadalajara,10000,0,0,0
Sucursal Guadalajara,13039,0,0,0
Sucursal Guadalajara,85049,0,0,0
Sucursal Guadalajara,85050,0,0,0
Sucursal Guadalajara,85051,0,0,0
Sucursal Guadalajara,85052,0,0,0
Sucursal Guadalajara,85053,0,0,0
Sucursal Guadalajara,85054,0,0,0
Sucursal Guadalajara,85055,0,0,0
Sucursal Guadalajara,85056,0,0,0
Sucursal Guadalajara,123456,0,0,0
Sucursal Guadalajara,159357,0,0,0
Sucursal Guadalajara,654321,0,0,0
Sucursal Guadalajara,4002066,0,0,0
Sucursal Guadalajara,5230105,0,0,0
Sucursal Guadalajara,5610108,0,0,0
Sucursal Guadalajara,6101116,0,0,0
Sucursal Guadalajara,6683595,0,0,0
Sucursal Guadalajara,30106659,0,0,0
Sucursal Guadalajara,53131613,0,0,0
Sucursal Guadalajara,3304990000,0,0,0
Sucursal Guadalajara,19962494116,0,0,0
Sucursal Guadalajara,19962494215,0,0,0
Sucursal Guadalajara,19962494314,0,0,0
Sucursal Guadalajara,19962494413,0,0,0
Sucursal Guadalajara,19962494512,0,0,0
Sucursal Guadalajara,60748000199,0,0,0
Sucursal Guadalajara,60748000472,0,0,0
Sucursal Guadalajara,60748001001,0,0,0
Sucursal Guadalajara,60748003718,0,0,0
Sucursal Guadalajara,70501010105,0,0,0
Sucursal Guadalajara,70501050651,0,0,0
Sucursal Guadalajara,70501060902,0,0,0
Sucursal Guadalajara,70501092002,0,0,0
Sucursal Guadalajara,70501092408,0,0,0
Sucursal Guadalajara,70501100134,0,0,0
Sucursal Guadalajara,90205022983,0,0,0
Sucursal Guadalajara,90205025335,0,0,0
Sucursal Guadalajara,90205025403,0,0,0
Sucursal Guadalajara,90205077563,0,0,0
Sucursal Guadalajara,90205077709,0,0,0
Sucursal Guadalajara,198168067376,0,0,0
Sucursal Guadalajara,198168129081,0,0,0
Sucursal Guadalajara,198168409480,0,0,0
Sucursal Guadalajara,198168739686,0,0,0
Sucursal Guadalajara,300093331020,0,0,0
Sucursal Guadalajara,326480044687,0,0,0
Sucursal Guadalajara,328270388497,0,0,0
Sucursal Guadalajara,337220000273,0,0,0
Sucursal Guadalajara,358892100309,0,0,0
Sucursal Guadalajara,358892101504,0,0,0
Sucursal Guadalajara,358892102044,0,0,0
Sucursal Guadalajara,358892103300,0,0,0
Sucursal Guadalajara,358892106851,0,0,0
Sucursal Guadalajara,358892113156,0,0,0
Sucursal Guadalajara,358892119011,0,0,0
Sucursal Guadalajara,358892122301,0,0,0
Sucursal Guadalajara,358892123308,0,0,0
Sucursal Guadalajara,358892129065,0,0,0
Sucursal Guadalajara,358892131501,0,0,0
Sucursal Guadalajara,358892132508,0,0,0
Sucursal Guadalajara,358892133505,0,0,0
Sucursal Guadalajara,358892134502,0,0,0
Sucursal Guadalajara,358892317011,0,0,0
Sucursal Guadalajara,358892319015,0,0,0
Sucursal Guadalajara,358892318018,0,0,0
Sucursal Guadalajara,358892326501,5,5,7
Sucursal Guadalajara,358892326853,0,0,0
Sucursal Guadalajara,358892336500,3,3,3
Sucursal Guadalajara,358892911882,0,0,0
Sucursal Guadalajara,362031536935,0,0,0
Sucursal Guadalajara,362032050010,0,0,0
Sucursal Guadalajara,362032050089,0,0,0
Sucursal Guadalajara,362032050522,0,0,0
Sucursal Guadalajara,362032050539,0,0,0
Sucursal Guadalajara,362032050546,0,0,0
Sucursal Guadalajara,362032050553,0,0,0
Sucursal Guadalajara,362032050560,0,0,0
Sucursal Guadalajara,362032065038,0,0,0
Sucursal Guadalajara,362032065243,0,0,0
Sucursal Guadalajara,362032065359,0,0,0
Sucursal Guadalajara,362032066011,0,0,0
Sucursal Guadalajara,362032070018,0,0,0
Sucursal Guadalajara,362032070056,0,0,0
Sucursal Guadalajara,362032070063,0,0,0
Sucursal Guadalajara,362032070131,0,0,0
Sucursal Guadalajara,362032070179,0,0,0
Sucursal Guadalajara,362032070193,0,0,0
Sucursal Guadalajara,362032070209,0,0,0
Sucursal Guadalajara,362032070445,0,0,0
Sucursal Guadalajara,362032070452,0,0,0
Sucursal Guadalajara,362032070582,0,0,0
Sucursal Guadalajara,362032072029,0,0,0
Sucursal Guadalajara,362032077680,0,0,0
Sucursal Guadalajara,362032079097,0,0,0
Sucursal Guadalajara,362032087909,0,0,0
Sucursal Guadalajara,362032100364,0,0,0
Sucursal Guadalajara,362032101361,0,0,0
Sucursal Guadalajara,362032116365,0,0,0
Sucursal Guadalajara,362032140100,0,0,0
Sucursal Guadalajara,362032161037,0,0,0
Sucursal Guadalajara,362032610047,0,0,0
Sucursal Guadalajara,362032612041,0,0,0
Sucursal Guadalajara,362032650074,0,0,0
Sucursal Guadalajara,362032811093,0,0,0
Sucursal Guadalajara,390205022694,1,1,1
Sucursal Guadalajara,390205022878,0,0,0
Sucursal Guadalajara,390205022892,2,2,2
Sucursal Guadalajara,390205025008,2,2,2
Sucursal Guadalajara,390205025107,0,0,0
Sucursal Guadalajara,390205025121,0,0,0
Sucursal Guadalajara,390205025206,3,3,3
Sucursal Guadalajara,390205025787,3,3,3
Sucursal Guadalajara,390205025824,2,2,2
Sucursal Guadalajara,608819261133,0,0,0
Sucursal Guadalajara,608819261164,0,0,0
Sucursal Guadalajara,608819261195,0,0,0
Sucursal Guadalajara,609207621133,3,3,3
Sucursal Guadalajara,635494310207,0,0,0
Sucursal Guadalajara,635494314120,0,0,0
Sucursal Guadalajara,635494314205,1,1,1
Sucursal Guadalajara,635494316124,0,0,0
Sucursal Guadalajara,635494317121,0,0,0
Sucursal Guadalajara,635494317206,1,1,1
Sucursal Guadalajara,635494323122,0,0,0
Sucursal Guadalajara,635494327120,0,0,0
Sucursal Guadalajara,635494327205,0,0,0
Sucursal Guadalajara,635494328202,0,0,0
Sucursal Guadalajara,635494330120,0,0,0
Sucursal Guadalajara,635494330205,0,0,0
Sucursal Guadalajara,635494331127,0,0,0
Sucursal Guadalajara,635494345254,0,0,0
Sucursal Guadalajara,635494347203,0,0,0
Sucursal Guadalajara,635494348200,0,0,0
Sucursal Guadalajara,635494349207,0,0,0
Sucursal Guadalajara,635494352122,0,0,0
Sucursal Guadalajara,635494358209,0,0,0
Sucursal Guadalajara,635494363210,2,2,2
Sucursal Guadalajara,635494377002,0,0,0
Sucursal Guadalajara,635494390124,0,0,0
Sucursal Guadalajara,635494391206,2,2,2
Sucursal Guadalajara,679795082005,0,0,0
Sucursal Guadalajara,679795082012,0,0,0
Sucursal Guadalajara,679795082029,0,0,0
Sucursal Guadalajara,679795082043,0,0,0
Sucursal Guadalajara,679795082050,0,0,0
Sucursal Guadalajara,679795082098,0,0,0
Sucursal Guadalajara,679795082128,0,0,0
Sucursal Guadalajara,679795082135,0,0,0
Sucursal Guadalajara,679795082142,0,0,0
Sucursal Guadalajara,679795083033,0,0,0
Sucursal Guadalajara,679795083057,0,0,0
Sucursal Guadalajara,679795083071,0,0,0
Sucursal Guadalajara,679795083088,0,0,0
Sucursal Guadalajara,679795083095,0,0,0
Sucursal Guadalajara,679795083118,0,0,0
Sucursal Guadalajara,679795083231,0,0,0
Sucursal Guadalajara,679795083248,0,0,0
Sucursal Guadalajara,679795083279,0,0,0
Sucursal Guadalajara,679795083309,0,0,0
Sucursal Guadalajara,679795083330,0,0,0
Sucursal Guadalajara,679795083347,0,0,0
Sucursal Guadalajara,679795083378,0,0,0
Sucursal Guadalajara,679795083392,0,0,0
Sucursal Guadalajara,679795083460,0,0,0
Sucursal Guadalajara,679795083484,0,0,0
Sucursal Guadalajara,679795083491,0,0,0
Sucursal Guadalajara,679795083507,0,0,0
Sucursal Guadalajara,679795083668,0,0,0
Sucursal Guadalajara,679795083682,0,0,0
Sucursal Guadalajara,679795083699,0,0,0
Sucursal Guadalajara,679795083705,0,0,0
Sucursal Guadalajara,679795083736,0,0,0
Sucursal Guadalajara,679795083798,0,0,0
Sucursal Guadalajara,679795083828,0,0,0
Sucursal Guadalajara,679795083835,0,0,0
Sucursal Guadalajara,679795083842,0,0,0
Sucursal Guadalajara,679795083859,0,0,0
Sucursal Guadalajara,679795083866,0,0,0
Sucursal Guadalajara,679795083910,0,0,0
Sucursal Guadalajara,679795083941,0,0,0
Sucursal Guadalajara,679795083965,0,0,0
Sucursal Guadalajara,679795084078,0,0,0
Sucursal Guadalajara,679795084085,0,0,0
Sucursal Guadalajara,679795084092,0,0,0
Sucursal Guadalajara,679795084252,0,0,0
Sucursal Guadalajara,679795084443,0,0,0
Sucursal Guadalajara,679795084450,0,0,0
Sucursal Guadalajara,679795084733,0,0,0
Sucursal Guadalajara,689076177184,0,0,0
Sucursal Guadalajara,689076327190,0,0,0
Sucursal Guadalajara,689076362153,3,3,3
Sucursal Guadalajara,689076724531,0,0,0
Sucursal Guadalajara,689076961370,0,0,0
Sucursal Guadalajara,705105259505,0,0,0
Sucursal Guadalajara,705105259604,0,0,0
Sucursal Guadalajara,705105299372,1,1,1
Sucursal Guadalajara,713443081016,0,0,0
Sucursal Guadalajara,713443081023,1,1,1
Sucursal Guadalajara,713443082006,0,0,0
Sucursal Guadalajara,713443082020,0,0,0
Sucursal Guadalajara,713443083003,0,0,0
Sucursal Guadalajara,713443083010,0,0,0
Sucursal Guadalajara,713443084017,0,0,0
Sucursal Guadalajara,713443084024,0,0,0
Sucursal Guadalajara,713443084031,0,0,0
Sucursal Guadalajara,713443085007,0,0,0
Sucursal Guadalajara,713443085014,0,0,0
Sucursal Guadalajara,713443085021,0,0,0
Sucursal Guadalajara,713443085038,0,0,0
Sucursal Guadalajara,713443085045,0,0,0
Sucursal Guadalajara,713443086011,0,0,0
Sucursal Guadalajara,713443087001,0,0,0
Sucursal Guadalajara,718122801534,2,2,2
Sucursal Guadalajara,718122887019,0,0,0
Sucursal Guadalajara,718122899173,0,0,0
Sucursal Guadalajara,724373569512,0,0,0
Sucursal Guadalajara,724373569567,0,0,0
Sucursal Guadalajara,724373569574,0,0,0
Sucursal Guadalajara,724373569598,0,0,0
Sucursal Guadalajara,724373569604,0,0,0
Sucursal Guadalajara,724373569642,0,0,0
Sucursal Guadalajara,724373569659,0,0,0
Sucursal Guadalajara,724373569666,0,0,0
Sucursal Guadalajara,724373569673,0,0,0
Sucursal Guadalajara,724373569703,0,0,0
Sucursal Guadalajara,724373569710,0,0,0
Sucursal Guadalajara,724373569727,0,0,0
Sucursal Guadalajara,726798307694,0,0,0
Sucursal Guadalajara,726798307700,0,0,0
Sucursal Guadalajara,726798307717,0,0,0
Sucursal Guadalajara,726798307724,0,0,0
Sucursal Guadalajara,726798307731,0,0,0
Sucursal Guadalajara,728028111422,0,0,0
Sucursal Guadalajara,728028111439,0,0,0
Sucursal Guadalajara,728028111446,0,0,0
Sucursal Guadalajara,728028111453,0,0,0
Sucursal Guadalajara,728028111460,0,0,0
Sucursal Guadalajara,728028111477,0,0,0
Sucursal Guadalajara,728028111491,0,0,0
Sucursal Guadalajara,728028151077,0,0,0
Sucursal Guadalajara,728028202595,0,0,0
Sucursal Guadalajara,728028202601,0,0,0
Sucursal Guadalajara,728028317626,0,0,0
Sucursal Guadalajara,728028317633,0,0,0
Sucursal Guadalajara,728028414912,0,0,0
Sucursal Guadalajara,728028414929,0,0,0
Sucursal Guadalajara,728028420340,0,0,0
Sucursal Guadalajara,728028435856,0,0,0
Sucursal Guadalajara,728028435870,0,0,0
Sucursal Guadalajara,728028455250,0,0,0
Sucursal Guadalajara,728028465525,0,0,0
Sucursal Guadalajara,728028465532,0,0,0
Sucursal Guadalajara,728028472547,0,0,0
Sucursal Guadalajara,728028472554,0,0,0
Sucursal Guadalajara,728028479775,0,0,0
Sucursal Guadalajara,728028479782,0,0,0
Sucursal Guadalajara,728028479799,0,0,0
Sucursal Guadalajara,728028479836,0,0,0
Sucursal Guadalajara,729208176651,0,0,0
Sucursal Guadalajara,732013250164,0,0,0
Sucursal Guadalajara,732013250171,0,0,0
Sucursal Guadalajara,732013250188,2,2,2
Sucursal Guadalajara,732013250195,0,0,0
Sucursal Guadalajara,732013301026,0,0,0
Sucursal Guadalajara,732013301040,0,0,0
Sucursal Guadalajara,732013301194,0,0,0
Sucursal Guadalajara,732013301323,0,0,0
Sucursal Guadalajara,732013301330,0,0,0
Sucursal Guadalajara,732013301347,0,0,0
Sucursal Guadalajara,732013301378,0,0,0
Sucursal Guadalajara,732013301385,0,0,0
Sucursal Guadalajara,732013301392,0,0,0
Sucursal Guadalajara,732013301415,0,0,0
Sucursal Guadalajara,732013301446,0,0,0
Sucursal Guadalajara,732013301453,0,0,0
Sucursal Guadalajara,732013301477,0,0,0
Sucursal Guadalajara,732013301507,0,0,0
Sucursal Guadalajara,732013301545,0,0,0
Sucursal Guadalajara,732013301552,0,0,0
Sucursal Guadalajara,732013301576,0,0,0
Sucursal Guadalajara,732013301583,0,0,0
Sucursal Guadalajara,732013301606,0,0,0
Sucursal Guadalajara,732013301613,0,0,0
Sucursal Guadalajara,732013301620,0,0,0
Sucursal Guadalajara,732013301651,0,0,0
Sucursal Guadalajara,732013301811,0,0,0
Sucursal Guadalajara,732013302092,0,0,0
Sucursal Guadalajara,732013302160,0,0,0
Sucursal Guadalajara,732013302481,0,0,0
Sucursal Guadalajara,732013302511,0,0,0
Sucursal Guadalajara,732013302689,0,0,0
Sucursal Guadalajara,732013302924,0,0,0
Sucursal Guadalajara,732013303013,2,2,2
Sucursal Guadalajara,732013303037,0,0,0
Sucursal Guadalajara,732013303051,2,2,2
Sucursal Guadalajara,732013303068,0,0,0
Sucursal Guadalajara,736211029546,2,2,2
Sucursal Guadalajara,736211284860,3,3,3
Sucursal Guadalajara,736211778659,0,0,0
Sucursal Guadalajara,736211778758,0,0,0
Sucursal Guadalajara,736211876881,0,0,0
Sucursal Guadalajara,736211877086,0,0,0
Sucursal Guadalajara,736631276513,0,0,0
Sucursal Guadalajara,736631276568,0,0,0
Sucursal Guadalajara,736631276575,0,0,0
Sucursal Guadalajara,736631276605,0,0,0
Sucursal Guadalajara,736631276643,0,0,0
Sucursal Guadalajara,736631276650,0,0,0
Sucursal Guadalajara,736631276667,0,0,0
Sucursal Guadalajara,736631276704,0,0,0
Sucursal Guadalajara,736631276711,0,0,0
Sucursal Guadalajara,736631276728,0,0,0
Sucursal Guadalajara,736631276834,0,0,0
Sucursal Guadalajara,745853456740,0,0,0
Sucursal Guadalajara,745853456757,0,0,0
Sucursal Guadalajara,763331477117,0,0,0
Sucursal Guadalajara,767331152127,0,0,0
Sucursal Guadalajara,767332100531,0,0,0
Sucursal Guadalajara,767332108278,0,0,0
Sucursal Guadalajara,767332109008,0,0,0
Sucursal Guadalajara,767332109039,0,0,0
Sucursal Guadalajara,767332109046,0,0,0
Sucursal Guadalajara,767332109251,0,0,0
Sucursal Guadalajara,767332150055,0,0,0
Sucursal Guadalajara,767332150192,0,0,0
Sucursal Guadalajara,767332150482,0,0,0
Sucursal Guadalajara,767332150222,0,0,0
Sucursal Guadalajara,767332150239,0,0,0
Sucursal Guadalajara,767332152370,0,0,0
Sucursal Guadalajara,767332152691,0,0,0
Sucursal Guadalajara,767332152721,0,0,0
Sucursal Guadalajara,767332153483,0,0,0
Sucursal Guadalajara,767332154022,0,0,0
Sucursal Guadalajara,767332154060,0,0,0
Sucursal Guadalajara,767332154107,0,0,0
Sucursal Guadalajara,767332154268,0,0,0
Sucursal Guadalajara,767332154275,0,0,0
Sucursal Guadalajara,767332154282,0,0,0
Sucursal Guadalajara,767332154558,0,0,0
Sucursal Guadalajara,767332154572,0,0,0
Sucursal Guadalajara,767332601243,0,0,0
Sucursal Guadalajara,767332601335,0,0,0
Sucursal Guadalajara,767332603773,0,0,0
Sucursal Guadalajara,767332603797,0,0,0
Sucursal Guadalajara,767332603810,0,0,0
Sucursal Guadalajara,767332603827,0,0,0
Sucursal Guadalajara,767332603919,0,0,0
Sucursal Guadalajara,767332800943,0,0,0
Sucursal Guadalajara,767332802541,0,0,0
Sucursal Guadalajara,767332802565,0,0,0
Sucursal Guadalajara,767332802725,0,0,0
Sucursal Guadalajara,767332802824,0,0,0
Sucursal Guadalajara,767332802947,0,0,0
Sucursal Guadalajara,767332803142,0,0,0
Sucursal Guadalajara,767332805146,0,0,0
Sucursal Guadalajara,767332805757,0,0,0
Sucursal Guadalajara,767332806402,0,0,0
Sucursal Guadalajara,767332806419,0,0,0
Sucursal Guadalajara,767332806433,0,0,0
Sucursal Guadalajara,767332806914,0,0,0
Sucursal Guadalajara,767332807935,0,0,0
Sucursal Guadalajara,767332807980,0,0,0
Sucursal Guadalajara,767332808239,0,0,0
Sucursal Guadalajara,767332808246,0,0,0
Sucursal Guadalajara,767332808307,0,0,0
Sucursal Guadalajara,767332808314,0,0,0
Sucursal Guadalajara,767332808338,0,0,0
Sucursal Guadalajara,767332808734,0,0,0
Sucursal Guadalajara,767332808864,0,0,0
Sucursal Guadalajara,767332808895,0,0,0
Sucursal Guadalajara,767332808970,0,0,0
Sucursal Guadalajara,767332809328,0,0,0
Sucursal Guadalajara,767332809632,0,0,0
Sucursal Guadalajara,767332810751,0,0,0
Sucursal Guadalajara,767332810799,0,0,0
Sucursal Guadalajara,767332811246,0,0,0
Sucursal Guadalajara,767332811284,0,0,0
Sucursal Guadalajara,767332811352,0,0,0
Sucursal Guadalajara,767332802312,0,0,0
Sucursal Guadalajara,767332928340,0,0,0
Sucursal Guadalajara,767332928364,0,0,0
Sucursal Guadalajara,767332928425,0,0,0
Sucursal Guadalajara,767332928463,0,0,0
Sucursal Guadalajara,768455102822,0,0,0
Sucursal Guadalajara,768455106912,0,0,0
Sucursal Guadalajara,788492808274,0,0,0
Sucursal Guadalajara,788492808275,0,0,0
Sucursal Guadalajara,792105676159,0,0,0
Sucursal Guadalajara,794504050004,0,0,0
Sucursal Guadalajara,797698113333,0,0,0
Sucursal Guadalajara,797776088935,0,0,0
Sucursal Guadalajara,798190088006,0,0,0
Sucursal Guadalajara,798190088020,0,0,0
Sucursal Guadalajara,798190088044,0,0,0
Sucursal Guadalajara,799439039063,0,0,0
Sucursal Guadalajara,799439039070,0,0,0
Sucursal Guadalajara,810066503083,0,0,0
Sucursal Guadalajara,810066503106,0,0,0
Sucursal Guadalajara,810066503250,0,0,0
Sucursal Guadalajara,810168640563,0,0,0
Sucursal Guadalajara,810168640648,0,0,0
Sucursal Guadalajara,810168640730,0,0,0
Sucursal Guadalajara,810866010019,0,0,0
Sucursal Guadalajara,810866010026,0,0,0
Sucursal Guadalajara,810866010040,0,0,0
Sucursal Guadalajara,810866010088,0,0,0
Sucursal Guadalajara,810866010361,0,0,0
Sucursal Guadalajara,810866010408,0,0,0
Sucursal Guadalajara,810866010446,0,0,0
Sucursal Guadalajara,810866010514,0,0,0
Sucursal Guadalajara,810866010545,0,0,0
Sucursal Guadalajara,810866010576,0,0,0
Sucursal Guadalajara,810866010606,0,0,0
Sucursal Guadalajara,810866010699,0,0,0
Sucursal Guadalajara,810866010750,0,0,0
Sucursal Guadalajara,810866010798,0,0,0
Sucursal Guadalajara,810866011832,0,0,0
Sucursal Guadalajara,810866011931,0,0,0
Sucursal Guadalajara,810866012051,0,0,0
Sucursal Guadalajara,810866012822,0,0,0
Sucursal Guadalajara,810866014079,0,0,0
Sucursal Guadalajara,810866014345,0,0,0
Sucursal Guadalajara,810866015038,0,0,0
Sucursal Guadalajara,810866015052,0,0,0
Sucursal Guadalajara,810866015144,0,0,0
Sucursal Guadalajara,810866016103,0,0,0
Sucursal Guadalajara,810866016592,0,0,0
Sucursal Guadalajara,810866016653,0,0,0
Sucursal Guadalajara,810866017964,0,0,0
Sucursal Guadalajara,811390010469,0,0,0
Sucursal Guadalajara,811390010582,0,0,0
Sucursal Guadalajara,813419020145,0,0,0
Sucursal Guadalajara,813419020589,0,0,0
Sucursal Guadalajara,813419020602,0,0,0
Sucursal Guadalajara,813419021371,0,0,0
Sucursal Guadalajara,813419021388,0,0,0
Sucursal Guadalajara,813419021708,0,0,0
Sucursal Guadalajara,813419021715,0,0,0
Sucursal Guadalajara,813419021722,0,0,0
Sucursal Guadalajara,813419021739,0,0,0
Sucursal Guadalajara,813419022446,0,0,0
Sucursal Guadalajara,813419022453,0,0,0
Sucursal Guadalajara,813419022460,0,0,0
Sucursal Guadalajara,813419022477,0,0,0
Sucursal Guadalajara,813419023504,0,0,0
Sucursal Guadalajara,813419023535,0,0,0
Sucursal Guadalajara,813419023573,0,0,0
Sucursal Guadalajara,813419023610,0,0,0
Sucursal Guadalajara,813419023634,0,0,0
Sucursal Guadalajara,813419023887,0,0,0
Sucursal Guadalajara,813419023900,1,1,1
Sucursal Guadalajara,813419023924,0,0,0
Sucursal Guadalajara,813419023948,0,0,0
Sucursal Guadalajara,813419023962,0,0,0
Sucursal Guadalajara,813419024013,0,0,0
Sucursal Guadalajara,813419024044,0,0,0
Sucursal Guadalajara,813419026659,0,0,0
Sucursal Guadalajara,813419026673,0,0,0
Sucursal Guadalajara,813419026697,0,0,0
Sucursal Guadalajara,813419026710,0,0,0
Sucursal Guadalajara,813419026796,0,0,0
Sucursal Guadalajara,813419026987,0,0,0
Sucursal Guadalajara,813419027052,0,0,0
Sucursal Guadalajara,813419027090,0,0,0
Sucursal Guadalajara,813419027151,0,0,0
Sucursal Guadalajara,813419027212,0,0,0
Sucursal Guadalajara,813419027342,0,0,0
Sucursal Guadalajara,813419027366,3,3,3
Sucursal Guadalajara,813419027380,3,3,3
Sucursal Guadalajara,813419027403,0,0,0
Sucursal Guadalajara,813419027854,0,0,0
Sucursal Guadalajara,813419028134,0,0,0
Sucursal Guadalajara,813419028141,0,0,0
Sucursal Guadalajara,813419028158,0,0,0
Sucursal Guadalajara,813424022400,0,0,0
Sucursal Guadalajara,813424022493,0,0,0
Sucursal Guadalajara,813424022530,0,0,0
Sucursal Guadalajara,813424022707,0,0,0
Sucursal Guadalajara,816378020119,0,0,0
Sucursal Guadalajara,816378020126,0,0,0
Sucursal Guadalajara,816378020300,0,0,0
Sucursal Guadalajara,816378020485,0,0,0
Sucursal Guadalajara,816378020843,0,0,0
Sucursal Guadalajara,816378021345,0,0,0
Sucursal Guadalajara,816378021352,0,0,0
Sucursal Guadalajara,816378021383,0,0,0
Sucursal Guadalajara,816378021475,0,0,0
Sucursal Guadalajara,816378021512,0,0,0
Sucursal Guadalajara,816378021628,0,0,0
Sucursal Guadalajara,816378021895,0,0,0
Sucursal Guadalajara,816378022083,0,0,0
Sucursal Guadalajara,816378022090,0,0,0
Sucursal Guadalajara,816378022106,0,0,0
Sucursal Guadalajara,816378022113,0,0,0
Sucursal Guadalajara,816378022120,0,0,0
Sucursal Guadalajara,816378022137,0,0,0
Sucursal Guadalajara,816378022144,0,0,0
Sucursal Guadalajara,816378022151,0,0,0
Sucursal Guadalajara,816378022168,0,0,0
Sucursal Guadalajara,816378022175,0,0,0
Sucursal Guadalajara,816378022199,0,0,0
Sucursal Guadalajara,816378022458,0,0,0
Sucursal Guadalajara,816378022489,0,0,0
Sucursal Guadalajara,816378022830,0,0,0
Sucursal Guadalajara,816378022991,0,0,0
Sucursal Guadalajara,816378020317,0,0,0
Sucursal Guadalajara,816378023028,0,0,0
Sucursal Guadalajara,816378023035,0,0,0
Sucursal Guadalajara,816378023059,0,0,0
Sucursal Guadalajara,816378023066,0,0,0
Sucursal Guadalajara,820103542616,0,0,0
Sucursal Guadalajara,820103542678,0,0,0
Sucursal Guadalajara,827854001119,0,0,0
Sucursal Guadalajara,827854008002,0,0,0
Sucursal Guadalajara,827854009924,0,0,0
Sucursal Guadalajara,827854009931,0,0,0
Sucursal Guadalajara,827854010111,0,0,0
Sucursal Guadalajara,827854010210,0,0,0
Sucursal Guadalajara,827854021605,0,0,0
Sucursal Guadalajara,833753000023,0,0,0
Sucursal Guadalajara,850019136104,0,0,0
Sucursal Guadalajara,850019136111,0,0,0
Sucursal Guadalajara,850028616000,0,0,0
Sucursal Guadalajara,850028616017,0,0,0
Sucursal Guadalajara,850028616086,0,0,0
Sucursal Guadalajara,850028616147,0,0,0
Sucursal Guadalajara,850028616154,0,0,0
Sucursal Guadalajara,850036932222,0,0,0
Sucursal Guadalajara,850320002086,0,0,0
Sucursal Guadalajara,850920002000,0,0,0
Sucursal Guadalajara,850920002017,0,0,0
Sucursal Guadalajara,850920002024,0,0,0
Sucursal Guadalajara,850920002031,0,0,0
Sucursal Guadalajara,850920002055,0,0,0
Sucursal Guadalajara,850920002062,0,0,0
Sucursal Guadalajara,850920002079,0,0,0
Sucursal Guadalajara,850920002116,0,0,0
Sucursal Guadalajara,850920002123,0,0,0
Sucursal Guadalajara,851857001012,0,0,0
Sucursal Guadalajara,851857001036,0,0,0
Sucursal Guadalajara,852681950200,0,0,0
Sucursal Guadalajara,852681950217,0,0,0
Sucursal Guadalajara,852681950316,0,0,0
Sucursal Guadalajara,852681950446,0,0,0
Sucursal Guadalajara,852681950477,0,0,0
Sucursal Guadalajara,852681950545,0,0,0
Sucursal Guadalajara,853206008246,0,0,0
Sucursal Guadalajara,853206008420,0,0,0
Sucursal Guadalajara,853206008628,0,0,0
Sucursal Guadalajara,853676003017,0,0,0
Sucursal Guadalajara,853676003031,0,0,0
Sucursal Guadalajara,853676003048,0,0,0
Sucursal Guadalajara,853676003055,0,0,0
Sucursal Guadalajara,853676003079,0,0,0
Sucursal Guadalajara,853676003093,0,0,0
Sucursal Guadalajara,853676003116,0,0,0
Sucursal Guadalajara,853676003208,0,0,0
Sucursal Guadalajara,853676003215,0,0,0
Sucursal Guadalajara,853676003222,0,0,0
Sucursal Guadalajara,853676003239,0,0,0
Sucursal Guadalajara,853676003246,0,0,0
Sucursal Guadalajara,853676003253,0,0,0
Sucursal Guadalajara,853676003260,0,0,0
Sucursal Guadalajara,853676003277,0,0,0
Sucursal Guadalajara,853676003284,0,0,0
Sucursal Guadalajara,853676003307,0,0,0
Sucursal Guadalajara,853676003321,0,0,0
Sucursal Guadalajara,853676003345,0,0,0
Sucursal Guadalajara,853676003352,0,0,0
Sucursal Guadalajara,853676003376,0,0,0
Sucursal Guadalajara,853676003383,0,0,0
Sucursal Guadalajara,853676003390,0,0,0
Sucursal Guadalajara,853676003406,0,0,0
Sucursal Guadalajara,853676003413,0,0,0
Sucursal Guadalajara,853676003420,0,0,0
Sucursal Guadalajara,853676003451,0,0,0
Sucursal Guadalajara,853676003468,0,0,0
Sucursal Guadalajara,853676003482,0,0,0
Sucursal Guadalajara,853676003529,0,0,0
Sucursal Guadalajara,853676003543,0,0,0
Sucursal Guadalajara,854049002057,0,0,0
Sucursal Guadalajara,854049002095,0,0,0
Sucursal Guadalajara,854049002118,0,0,0
Sucursal Guadalajara,854049002323,0,0,0
Sucursal Guadalajara,854763005938,0,0,0
Sucursal Guadalajara,856901008207,0,0,0
Sucursal Guadalajara,856901008221,0,0,0
Sucursal Guadalajara,856901008306,0,0,0
Sucursal Guadalajara,856901008429,0,0,0
Sucursal Guadalajara,856901008436,0,0,0
Sucursal Guadalajara,857376000406,0,0,0
Sucursal Guadalajara,881314134144,0,0,0
Sucursal Guadalajara,883140000778,1,1,1
Sucursal Guadalajara,891671002062,0,0,0
Sucursal Guadalajara,3031500000280,0,0,0
Sucursal Guadalajara,3031500311089,0,0,0
Sucursal Guadalajara,3031500311423,0,0,0
Sucursal Guadalajara,3031500311591,0,0,0
Sucursal Guadalajara,3031500311607,0,0,0
Sucursal Guadalajara,3031500311614,0,0,0
Sucursal Guadalajara,3031500311621,0,0,0
Sucursal Guadalajara,3031500311652,0,0,0
Sucursal Guadalajara,3264680002939,0,0,0
Sucursal Guadalajara,3264680003349,0,0,0
Sucursal Guadalajara,3264680003356,0,0,0
Sucursal Guadalajara,3264680003561,0,0,0
Sucursal Guadalajara,3264680003578,0,0,0
Sucursal Guadalajara,3264680003592,0,0,0
Sucursal Guadalajara,3264680004063,0,0,0
Sucursal Guadalajara,3264680004117,0,0,0
Sucursal Guadalajara,3264680004285,0,0,0
Sucursal Guadalajara,3264680004292,0,0,0
Sucursal Guadalajara,3264680004308,0,0,0
Sucursal Guadalajara,3264680004315,0,0,0
Sucursal Guadalajara,3264680004452,0,0,0
Sucursal Guadalajara,3264680005114,0,0,0
Sucursal Guadalajara,3264680005138,0,0,0
Sucursal Guadalajara,3264680005145,0,0,0
Sucursal Guadalajara,3264680005152,0,0,0
Sucursal Guadalajara,3264680005183,0,0,0
Sucursal Guadalajara,3264680005190,0,0,0
Sucursal Guadalajara,3264680005305,0,0,0
Sucursal Guadalajara,3264680005381,0,0,0
Sucursal Guadalajara,3264680005848,0,0,0
Sucursal Guadalajara,3264680005879,0,0,0
Sucursal Guadalajara,3264680006999,0,0,0
Sucursal Guadalajara,3264680007002,0,0,0
Sucursal Guadalajara,3264680007019,0,0,0
Sucursal Guadalajara,3264680007569,0,0,0
Sucursal Guadalajara,3264680007606,0,0,0
Sucursal Guadalajara,3264680008313,0,0,0
Sucursal Guadalajara,3264680008726,0,0,0
Sucursal Guadalajara,3264680009297,0,0,0
Sucursal Guadalajara,3264680009488,0,0,0
Sucursal Guadalajara,3264680009754,0,0,0
Sucursal Guadalajara,3264680009761,0,0,0
Sucursal Guadalajara,3264680009785,0,0,0
Sucursal Guadalajara,3264680010446,0,0,0
Sucursal Guadalajara,3264680010941,0,0,0
Sucursal Guadalajara,3264680012273,0,0,0
Sucursal Guadalajara,3264680012297,0,0,0
Sucursal Guadalajara,3264680012334,0,0,0
Sucursal Guadalajara,3264680012426,0,0,0
Sucursal Guadalajara,3264680012433,0,0,0
Sucursal Guadalajara,3264680012525,0,0,0
Sucursal Guadalajara,3264680013034,0,0,0
Sucursal Guadalajara,3264680015113,0,0,0
Sucursal Guadalajara,3264680015809,0,0,0
Sucursal Guadalajara,3264680015823,0,0,0
Sucursal Guadalajara,3264680015830,0,0,0
Sucursal Guadalajara,3264680015854,0,0,0
Sucursal Guadalajara,3264680015861,0,0,0
Sucursal Guadalajara,3264680015946,0,0,0
Sucursal Guadalajara,3264680015960,0,0,0
Sucursal Guadalajara,3264680016004,0,0,0
Sucursal Guadalajara,3264680016011,0,0,0
Sucursal Guadalajara,3264680016028,0,0,0
Sucursal Guadalajara,3264680016080,0,0,0
Sucursal Guadalajara,3264680016516,0,0,0
Sucursal Guadalajara,3264680016547,0,0,0
Sucursal Guadalajara,3264680016554,0,0,0
Sucursal Guadalajara,3264680021978,0,0,0
Sucursal Guadalajara,3264680022043,0,0,0
Sucursal Guadalajara,3264680022074,0,0,0
Sucursal Guadalajara,3264680022098,0,0,0
Sucursal Guadalajara,3264680022111,0,0,0
Sucursal Guadalajara,3264680022166,0,0,0
Sucursal Guadalajara,3264680023033,0,0,0
Sucursal Guadalajara,3264680023057,0,0,0
Sucursal Guadalajara,3264680023101,0,0,0
Sucursal Guadalajara,3264680023149,0,0,0
Sucursal Guadalajara,3264680023248,0,0,0
Sucursal Guadalajara,3264680023323,0,0,0
Sucursal Guadalajara,3264680023590,0,0,0
Sucursal Guadalajara,3264680023910,0,0,0
Sucursal Guadalajara,3264680024016,0,0,0
Sucursal Guadalajara,3264680024757,0,0,0
Sucursal Guadalajara,3264680024771,0,0,0
Sucursal Guadalajara,3264680024818,0,0,0
Sucursal Guadalajara,3264680024993,0,0,0
Sucursal Guadalajara,3264680026089,0,0,0
Sucursal Guadalajara,3264680026270,0,0,0
Sucursal Guadalajara,3264680027178,0,0,0
Sucursal Guadalajara,3264680027901,0,0,0
Sucursal Guadalajara,3264680027932,0,0,0
Sucursal Guadalajara,3264680028014,0,0,0
Sucursal Guadalajara,3264680032578,0,0,0
Sucursal Guadalajara,3264680032608,0,0,0
Sucursal Guadalajara,3264680034503,0,0,0
Sucursal Guadalajara,3264680034534,0,0,0
Sucursal Guadalajara,3264680034664,0,0,0
Sucursal Guadalajara,3264680034695,0,0,0
Sucursal Guadalajara,3264680037023,0,0,0
Sucursal Guadalajara,3264680038334,0,0,0
Sucursal Guadalajara,3264680039881,0,0,0
Sucursal Guadalajara,3264680039942,0,0,0
Sucursal Guadalajara,3264680039980,0,0,0
Sucursal Guadalajara,3264680014857,0,0,0
Sucursal Guadalajara,3264680041938,0,0,0
Sucursal Guadalajara,3264680014871,0,0,0
Sucursal Guadalajara,3264680041945,0,0,0
Sucursal Guadalajara,3264680014888,0,0,0
Sucursal Guadalajara,3264680043529,0,0,0
Sucursal Guadalajara,3264680044311,0,0,0
Sucursal Guadalajara,3264680044717,0,0,0
Sucursal Guadalajara,3282770021516,0,0,0
Sucursal Guadalajara,3282770030068,0,0,0
Sucursal Guadalajara,3282770035483,0,0,0
Sucursal Guadalajara,3282770037159,0,0,0
Sucursal Guadalajara,3282770037166,0,0,0
Sucursal Guadalajara,3282770037524,0,0,0
Sucursal Guadalajara,3282770037678,0,0,0
Sucursal Guadalajara,3282770038521,0,0,0
Sucursal Guadalajara,3282770038842,0,0,0
Sucursal Guadalajara,3282770044065,1,1,1
Sucursal Guadalajara,3282770049312,0,0,0
Sucursal Guadalajara,3282770049336,0,0,0
Sucursal Guadalajara,3282770049350,0,0,0
Sucursal Guadalajara,3282770049381,0,0,0
Sucursal Guadalajara,3282770049527,1,1,1
Sucursal Guadalajara,3282770055108,0,0,0
Sucursal Guadalajara,3282770072365,0,0,0
Sucursal Guadalajara,3282770072655,0,0,0
Sucursal Guadalajara,3282770073065,0,0,0
Sucursal Guadalajara,3282770073126,2,2,2
Sucursal Guadalajara,3282770073249,1,1,1
Sucursal Guadalajara,3282770073355,0,0,0
Sucursal Guadalajara,3282770073577,1,1,1
Sucursal Guadalajara,3282770074239,0,0,0
Sucursal Guadalajara,3282770074628,1,1,1
Sucursal Guadalajara,3282770074635,0,0,0
Sucursal Guadalajara,3282770074727,0,0,0
Sucursal Guadalajara,3282770074741,0,0,0
Sucursal Guadalajara,3282770074758,0,0,0
Sucursal Guadalajara,3282770075540,2,2,2
Sucursal Guadalajara,3282770075687,0,0,0
Sucursal Guadalajara,3282770075724,2,2,2
Sucursal Guadalajara,3282770100273,0,0,0
Sucursal Guadalajara,3282770100877,0,0,0
Sucursal Guadalajara,3282770101652,0,0,0
Sucursal Guadalajara,3282770101669,0,0,0
Sucursal Guadalajara,3282770104783,0,0,0
Sucursal Guadalajara,3282770104950,0,0,0
Sucursal Guadalajara,3282770106916,0,0,0
Sucursal Guadalajara,3282770108453,0,0,0
Sucursal Guadalajara,3282770108460,0,0,0
Sucursal Guadalajara,3282770109146,1,1,1
Sucursal Guadalajara,3282770110753,0,0,0
Sucursal Guadalajara,3282770114096,0,0,0
Sucursal Guadalajara,3282770114171,0,0,0
Sucursal Guadalajara,3282770114195,1,1,1
Sucursal Guadalajara,3282770114829,0,0,0
Sucursal Guadalajara,3282770114874,0,0,0
Sucursal Guadalajara,3282770139167,0,0,0
Sucursal Guadalajara,3282770139181,0,0,0
Sucursal Guadalajara,3282770139204,0,0,0
Sucursal Guadalajara,3282770139228,0,0,0
Sucursal Guadalajara,3282776382109,3,3,3
Sucursal Guadalajara,3282770141214,3,3,3
Sucursal Guadalajara,3282779368612,0,0,0
Sucursal Guadalajara,3282770141467,1,1,1
Sucursal Guadalajara,3282770141948,0,0,0
Sucursal Guadalajara,3282770143409,0,0,0
Sucursal Guadalajara,3282770143935,1,1,1
Sucursal Guadalajara,3282770143942,0,0,0
Sucursal Guadalajara,3282770144376,0,0,0
Sucursal Guadalajara,3282770144413,1,1,1
Sucursal Guadalajara,3282770144970,0,0,0
Sucursal Guadalajara,3282770145175,0,0,0
Sucursal Guadalajara,3282770146394,1,1,1
Sucursal Guadalajara,3282770146677,0,0,0
Sucursal Guadalajara,3282770146691,0,0,0
Sucursal Guadalajara,3282770146790,0,0,0
Sucursal Guadalajara,3282770148763,1,1,1
Sucursal Guadalajara,3282770149074,1,1,1
Sucursal Guadalajara,3282770149111,1,1,1
Sucursal Guadalajara,3282770149494,0,0,0
Sucursal Guadalajara,3282770149524,1,1,1
Sucursal Guadalajara,3282770149548,0,0,0
Sucursal Guadalajara,3282770149562,1,1,1
Sucursal Guadalajara,3282770149678,0,0,0
Sucursal Guadalajara,3282770149814,0,0,0
Sucursal Guadalajara,3282770152371,0,0,0
Sucursal Guadalajara,3282770152456,0,0,0
Sucursal Guadalajara,3282770152555,0,0,0
Sucursal Guadalajara,3282770152999,0,0,0
Sucursal Guadalajara,3282770153026,0,0,0
Sucursal Guadalajara,3282770153101,1,1,1
Sucursal Guadalajara,3282770153170,0,0,0
Sucursal Guadalajara,3282770153200,1,1,1
Sucursal Guadalajara,3282770153217,1,1,1
Sucursal Guadalajara,3282770153255,0,0,0
Sucursal Guadalajara,3282770153477,0,0,0
Sucursal Guadalajara,3282770153484,1,1,1
Sucursal Guadalajara,3282770153507,2,2,2
Sucursal Guadalajara,3282770154085,0,0,0
Sucursal Guadalajara,3282770155105,1,1,1
Sucursal Guadalajara,3282770155112,0,0,0
Sucursal Guadalajara,3282770152395,0,0,0
Sucursal Guadalajara,3282770155174,0,0,0
Sucursal Guadalajara,3282770200478,1,1,1
Sucursal Guadalajara,3282770200515,1,1,1
Sucursal Guadalajara,3282770200553,1,1,1
Sucursal Guadalajara,3282770200591,0,0,0
Sucursal Guadalajara,3282770201727,0,0,0
Sucursal Guadalajara,3282770202144,0,0,0
Sucursal Guadalajara,3282770202854,2,2,2
Sucursal Guadalajara,3282770205589,0,0,0
Sucursal Guadalajara,3282770205633,0,0,0
Sucursal Guadalajara,3282770205671,0,0,0
Sucursal Guadalajara,3282770205879,0,0,0
Sucursal Guadalajara,3282770207187,0,0,0
Sucursal Guadalajara,3282770207217,0,0,0
Sucursal Guadalajara,3282770207651,2,2,2
Sucursal Guadalajara,3282770207675,0,0,0
Sucursal Guadalajara,3282770207699,2,2,2
Sucursal Guadalajara,3282770207774,3,3,3
Sucursal Guadalajara,3282770208214,0,0,0
Sucursal Guadalajara,3282770208245,0,0,0
Sucursal Guadalajara,3282770209440,0,0,0
Sucursal Guadalajara,3282770209648,0,0,0
Sucursal Guadalajara,3282770388480,0,0,0
Sucursal Guadalajara,3282770388596,0,0,0
Sucursal Guadalajara,3282770388664,0,0,0
Sucursal Guadalajara,3282770388855,0,0,0
Sucursal Guadalajara,3282770388886,0,0,0
Sucursal Guadalajara,3282770388916,0,0,0
Sucursal Guadalajara,3282770389197,2,2,2
Sucursal Guadalajara,3282770389234,0,0,0
Sucursal Guadalajara,3282770389272,0,0,0
Sucursal Guadalajara,3282770389333,0,0,0
Sucursal Guadalajara,3282770389593,0,0,0
Sucursal Guadalajara,3282770390063,0,0,0
Sucursal Guadalajara,3282770390070,0,0,0
Sucursal Guadalajara,3282770390179,0,0,0
Sucursal Guadalajara,3282770390315,0,0,0
Sucursal Guadalajara,3282770390469,1,1,1
Sucursal Guadalajara,3282770390513,0,0,0
Sucursal Guadalajara,3282770391008,0,0,0
Sucursal Guadalajara,3282770391251,0,0,0
Sucursal Guadalajara,3282770391435,0,0,0
Sucursal Guadalajara,3282770391442,0,0,0
Sucursal Guadalajara,3282770391466,1,1,1
Sucursal Guadalajara,3282770391794,0,0,0
Sucursal Guadalajara,3282770392371,0,0,0
Sucursal Guadalajara,3282770392401,0,0,0
Sucursal Guadalajara,3282770392654,2,2,2
Sucursal Guadalajara,3282770392692,1,1,1
Sucursal Guadalajara,3282770393477,2,2,2
Sucursal Guadalajara,3282770393507,0,0,0
Sucursal Guadalajara,3282770393583,0,0,0
Sucursal Guadalajara,3282770393712,0,0,0
Sucursal Guadalajara,3282770393842,0,0,0
Sucursal Guadalajara,3282770393859,1,1,1
Sucursal Guadalajara,3282770393989,1,1,1
Sucursal Guadalajara,3282770394870,0,0,0
Sucursal Guadalajara,3282770394948,1,1,1
Sucursal Guadalajara,3282770395365,0,0,0
Sucursal Guadalajara,3282770396317,0,0,0
Sucursal Guadalajara,3282776456428,0,0,0
Sucursal Guadalajara,3282770396331,1,1,1
Sucursal Guadalajara,3282770396423,0,0,0
Sucursal Guadalajara,3282770396508,0,0,0
Sucursal Guadalajara,3282770396881,0,0,0
Sucursal Guadalajara,3282770397024,0,0,0
Sucursal Guadalajara,3282770397079,0,0,0
Sucursal Guadalajara,3282770397291,1,1,1
Sucursal Guadalajara,3282770397666,0,0,0
Sucursal Guadalajara,3282770398021,1,1,1
Sucursal Guadalajara,3282770398151,0,0,0
Sucursal Guadalajara,3282770075526,0,0,0
Sucursal Guadalajara,3282770398168,2,2,2
Sucursal Guadalajara,3282770398199,0,0,0
Sucursal Guadalajara,3282770398472,1,1,1
Sucursal Guadalajara,3282770104684,0,0,0
Sucursal Guadalajara,3282770398625,0,0,0
Sucursal Guadalajara,3282770398632,0,0,0
Sucursal Guadalajara,3282770073706,0,0,0
Sucursal Guadalajara,3282770398700,0,0,0
Sucursal Guadalajara,3282770399264,1,1,1
Sucursal Guadalajara,3282770074468,0,0,0
Sucursal Guadalajara,3282770464283,0,0,0
Sucursal Guadalajara,3282770905076,1,1,1
Sucursal Guadalajara,3282770905090,0,0,0
Sucursal Guadalajara,3282770956788,3,3,3
Sucursal Guadalajara,3282770959888,0,0,0
Sucursal Guadalajara,3282771032894,0,0,0
Sucursal Guadalajara,3282771044217,0,0,0
Sucursal Guadalajara,3282771052809,0,0,0
Sucursal Guadalajara,3282771057392,1,1,1
Sucursal Guadalajara,3282771196350,0,0,0
Sucursal Guadalajara,3282772992456,0,0,0
Sucursal Guadalajara,3282776071157,0,0,0
Sucursal Guadalajara,3282776083167,0,0,0
Sucursal Guadalajara,3282776083198,0,0,0
Sucursal Guadalajara,3282776088209,1,1,1
Sucursal Guadalajara,3282776108495,0,0,0
Sucursal Guadalajara,3282776108549,0,0,0
Sucursal Guadalajara,3282776114168,0,0,0
Sucursal Guadalajara,3282776126178,2,2,2
Sucursal Guadalajara,3282776141454,0,0,0
Sucursal Guadalajara,3282776161896,0,0,0
Sucursal Guadalajara,3282776162275,0,0,0
Sucursal Guadalajara,3282776183003,0,0,0
Sucursal Guadalajara,3282776367045,3,3,3
Sucursal Guadalajara,3282776367410,0,0,0
Sucursal Guadalajara,3282776385421,2,2,2
Sucursal Guadalajara,3282776397103,0,0,0
Sucursal Guadalajara,3282776432026,1,1,1
Sucursal Guadalajara,3282776438295,0,0,0
Sucursal Guadalajara,3282776465369,0,0,0
Sucursal Guadalajara,3282776478307,0,0,0
Sucursal Guadalajara,3282779003124,2,2,2
Sucursal Guadalajara,3282779003131,2,2,2
Sucursal Guadalajara,3282770153002,3,3,3
Sucursal Guadalajara,3282779035576,3,3,3
Sucursal Guadalajara,3282779041966,0,0,0
Sucursal Guadalajara,3282779254878,0,0,0
Sucursal Guadalajara,3282779275699,0,0,0
Sucursal Guadalajara,3282779276115,0,0,0
Sucursal Guadalajara,3282779280198,0,0,0
Sucursal Guadalajara,3282779285216,0,0,0
Sucursal Guadalajara,3282779285889,0,0,0
Sucursal Guadalajara,3282779293440,0,0,0
Sucursal Guadalajara,3282779310529,0,0,0
Sucursal Guadalajara,3282779327480,0,0,0
Sucursal Guadalajara,3282779347587,0,0,0
Sucursal Guadalajara,3282779347631,0,0,0
Sucursal Guadalajara,3282779348850,0,0,0
Sucursal Guadalajara,3282779350679,0,0,0
Sucursal Guadalajara,3282779352369,2,2,2
Sucursal Guadalajara,3282779353519,0,0,0
Sucursal Guadalajara,3282779353526,0,0,0
Sucursal Guadalajara,3282779353632,0,0,0
Sucursal Guadalajara,3282779353656,0,0,0
Sucursal Guadalajara,3282779353687,0,0,0
Sucursal Guadalajara,3282779353724,0,0,0
Sucursal Guadalajara,3282779354004,0,0,0
Sucursal Guadalajara,3282779354585,0,0,0
Sucursal Guadalajara,3282779363211,0,0,0
Sucursal Guadalajara,3282779365857,0,0,0
Sucursal Guadalajara,3282779370400,0,0,0
Sucursal Guadalajara,3282779370417,0,0,0
Sucursal Guadalajara,3282779370424,0,0,0
Sucursal Guadalajara,3282779373722,0,0,0
Sucursal Guadalajara,3282779376570,0,0,0
Sucursal Guadalajara,3282779380706,0,0,0
Sucursal Guadalajara,3282779380829,0,0,0
Sucursal Guadalajara,3282779385121,0,0,0
Sucursal Guadalajara,3282779385138,0,0,0
Sucursal Guadalajara,3282779385374,0,0,0
Sucursal Guadalajara,3282779390064,0,0,0
Sucursal Guadalajara,3282779391023,0,0,0
Sucursal Guadalajara,3282779391306,0,0,0
Sucursal Guadalajara,3282779391320,0,0,0
Sucursal Guadalajara,3282779391580,0,0,0
Sucursal Guadalajara,3282779399661,0,0,0
Sucursal Guadalajara,3282779400534,0,0,0
Sucursal Guadalajara,3282779405485,0,0,0
Sucursal Guadalajara,3282779405553,1,1,1
Sucursal Guadalajara,3282779420884,0,0,0
Sucursal Guadalajara,3282779421577,0,0,0
Sucursal Guadalajara,3282779401531,0,0,0
Sucursal Guadalajara,3282779433587,0,0,0
Sucursal Guadalajara,3282779448802,0,0,0
Sucursal Guadalajara,3282779522656,0,0,0
Sucursal Guadalajara,3282779522670,0,0,0
Sucursal Guadalajara,3282779562003,0,0,0
Sucursal Guadalajara,3282779562041,0,0,0
Sucursal Guadalajara,3282779562072,0,0,0
Sucursal Guadalajara,3282779562102,0,0,0
Sucursal Guadalajara,3337871308612,0,0,0
Sucursal Guadalajara,3337871310455,0,0,0
Sucursal Guadalajara,3337871311292,1,1,1
Sucursal Guadalajara,3337871311582,0,0,0
Sucursal Guadalajara,3337871316594,1,1,1
Sucursal Guadalajara,3337871316600,1,1,1
Sucursal Guadalajara,3337871316617,1,1,1
Sucursal Guadalajara,3337871316624,0,0,0
Sucursal Guadalajara,3337871316631,0,0,0
Sucursal Guadalajara,3337871317768,0,0,0
Sucursal Guadalajara,3337871318888,0,0,0
Sucursal Guadalajara,3337871320300,1,1,1
Sucursal Guadalajara,3337871320324,2,2,2
Sucursal Guadalajara,3337871320362,2,2,2
Sucursal Guadalajara,3337871321963,0,0,0
Sucursal Guadalajara,3337871322502,0,0,0
Sucursal Guadalajara,3337871322571,0,0,0
Sucursal Guadalajara,3337871322595,0,0,0
Sucursal Guadalajara,3337871322694,0,0,0
Sucursal Guadalajara,3337871323332,0,0,0
Sucursal Guadalajara,3337871323622,0,0,0
Sucursal Guadalajara,3337871323639,0,0,0
Sucursal Guadalajara,3337871323806,0,0,0
Sucursal Guadalajara,3337871324001,3,3,3
Sucursal Guadalajara,3337871324131,0,0,0
Sucursal Guadalajara,3337871324599,1,1,1
Sucursal Guadalajara,3337871324759,0,0,0
Sucursal Guadalajara,3337871324773,0,0,0
Sucursal Guadalajara,3337871325305,0,0,0
Sucursal Guadalajara,3337871325329,0,0,0
Sucursal Guadalajara,3337871325596,0,0,0
Sucursal Guadalajara,3337871325671,0,0,0
Sucursal Guadalajara,3337871325787,0,0,0
Sucursal Guadalajara,3337871328795,0,0,0
Sucursal Guadalajara,3337871330262,0,0,0
Sucursal Guadalajara,3337871330286,1,1,1
Sucursal Guadalajara,3337871331290,1,1,1
Sucursal Guadalajara,3337871331405,0,0,0
Sucursal Guadalajara,3337871332297,0,0,0
Sucursal Guadalajara,3337871332303,0,0,0
Sucursal Guadalajara,3337871332310,0,0,0
Sucursal Guadalajara,3337871332327,0,0,0
Sucursal Guadalajara,3337871332334,0,0,0
Sucursal Guadalajara,3337872411052,0,0,0
Sucursal Guadalajara,3337872411083,2,2,2
Sucursal Guadalajara,3337872411793,0,0,0
Sucursal Guadalajara,3337872411816,0,0,0
Sucursal Guadalajara,3337872411991,3,3,3
Sucursal Guadalajara,3337872412042,0,0,0
Sucursal Guadalajara,3337872412059,0,0,0
Sucursal Guadalajara,3337872412066,0,0,0
Sucursal Guadalajara,3337872412318,0,0,0
Sucursal Guadalajara,3337872412516,0,0,0
Sucursal Guadalajara,3337872412615,0,0,0
Sucursal Guadalajara,3337872412677,0,0,0
Sucursal Guadalajara,3337872412967,0,0,0
Sucursal Guadalajara,3337872413025,3,3,3
Sucursal Guadalajara,3337872413414,0,0,0
Sucursal Guadalajara,3337872413704,0,0,0
Sucursal Guadalajara,3337872413728,0,0,0
Sucursal Guadalajara,3337872413735,0,0,0
Sucursal Guadalajara,3337872413971,0,0,0
Sucursal Guadalajara,3337872414039,0,0,0
Sucursal Guadalajara,3337872414145,0,0,0
Sucursal Guadalajara,3337872414152,0,0,0
Sucursal Guadalajara,3337872418785,0,0,0
Sucursal Guadalajara,3337872418815,0,0,0
Sucursal Guadalajara,3337872419904,0,0,0
Sucursal Guadalajara,3337872420153,0,0,0
Sucursal Guadalajara,3337872420207,0,0,0
Sucursal Guadalajara,3337872420597,0,0,0
Sucursal Guadalajara,3337875419802,0,0,0
Sucursal Guadalajara,3337875492799,0,0,0
Sucursal Guadalajara,3337875517614,0,0,0
Sucursal Guadalajara,3337875518598,0,0,0
Sucursal Guadalajara,3337875525930,0,0,0
Sucursal Guadalajara,3337875525947,0,0,0
Sucursal Guadalajara,3337875533317,0,0,0
Sucursal Guadalajara,3337875537308,0,0,0
Sucursal Guadalajara,3337875537315,1,1,1
Sucursal Guadalajara,3337875543248,3,3,3
Sucursal Guadalajara,3337875545891,2,2,2
Sucursal Guadalajara,3337875546409,2,2,2
Sucursal Guadalajara,3337875549493,1,1,1
Sucursal Guadalajara,3337875549530,3,3,3
Sucursal Guadalajara,3337875558037,0,0,0
Sucursal Guadalajara,3337875560931,0,0,0
Sucursal Guadalajara,3337875561761,0,0,0
Sucursal Guadalajara,3337875563031,1,1,1
Sucursal Guadalajara,3337875563048,0,0,0
Sucursal Guadalajara,3337875563055,0,0,0
Sucursal Guadalajara,3337875563062,0,0,0
Sucursal Guadalajara,3337875566254,0,0,0
Sucursal Guadalajara,3337875566742,0,0,0
Sucursal Guadalajara,3337875572378,0,0,0
Sucursal Guadalajara,3337875572590,0,0,0
Sucursal Guadalajara,3337875574358,0,0,0
Sucursal Guadalajara,3337875574372,0,0,0
Sucursal Guadalajara,3337875578486,0,0,0
Sucursal Guadalajara,3337875585231,0,0,0
Sucursal Guadalajara,3337875585750,0,0,0
Sucursal Guadalajara,3337875586269,0,0,0
Sucursal Guadalajara,3337875588942,0,0,0
Sucursal Guadalajara,3337875588973,0,0,0
Sucursal Guadalajara,3337875594516,0,0,0
Sucursal Guadalajara,3337875596763,1,1,1
Sucursal Guadalajara,3337875597180,1,1,1
Sucursal Guadalajara,3337875597197,2,2,2
Sucursal Guadalajara,3337875597203,0,0,0
Sucursal Guadalajara,3337875597210,1,1,1
Sucursal Guadalajara,3337875597272,2,2,2
Sucursal Guadalajara,3337875597296,0,0,0
Sucursal Guadalajara,3337875597333,1,1,1
Sucursal Guadalajara,3337875597357,2,2,2
Sucursal Guadalajara,3337875597371,0,0,0
Sucursal Guadalajara,3337875597388,2,2,2
Sucursal Guadalajara,3337875597395,1,1,1
Sucursal Guadalajara,3337875597449,1,1,1
Sucursal Guadalajara,3337875598996,2,2,2
Sucursal Guadalajara,3337875607254,0,0,0
Sucursal Guadalajara,3337875609418,0,0,0
Sucursal Guadalajara,3337875613491,1,1,1
Sucursal Guadalajara,3337875613668,1,1,1
Sucursal Guadalajara,3337875632676,0,0,0
Sucursal Guadalajara,3337875641517,0,0,0
Sucursal Guadalajara,3337875641524,0,0,0
Sucursal Guadalajara,3337875641937,0,0,0
Sucursal Guadalajara,3337875641944,0,0,0
Sucursal Guadalajara,3337875641951,0,0,0
Sucursal Guadalajara,3337875647212,0,0,0
Sucursal Guadalajara,3337875650786,0,0,0
Sucursal Guadalajara,3337875656764,1,1,1
Sucursal Guadalajara,3337875660549,0,0,0
Sucursal Guadalajara,3337875660617,0,0,0
Sucursal Guadalajara,3337875663076,0,0,0
Sucursal Guadalajara,3337875663083,1,1,1
Sucursal Guadalajara,3337875674409,0,0,0
Sucursal Guadalajara,3337875674454,0,0,0
Sucursal Guadalajara,3337875674928,0,0,0
Sucursal Guadalajara,3337875683739,1,1,1
Sucursal Guadalajara,3337875684095,0,0,0
Sucursal Guadalajara,3337875684101,0,0,0
Sucursal Guadalajara,3337875684118,0,0,0
Sucursal Guadalajara,3337875684491,0,0,0
Sucursal Guadalajara,3337875693820,0,0,0
Sucursal Guadalajara,3337875694469,1,1,1
Sucursal Guadalajara,3337875695145,0,0,0
Sucursal Guadalajara,3337875695152,0,0,0
Sucursal Guadalajara,3337875695176,0,0,0
Sucursal Guadalajara,3337875695206,0,0,0
Sucursal Guadalajara,3337875696548,2,2,2
Sucursal Guadalajara,3337875696579,0,0,0
Sucursal Guadalajara,3337875696838,0,0,0
Sucursal Guadalajara,3337875702478,0,0,0
Sucursal Guadalajara,3337875703413,0,0,0
Sucursal Guadalajara,3337875706667,0,0,0
Sucursal Guadalajara,3337875706674,0,0,0
Sucursal Guadalajara,3337875706681,0,0,0
Sucursal Guadalajara,3337875706698,0,0,0
Sucursal Guadalajara,3337875706704,0,0,0
Sucursal Guadalajara,3337875708289,1,1,1
Sucursal Guadalajara,3337875711098,0,0,0
Sucursal Guadalajara,3337875719209,1,1,1
Sucursal Guadalajara,3337875722827,1,1,1
Sucursal Guadalajara,3337875725897,0,0,0
Sucursal Guadalajara,3337875729864,0,0,0
Sucursal Guadalajara,3337875731638,0,0,0
Sucursal Guadalajara,3337875734905,1,1,1
Sucursal Guadalajara,3337875735742,0,0,0
Sucursal Guadalajara,3337875742511,0,0,0
Sucursal Guadalajara,3337875743556,0,0,0
Sucursal Guadalajara,3337875743563,1,1,1
Sucursal Guadalajara,3337875746250,0,0,0
Sucursal Guadalajara,3337875746267,0,0,0
Sucursal Guadalajara,3337875757515,1,1,1
Sucursal Guadalajara,3337875757614,0,0,0
Sucursal Guadalajara,3337875757669,1,1,1
Sucursal Guadalajara,3337875760201,0,0,0
Sucursal Guadalajara,3337875761031,1,1,1
Sucursal Guadalajara,3337875761123,0,0,0
Sucursal Guadalajara,3337875762250,0,0,0
Sucursal Guadalajara,3337875762298,0,0,0
Sucursal Guadalajara,3337875762908,1,1,1
Sucursal Guadalajara,3337875763790,0,0,0
Sucursal Guadalajara,3337875764353,2,2,2
Sucursal Guadalajara,3337875773430,0,0,0
Sucursal Guadalajara,3337875773447,1,1,1
Sucursal Guadalajara,3337875773980,0,0,0
Sucursal Guadalajara,3337875774017,0,0,0
Sucursal Guadalajara,3337875774031,0,0,0
Sucursal Guadalajara,3337875774086,0,0,0
Sucursal Guadalajara,3337875774123,0,0,0
Sucursal Guadalajara,3337875777797,2,2,2
Sucursal Guadalajara,3337875782357,0,0,0
Sucursal Guadalajara,3337875784054,1,1,1
Sucursal Guadalajara,3337875787222,0,0,0
Sucursal Guadalajara,3337875791984,0,0,0
Sucursal Guadalajara,3337875795265,0,0,0
Sucursal Guadalajara,3337875795456,0,0,0
Sucursal Guadalajara,3337875796583,0,0,0
Sucursal Guadalajara,3337875797399,0,0,0
Sucursal Guadalajara,3337875797467,0,0,0
Sucursal Guadalajara,3337875797597,2,2,2
Sucursal Guadalajara,3337875797641,1,1,1
Sucursal Guadalajara,3337875797689,0,0,0
Sucursal Guadalajara,3337875797719,0,0,0
Sucursal Guadalajara,3337875797764,0,0,0
Sucursal Guadalajara,3337875803786,0,0,0
Sucursal Guadalajara,3337875806923,0,0,0
Sucursal Guadalajara,3337875807043,0,0,0
Sucursal Guadalajara,3337875816809,3,3,3
Sucursal Guadalajara,3337875821636,0,0,0
Sucursal Guadalajara,3337875824033,0,0,0
Sucursal Guadalajara,3337875829007,0,0,0
Sucursal Guadalajara,3337875831888,2,2,2
Sucursal Guadalajara,3337875832724,0,0,0
Sucursal Guadalajara,3337875837149,0,0,0
Sucursal Guadalajara,3337875840620,2,2,2
Sucursal Guadalajara,3337875847087,1,1,1
Sucursal Guadalajara,3337875847292,2,2,2
Sucursal Guadalajara,3337875847353,0,0,0
Sucursal Guadalajara,3337875848473,0,0,0
Sucursal Guadalajara,3337875849326,0,0,0
Sucursal Guadalajara,3337875852302,0,0,0
Sucursal Guadalajara,3337875852333,0,0,0
Sucursal Guadalajara,3337875862097,0,0,0
Sucursal Guadalajara,3337875863377,2,2,2
Sucursal Guadalajara,3337875863964,0,0,0
Sucursal Guadalajara,3337875863988,0,0,0
Sucursal Guadalajara,3337875864367,2,2,2
Sucursal Guadalajara,3337875873048,0,0,0
Sucursal Guadalajara,3337875873086,0,0,0
Sucursal Guadalajara,3337875876407,0,0,0
Sucursal Guadalajara,3337875882736,0,0,0
Sucursal Guadalajara,3337875886024,0,0,0
Sucursal Guadalajara,3337875886055,0,0,0
Sucursal Guadalajara,3337875886307,0,0,0
Sucursal Guadalajara,3337875888097,0,0,0
Sucursal Guadalajara,3337875888851,0,0,0
Sucursal Guadalajara,3337875888899,0,0,0
Sucursal Guadalajara,3337875889988,1,1,1
Sucursal Guadalajara,3337875890021,3,3,3
Sucursal Guadalajara,3337875890069,0,0,0
Sucursal Guadalajara,3337875890113,1,1,1
Sucursal Guadalajara,3337875892872,0,0,0
Sucursal Guadalajara,3337875894104,2,2,2
Sucursal Guadalajara,3337875894333,0,0,0
Sucursal Guadalajara,3337875894388,0,0,0
Sucursal Guadalajara,3337875895781,1,1,1
Sucursal Guadalajara,3337875896443,0,0,0
Sucursal Guadalajara,3337875898485,2,2,2
Sucursal Guadalajara,3337875898584,1,1,1
Sucursal Guadalajara,3337875901420,0,0,0
Sucursal Guadalajara,3337875904292,0,0,0
Sucursal Guadalajara,3337875905626,1,1,1
Sucursal Guadalajara,3337875909235,1,1,1
Sucursal Guadalajara,3337875909525,0,0,0
Sucursal Guadalajara,3433422407268,0,0,0
Sucursal Guadalajara,3337875911184,1,1,1
Sucursal Guadalajara,3337875912600,0,0,0
Sucursal Guadalajara,3337875916998,0,0,0
Sucursal Guadalajara,3337875917407,0,0,0
Sucursal Guadalajara,3337875917810,0,0,0
Sucursal Guadalajara,3337875917919,1,1,1
Sucursal Guadalajara,3337875918534,0,0,0
Sucursal Guadalajara,3337875920582,1,1,1
Sucursal Guadalajara,3337875583626,0,0,0
Sucursal Guadalajara,3337875920698,0,0,0
Sucursal Guadalajara,3337875583589,0,0,0
Sucursal Guadalajara,3337875920728,1,1,1
Sucursal Guadalajara,3337875920742,1,1,1
Sucursal Guadalajara,3337875923866,0,0,0
Sucursal Guadalajara,3337875924887,1,1,1
Sucursal Guadalajara,3337875925358,0,0,0
Sucursal Guadalajara,3337875932080,1,1,1
Sucursal Guadalajara,3338221002402,0,0,0
Sucursal Guadalajara,3338221002426,0,0,0
Sucursal Guadalajara,3338221002440,0,0,0
Sucursal Guadalajara,3338221002501,0,0,0
Sucursal Guadalajara,3338221002525,0,0,0
Sucursal Guadalajara,3338221002549,0,0,0
Sucursal Guadalajara,3338221002587,0,0,0
Sucursal Guadalajara,3338221002600,0,0,0
Sucursal Guadalajara,3338221002648,0,0,0
Sucursal Guadalajara,3338221002662,0,0,0
Sucursal Guadalajara,3372290000150,0,0,0
Sucursal Guadalajara,3372290000259,1,1,1
Sucursal Guadalajara,3372290000266,0,0,0
Sucursal Guadalajara,3372290000280,0,0,0
Sucursal Guadalajara,3372290000297,2,2,2
Sucursal Guadalajara,3372290000570,0,0,0
Sucursal Guadalajara,3372290000587,0,0,0
Sucursal Guadalajara,3372290000594,1,1,1
Sucursal Guadalajara,3372290000600,0,0,0
Sucursal Guadalajara,3372290000617,0,0,0
Sucursal Guadalajara,3372290000624,0,0,0
Sucursal Guadalajara,3372290000686,0,0,0
Sucursal Guadalajara,3372290000792,0,0,0
Sucursal Guadalajara,3372290000853,0,0,0
Sucursal Guadalajara,3372290000877,0,0,0
Sucursal Guadalajara,3372290000884,0,0,0
Sucursal Guadalajara,3372290000891,0,0,0
Sucursal Guadalajara,3372290000952,0,0,0
Sucursal Guadalajara,3372290001249,0,0,0
Sucursal Guadalajara,3372290001263,0,0,0
Sucursal Guadalajara,3372290001270,1,1,1
Sucursal Guadalajara,3372290001287,0,0,0
Sucursal Guadalajara,3372290001324,0,0,0
Sucursal Guadalajara,3372290001331,0,0,0
Sucursal Guadalajara,3372290001454,0,0,0
Sucursal Guadalajara,3372290128120,0,0,0
Sucursal Guadalajara,3372290001508,0,0,0
Sucursal Guadalajara,3372290001522,1,1,1
Sucursal Guadalajara,3372290110729,0,0,0
Sucursal Guadalajara,3372290001539,0,0,0
Sucursal Guadalajara,3372290001546,0,0,0
Sucursal Guadalajara,3372290001836,0,0,0
Sucursal Guadalajara,3372290001843,0,0,0
Sucursal Guadalajara,3372290114529,0,0,0
Sucursal Guadalajara,3372290120421,0,0,0
Sucursal Guadalajara,3372290121220,0,0,0
Sucursal Guadalajara,3372290121725,2,2,2
Sucursal Guadalajara,3372290122722,0,0,0
Sucursal Guadalajara,3372290123026,1,1,1
Sucursal Guadalajara,3372290124122,0,0,0
Sucursal Guadalajara,3372290125020,0,0,0
Sucursal Guadalajara,3372290125136,0,0,0
Sucursal Guadalajara,3372290126829,0,0,0
Sucursal Guadalajara,3372290131526,2,2,2
Sucursal Guadalajara,3372290140320,0,0,0
Sucursal Guadalajara,3372290143123,0,0,0
Sucursal Guadalajara,3372290143222,1,1,1
Sucursal Guadalajara,3372290180128,0,0,0
Sucursal Guadalajara,3372290180227,0,0,0
Sucursal Guadalajara,3372290180326,1,1,1
Sucursal Guadalajara,3372290180425,2,2,2
Sucursal Guadalajara,3372290180524,0,0,0
Sucursal Guadalajara,3372290180623,1,1,1
Sucursal Guadalajara,3372290180722,0,0,0
Sucursal Guadalajara,3372290180821,2,2,2
Sucursal Guadalajara,3372290180920,3,3,3
Sucursal Guadalajara,3372290181026,2,2,2
Sucursal Guadalajara,3372290181125,0,0,0
Sucursal Guadalajara,3372290510222,0,0,0
Sucursal Guadalajara,3372293123023,0,0,0
Sucursal Guadalajara,3401060256340,1,1,1
Sucursal Guadalajara,3401162659230,0,0,0
Sucursal Guadalajara,3401320283277,0,0,0
Sucursal Guadalajara,3401320543654,0,0,0
Sucursal Guadalajara,3401320651854,0,0,0
Sucursal Guadalajara,3401320851308,0,0,0
Sucursal Guadalajara,3401321207487,0,0,0
Sucursal Guadalajara,3401321229601,0,0,0
Sucursal Guadalajara,3401321544346,0,0,0
Sucursal Guadalajara,3401325006437,0,0,0
Sucursal Guadalajara,3401325006444,0,0,0
Sucursal Guadalajara,3401325787084,0,0,0
Sucursal Guadalajara,3401329447809,2,2,2
Sucursal Guadalajara,3401329552237,0,0,0
Sucursal Guadalajara,3401340767733,0,0,0
Sucursal Guadalajara,3401341097686,0,0,0
Sucursal Guadalajara,3401341249344,0,0,0
Sucursal Guadalajara,3401342897186,0,0,0
Sucursal Guadalajara,3401343613730,0,0,0
Sucursal Guadalajara,3401344502149,0,0,0
Sucursal Guadalajara,3401344502200,0,0,0
Sucursal Guadalajara,3401344957253,0,0,0
Sucursal Guadalajara,3401345935571,3,3,3
Sucursal Guadalajara,3401346462885,0,0,0
Sucursal Guadalajara,3401346673335,2,2,2
Sucursal Guadalajara,3401347869775,1,1,1
Sucursal Guadalajara,3401348573060,0,0,0
Sucursal Guadalajara,3401348840421,3,3,3
Sucursal Guadalajara,3401351478482,0,0,0
Sucursal Guadalajara,3401352000408,0,0,0
Sucursal Guadalajara,3401352000637,0,0,0
Sucursal Guadalajara,3401353695146,0,0,0
Sucursal Guadalajara,3401353704343,0,0,0
Sucursal Guadalajara,3401353725164,0,0,0
Sucursal Guadalajara,3401353725393,0,0,0
Sucursal Guadalajara,3401353790797,0,0,0
Sucursal Guadalajara,3401353791220,2,2,2
Sucursal Guadalajara,3401353806399,0,0,0
Sucursal Guadalajara,3401360019218,0,0,0
Sucursal Guadalajara,3401360019751,0,0,0
Sucursal Guadalajara,3401360019775,0,0,0
Sucursal Guadalajara,3401360019782,0,0,0
Sucursal Guadalajara,3401360019799,0,0,0
Sucursal Guadalajara,3401360019942,0,0,0
Sucursal Guadalajara,3401360019973,0,0,0
Sucursal Guadalajara,3401360019980,0,0,0
Sucursal Guadalajara,3401360020030,0,0,0
Sucursal Guadalajara,3401360020047,0,0,0
Sucursal Guadalajara,3401360020054,0,0,0
Sucursal Guadalajara,3401360020061,0,0,0
Sucursal Guadalajara,3401360025097,0,0,0
Sucursal Guadalajara,3401360031272,0,0,0
Sucursal Guadalajara,3401360049659,0,0,0
Sucursal Guadalajara,3401360049666,0,0,0
Sucursal Guadalajara,3401360049918,0,0,0
Sucursal Guadalajara,3401360060753,0,0,0
Sucursal Guadalajara,3401360060791,0,0,0
Sucursal Guadalajara,3401360060807,0,0,0
Sucursal Guadalajara,3401360084063,0,0,0
Sucursal Guadalajara,3401360084070,0,0,0
Sucursal Guadalajara,3401360084261,0,0,0
Sucursal Guadalajara,3401360112629,0,0,0
Sucursal Guadalajara,3401360120006,1,1,1
Sucursal Guadalajara,3401360120013,0,0,0
Sucursal Guadalajara,3401360120075,0,0,0
Sucursal Guadalajara,3401360123892,0,0,0
Sucursal Guadalajara,3401360136946,0,0,0
Sucursal Guadalajara,3401360147508,0,0,0
Sucursal Guadalajara,3401360147751,0,0,0
Sucursal Guadalajara,3401360151352,0,0,0
Sucursal Guadalajara,3401360156456,1,1,1
Sucursal Guadalajara,3401360167872,0,0,0
Sucursal Guadalajara,3401360167896,0,0,0
Sucursal Guadalajara,3401360167902,0,0,0
Sucursal Guadalajara,3401360180666,0,0,0
Sucursal Guadalajara,3401360188525,0,0,0
Sucursal Guadalajara,3401360191112,0,0,0
Sucursal Guadalajara,3401360192232,0,0,0
Sucursal Guadalajara,3401360192256,0,0,0
Sucursal Guadalajara,3401360192263,0,0,0
Sucursal Guadalajara,3401360192270,0,0,0
Sucursal Guadalajara,3401360192287,0,0,0
Sucursal Guadalajara,3401360193246,0,0,0
Sucursal Guadalajara,3401360200937,0,0,0
Sucursal Guadalajara,3401360200999,0,0,0
Sucursal Guadalajara,3401360202337,0,0,0
Sucursal Guadalajara,3401360212237,0,0,0
Sucursal Guadalajara,3401360213562,0,0,0
Sucursal Guadalajara,3401360213579,0,0,0
Sucursal Guadalajara,3401360213586,0,0,0
Sucursal Guadalajara,3401360215832,0,0,0
Sucursal Guadalajara,3401360215849,1,1,1
Sucursal Guadalajara,3401360225121,0,0,0
Sucursal Guadalajara,3401360225138,0,0,0
Sucursal Guadalajara,3401360226883,0,0,0
Sucursal Guadalajara,3401360226906,1,1,1
Sucursal Guadalajara,3401360237575,0,0,0
Sucursal Guadalajara,3401360237926,0,0,0
Sucursal Guadalajara,3401360238091,0,0,0
Sucursal Guadalajara,3401360238152,0,0,0
Sucursal Guadalajara,3401360245761,0,0,0
Sucursal Guadalajara,3401360253308,0,0,0
Sucursal Guadalajara,3401360256323,0,0,0
Sucursal Guadalajara,3401360263185,0,0,0
Sucursal Guadalajara,3401360288188,0,0,0
Sucursal Guadalajara,3401360315266,0,0,0
Sucursal Guadalajara,3401360315280,0,0,0
Sucursal Guadalajara,3401360522510,0,0,0
Sucursal Guadalajara,3401361057578,2,2,2
Sucursal Guadalajara,3401361353625,2,2,2
Sucursal Guadalajara,3401373531387,0,0,0
Sucursal Guadalajara,3401374560164,0,0,0
Sucursal Guadalajara,3401375690396,0,0,0
Sucursal Guadalajara,3401381328825,0,0,0
Sucursal Guadalajara,3401381328993,0,0,0
Sucursal Guadalajara,3401381330194,0,0,0
Sucursal Guadalajara,3401381330255,0,0,0
Sucursal Guadalajara,3401381331085,0,0,0
Sucursal Guadalajara,3401381331207,0,0,0
Sucursal Guadalajara,3401381332037,0,0,0
Sucursal Guadalajara,3401381332495,0,0,0
Sucursal Guadalajara,3401381381523,0,0,0
Sucursal Guadalajara,3401381381981,0,0,0
Sucursal Guadalajara,3401381382353,0,0,0
Sucursal Guadalajara,3401381407179,0,0,0
Sucursal Guadalajara,3401381479329,0,0,0
Sucursal Guadalajara,3401381507565,2,2,2
Sucursal Guadalajara,3401381631154,0,0,0
Sucursal Guadalajara,3401395376935,1,1,1
Sucursal Guadalajara,3401395461082,1,1,1
Sucursal Guadalajara,3401395566091,0,0,0
Sucursal Guadalajara,3401396991830,0,0,0
Sucursal Guadalajara,3401397163618,2,2,2
Sucursal Guadalajara,3401397240470,1,1,1
Sucursal Guadalajara,3401397588794,0,0,0
Sucursal Guadalajara,3401397676194,0,0,0
Sucursal Guadalajara,3401398268886,0,0,0
Sucursal Guadalajara,3401398268947,0,0,0
Sucursal Guadalajara,3401398269029,0,0,0
Sucursal Guadalajara,3401398303648,0,0,0
Sucursal Guadalajara,3401399277092,2,2,2
Sucursal Guadalajara,3401399372407,0,0,0
Sucursal Guadalajara,3401399373527,0,0,0
Sucursal Guadalajara,3401399521270,0,0,0
Sucursal Guadalajara,3401399521621,0,0,0
Sucursal Guadalajara,3401399521799,0,0,0
Sucursal Guadalajara,3401399521850,0,0,0
Sucursal Guadalajara,3401399540141,0,0,0
Sucursal Guadalajara,3401399609770,0,0,0
Sucursal Guadalajara,3401399609831,0,0,0
Sucursal Guadalajara,3401399693984,0,0,0
Sucursal Guadalajara,3401399694127,1,1,1
Sucursal Guadalajara,3401399848254,0,0,0
Sucursal Guadalajara,3401528519895,0,0,0
Sucursal Guadalajara,3401528520037,0,0,0
Sucursal Guadalajara,3401528520846,0,0,0
Sucursal Guadalajara,3401528521157,1,1,1
Sucursal Guadalajara,3401528545740,0,0,0
Sucursal Guadalajara,3401528546341,0,0,0
Sucursal Guadalajara,3401528546402,0,0,0
Sucursal Guadalajara,3401547779324,0,0,0
Sucursal Guadalajara,3401551249653,0,0,0
Sucursal Guadalajara,3401560228601,0,0,0
Sucursal Guadalajara,3401560361926,0,0,0
Sucursal Guadalajara,3401560936988,0,0,0
Sucursal Guadalajara,3401561270845,0,0,0
Sucursal Guadalajara,3401562326459,0,0,0
Sucursal Guadalajara,3401563073437,0,0,0
Sucursal Guadalajara,3401564019588,0,0,0
Sucursal Guadalajara,3401564019700,0,0,0
Sucursal Guadalajara,3401564459674,0,0,0
Sucursal Guadalajara,3401572288297,1,1,1
Sucursal Guadalajara,3401573670282,0,0,0
Sucursal Guadalajara,3401573697197,0,0,0
Sucursal Guadalajara,3401574131423,0,0,0
Sucursal Guadalajara,3401575243675,1,1,1
Sucursal Guadalajara,3401575390447,3,3,3
Sucursal Guadalajara,3401576715133,0,0,0
Sucursal Guadalajara,3401578653709,1,1,1
Sucursal Guadalajara,3401596736286,0,0,0
Sucursal Guadalajara,3401596736408,0,0,0
Sucursal Guadalajara,3401596738648,0,0,0
Sucursal Guadalajara,3433422401907,1,1,1
Sucursal Guadalajara,3433422404366,1,1,1
Sucursal Guadalajara,3433422404397,1,1,1
Sucursal Guadalajara,3433422404403,0,0,0
Sucursal Guadalajara,3433422404533,2,2,2
Sucursal Guadalajara,3433422405332,0,0,0
Sucursal Guadalajara,3433422406599,3,3,3
Sucursal Guadalajara,3433422407282,0,0,0
Sucursal Guadalajara,3433422407299,0,0,0
Sucursal Guadalajara,3433422408357,0,0,0
Sucursal Guadalajara,3461020000529,0,0,0
Sucursal Guadalajara,3461020000543,0,0,0
Sucursal Guadalajara,3461020002608,0,0,0
Sucursal Guadalajara,3461020002929,0,0,0
Sucursal Guadalajara,3461020003001,0,0,0
Sucursal Guadalajara,3461020014021,0,0,0
Sucursal Guadalajara,3461020003483,0,0,0
Sucursal Guadalajara,3461020002059,0,0,0
Sucursal Guadalajara,3461020002035,0,0,0
Sucursal Guadalajara,3461020003490,0,0,0
Sucursal Guadalajara,3461020007962,0,0,0
Sucursal Guadalajara,3461020008082,0,0,0
Sucursal Guadalajara,3461020012294,0,0,0
Sucursal Guadalajara,3461020013192,0,0,0
Sucursal Guadalajara,3461020013550,0,0,0
Sucursal Guadalajara,3461020014014,0,0,0
Sucursal Guadalajara,3461020014038,0,0,0
Sucursal Guadalajara,3461020014076,0,0,0
Sucursal Guadalajara,3461020014083,0,0,0
Sucursal Guadalajara,3461020014090,0,0,0
Sucursal Guadalajara,3461020014113,0,0,0
Sucursal Guadalajara,3461020014120,0,0,0
Sucursal Guadalajara,3461020014137,0,0,0
Sucursal Guadalajara,3461020014144,0,0,0
Sucursal Guadalajara,3461022002118,0,0,0
Sucursal Guadalajara,3461022003047,0,0,0
Sucursal Guadalajara,3461022003054,0,0,0
Sucursal Guadalajara,3461023492123,0,0,0
Sucursal Guadalajara,3461023492130,0,0,0
Sucursal Guadalajara,3461023492161,0,0,0
Sucursal Guadalajara,3461023492178,0,0,0
Sucursal Guadalajara,3461023492185,0,0,0
Sucursal Guadalajara,3461023492192,0,0,0
Sucursal Guadalajara,3461028301000,0,0,0
Sucursal Guadalajara,3461029800007,0,0,0
Sucursal Guadalajara,3466320012838,2,2,2
Sucursal Guadalajara,3499320000208,0,0,0
Sucursal Guadalajara,3499320000215,0,0,0
Sucursal Guadalajara,3499320001168,0,0,0
Sucursal Guadalajara,3499320001205,0,0,0
Sucursal Guadalajara,3499320001328,0,0,0
Sucursal Guadalajara,3499320001335,0,0,0
Sucursal Guadalajara,3499320001342,0,0,0
Sucursal Guadalajara,3499320001359,0,0,0
Sucursal Guadalajara,3499320001526,0,0,0
Sucursal Guadalajara,3499320001618,0,0,0
Sucursal Guadalajara,3499320001755,1,1,1
Sucursal Guadalajara,3499320001762,0,0,0
Sucursal Guadalajara,3499320001878,0,0,0
Sucursal Guadalajara,3499320001946,0,0,0
Sucursal Guadalajara,3499320002394,0,0,0
Sucursal Guadalajara,3499320002448,1,1,1
Sucursal Guadalajara,3499320002523,0,0,0
Sucursal Guadalajara,3499320002868,0,0,0
Sucursal Guadalajara,3499320003001,0,0,0
Sucursal Guadalajara,3499320003056,0,0,0
Sucursal Guadalajara,3499320004237,2,2,2
Sucursal Guadalajara,3499320004473,1,1,1
Sucursal Guadalajara,3499320004497,1,1,1
Sucursal Guadalajara,3499320004541,0,0,0
Sucursal Guadalajara,3499320004879,0,0,0
Sucursal Guadalajara,3499320005203,1,1,1
Sucursal Guadalajara,3499320005326,2,2,2
Sucursal Guadalajara,3499320007979,0,0,0
Sucursal Guadalajara,3499320007986,0,0,0
Sucursal Guadalajara,3499320008198,3,3,3
Sucursal Guadalajara,3499320008341,2,2,2
Sucursal Guadalajara,3499320009775,1,1,1
Sucursal Guadalajara,3499320011334,0,0,0
Sucursal Guadalajara,3499320011341,0,0,0
Sucursal Guadalajara,3499320011389,0,0,0
Sucursal Guadalajara,3499320011617,0,0,0
Sucursal Guadalajara,3499320011655,0,0,0
Sucursal Guadalajara,3499320011686,0,0,0
Sucursal Guadalajara,3499320012201,0,0,0
Sucursal Guadalajara,3499320012485,0,0,0
Sucursal Guadalajara,3499320012492,0,0,0
Sucursal Guadalajara,3499320012508,0,0,0
Sucursal Guadalajara,3499320012805,1,1,1
Sucursal Guadalajara,3499320012812,1,1,1
Sucursal Guadalajara,3499320012829,0,0,0
Sucursal Guadalajara,3499320012850,1,1,1
Sucursal Guadalajara,3499320012874,0,0,0
Sucursal Guadalajara,3499320014267,0,0,0
Sucursal Guadalajara,3499320014274,0,0,0
Sucursal Guadalajara,3499320014281,0,0,0
Sucursal Guadalajara,3499320014298,0,0,0
Sucursal Guadalajara,3499320014540,0,0,0
Sucursal Guadalajara,3499320014793,0,0,0
Sucursal Guadalajara,3499320015486,0,0,0
Sucursal Guadalajara,3499320015530,1,1,1
Sucursal Guadalajara,3499320015615,0,0,0
Sucursal Guadalajara,3499320015622,0,0,0
Sucursal Guadalajara,3499320015752,0,0,0
Sucursal Guadalajara,3499320015769,0,0,0
Sucursal Guadalajara,3499320015776,0,0,0
Sucursal Guadalajara,3499320016575,3,3,3
Sucursal Guadalajara,3499320016650,0,0,0
Sucursal Guadalajara,3499320016735,0,0,0
Sucursal Guadalajara,3499320015806,0,0,0
Sucursal Guadalajara,3499320016742,0,0,0
Sucursal Guadalajara,3499320016759,0,0,0
Sucursal Guadalajara,3499320016766,1,1,1
Sucursal Guadalajara,3499320016780,0,0,0
Sucursal Guadalajara,3499320017176,0,0,0
Sucursal Guadalajara,3499320017183,0,0,0
Sucursal Guadalajara,3499320017848,0,0,0
Sucursal Guadalajara,3512360000011,0,0,0
Sucursal Guadalajara,3512369001019,0,0,0
Sucursal Guadalajara,3540550000046,0,0,0
Sucursal Guadalajara,3540550000077,0,0,0
Sucursal Guadalajara,3540550000107,0,0,0
Sucursal Guadalajara,3540550000145,0,0,0
Sucursal Guadalajara,3540550000428,0,0,0
Sucursal Guadalajara,3540550001876,0,0,0
Sucursal Guadalajara,3540550007540,1,1,1
Sucursal Guadalajara,3540550008035,0,0,0
Sucursal Guadalajara,3540550008059,0,0,0
Sucursal Guadalajara,3540550008110,1,1,1
Sucursal Guadalajara,3540550008127,0,0,0
Sucursal Guadalajara,3540550008141,0,0,0
Sucursal Guadalajara,3540550008196,0,0,0
Sucursal Guadalajara,3540550008202,0,0,0
Sucursal Guadalajara,3540550008288,0,0,0
Sucursal Guadalajara,3540550008523,1,1,1
Sucursal Guadalajara,3540550008844,0,0,0
Sucursal Guadalajara,3540550009001,2,2,2
Sucursal Guadalajara,3540550009025,0,0,0
Sucursal Guadalajara,3540550009032,0,0,0
Sucursal Guadalajara,3540550009353,0,0,0
Sucursal Guadalajara,3540550009452,1,1,1
Sucursal Guadalajara,3540550009476,1,1,1
Sucursal Guadalajara,3540550009483,0,0,0
Sucursal Guadalajara,3540550009568,0,0,0
Sucursal Guadalajara,3540550009605,0,0,0
Sucursal Guadalajara,3540550009612,0,0,0
Sucursal Guadalajara,3540550009629,0,0,0
Sucursal Guadalajara,3540550009636,1,1,1
Sucursal Guadalajara,3540550009643,0,0,0
Sucursal Guadalajara,3540550009674,0,0,0
Sucursal Guadalajara,3540550009971,0,0,0
Sucursal Guadalajara,3540550010403,0,0,0
Sucursal Guadalajara,3540550011431,1,1,1
Sucursal Guadalajara,3540550011448,0,0,0
Sucursal Guadalajara,3540550012483,0,0,0
Sucursal Guadalajara,3540550012551,0,0,0
Sucursal Guadalajara,3540550012612,3,3,3
Sucursal Guadalajara,3540550012728,0,0,0
Sucursal Guadalajara,3540550012742,0,0,0
Sucursal Guadalajara,3540550012759,0,0,0
Sucursal Guadalajara,3540550012773,0,0,0
Sucursal Guadalajara,3540550013404,0,0,0
Sucursal Guadalajara,3540550013442,1,1,1
Sucursal Guadalajara,3540550013657,2,2,2
Sucursal Guadalajara,3540550013664,0,0,0
Sucursal Guadalajara,3540550014913,0,0,0
Sucursal Guadalajara,3540550014944,0,0,0
Sucursal Guadalajara,3540550015019,0,0,0
Sucursal Guadalajara,3540550015040,0,0,0
Sucursal Guadalajara,3540550015064,0,0,0
Sucursal Guadalajara,3540550015286,0,0,0
Sucursal Guadalajara,3540550015323,1,1,1
Sucursal Guadalajara,3540550015378,1,1,1
Sucursal Guadalajara,3540550016450,0,0,0
Sucursal Guadalajara,3540550016467,2,2,2
Sucursal Guadalajara,3540550016474,2,2,2
Sucursal Guadalajara,3540550009469,2,2,2
Sucursal Guadalajara,3540550017198,0,0,0
Sucursal Guadalajara,3540550017242,0,0,0
Sucursal Guadalajara,3540550017273,0,0,0
Sucursal Guadalajara,3540550017396,0,0,0
Sucursal Guadalajara,3540550017495,1,1,1
Sucursal Guadalajara,3540550000183,0,0,0
Sucursal Guadalajara,3540550017525,0,0,0
Sucursal Guadalajara,3540550000237,0,0,0
Sucursal Guadalajara,3540550018010,0,0,0
Sucursal Guadalajara,3540550018119,0,0,0
Sucursal Guadalajara,3540550018263,1,1,1
Sucursal Guadalajara,3540550009148,0,0,0
Sucursal Guadalajara,3540550018317,0,0,0
Sucursal Guadalajara,3571940000131,0,0,0
Sucursal Guadalajara,3571940000186,0,0,0
Sucursal Guadalajara,3571940000193,0,0,0
Sucursal Guadalajara,3571940000254,0,0,0
Sucursal Guadalajara,3571940000308,0,0,0
Sucursal Guadalajara,3571940000353,0,0,0
Sucursal Guadalajara,3571940000421,0,0,0
Sucursal Guadalajara,3571940000520,0,0,0
Sucursal Guadalajara,3571940000605,0,0,0
Sucursal Guadalajara,3571940000612,0,0,0
Sucursal Guadalajara,3571940000629,0,0,0
Sucursal Guadalajara,3571940000636,0,0,0
Sucursal Guadalajara,3571940000667,0,0,0
Sucursal Guadalajara,3571940000865,0,0,0
Sucursal Guadalajara,3571940001084,0,0,0
Sucursal Guadalajara,3571940001091,0,0,0
Sucursal Guadalajara,3571940001206,0,0,0
Sucursal Guadalajara,3571940001213,0,0,0
Sucursal Guadalajara,3571940001299,0,0,0
Sucursal Guadalajara,3571940001602,0,0,0
Sucursal Guadalajara,3571940001619,0,0,0
Sucursal Guadalajara,3571940001640,0,0,0
Sucursal Guadalajara,3571940002234,0,0,0
Sucursal Guadalajara,3571940002531,0,0,0
Sucursal Guadalajara,3571940002548,0,0,0
Sucursal Guadalajara,3571940002586,0,0,0
Sucursal Guadalajara,3571940004634,0,0,0
Sucursal Guadalajara,3573994009948,0,0,0
Sucursal Guadalajara,3592610002132,0,0,0
Sucursal Guadalajara,3592610002156,0,0,0
Sucursal Guadalajara,3592619321609,3,3,3
Sucursal Guadalajara,3606000002531,0,0,0
Sucursal Guadalajara,3606000400504,0,0,0
Sucursal Guadalajara,3606000419292,0,0,0
Sucursal Guadalajara,3606000436725,0,0,0
Sucursal Guadalajara,3606000436763,0,0,0
Sucursal Guadalajara,3606000463622,0,0,0
Sucursal Guadalajara,3606000464186,0,0,0
Sucursal Guadalajara,3606000471382,0,0,0
Sucursal Guadalajara,3606000471467,1,1,1
Sucursal Guadalajara,3606000475380,0,0,0
Sucursal Guadalajara,3606000480964,0,0,0
Sucursal Guadalajara,3606000481121,0,0,0
Sucursal Guadalajara,3606000481244,1,1,1
Sucursal Guadalajara,3606000482111,1,1,1
Sucursal Guadalajara,3606000482159,0,0,0
Sucursal Guadalajara,3606000495098,0,0,0
Sucursal Guadalajara,3606000495135,0,0,0
Sucursal Guadalajara,3606000495173,0,0,0
Sucursal Guadalajara,3606000495395,0,0,0
Sucursal Guadalajara,3606000495470,0,0,0
Sucursal Guadalajara,3606000509603,0,0,0
Sucursal Guadalajara,3606000511002,0,0,0
Sucursal Guadalajara,3606000511040,0,0,0
Sucursal Guadalajara,3606000524958,0,0,0
Sucursal Guadalajara,3606000537682,0,0,0
Sucursal Guadalajara,3606000555396,0,0,0
Sucursal Guadalajara,3606000557079,0,0,0
Sucursal Guadalajara,3606000560833,1,1,1
Sucursal Guadalajara,3606000584525,0,0,0
Sucursal Guadalajara,3606000604643,2,2,2
Sucursal Guadalajara,3606000616295,0,0,0
Sucursal Guadalajara,3606000616318,0,0,0
Sucursal Guadalajara,3606000636200,1,1,1
Sucursal Guadalajara,3607490159910,0,0,0
Sucursal Guadalajara,3607490159934,0,0,0
Sucursal Guadalajara,3607490159941,0,0,0
Sucursal Guadalajara,3607490159958,0,0,0
Sucursal Guadalajara,3607490159972,0,0,0
Sucursal Guadalajara,3607490159989,0,0,0
Sucursal Guadalajara,3607490194508,0,0,0
Sucursal Guadalajara,3607490197752,0,0,0
Sucursal Guadalajara,3607490216439,0,0,0
Sucursal Guadalajara,3607490223420,0,0,0
Sucursal Guadalajara,3607490225998,0,0,0
Sucursal Guadalajara,3607490240694,0,0,0
Sucursal Guadalajara,3607490243435,0,0,0
Sucursal Guadalajara,3607490243510,0,0,0
Sucursal Guadalajara,3607490243541,0,0,0
Sucursal Guadalajara,3607490244098,0,0,0
Sucursal Guadalajara,3607490244159,0,0,0
Sucursal Guadalajara,3607490248638,0,0,0
Sucursal Guadalajara,3607490159880,0,0,0
Sucursal Guadalajara,3607490248713,0,0,0
Sucursal Guadalajara,3607490250150,0,0,0
Sucursal Guadalajara,3607490250402,0,0,0
Sucursal Guadalajara,3607490253403,0,0,0
Sucursal Guadalajara,3607499942001,0,0,0
Sucursal Guadalajara,3661434000072,0,0,0
Sucursal Guadalajara,3661434000171,0,0,0
Sucursal Guadalajara,3661434000508,0,0,0
Sucursal Guadalajara,3661434000515,2,2,2
Sucursal Guadalajara,3661434000522,1,1,1
Sucursal Guadalajara,3661434000539,1,1,1
Sucursal Guadalajara,3661434000973,0,0,0
Sucursal Guadalajara,3661434001031,1,1,1
Sucursal Guadalajara,3661434001062,0,0,0
Sucursal Guadalajara,3661434002069,0,0,0
Sucursal Guadalajara,3661434002687,0,0,0
Sucursal Guadalajara,3661434003110,0,0,0
Sucursal Guadalajara,3661434003394,0,0,0
Sucursal Guadalajara,3661434003431,0,0,0
Sucursal Guadalajara,3661434003608,0,0,0
Sucursal Guadalajara,3661434003639,0,0,0
Sucursal Guadalajara,3661434003660,0,0,0
Sucursal Guadalajara,3661434003691,0,0,0
Sucursal Guadalajara,3661434004285,0,0,0
Sucursal Guadalajara,3661434004308,0,0,0
Sucursal Guadalajara,3661434004384,0,0,0
Sucursal Guadalajara,3661434004421,0,0,0
Sucursal Guadalajara,3661434004513,0,0,0
Sucursal Guadalajara,3661434004575,0,0,0
Sucursal Guadalajara,3661434004704,0,0,0
Sucursal Guadalajara,3661434004735,0,0,0
Sucursal Guadalajara,3661434004841,0,0,0
Sucursal Guadalajara,3661434004858,0,0,0
Sucursal Guadalajara,3661434005008,0,0,0
Sucursal Guadalajara,3661434005015,0,0,0
Sucursal Guadalajara,3661434005022,0,0,0
Sucursal Guadalajara,3661434005268,1,1,1
Sucursal Guadalajara,3661434005367,0,0,0
Sucursal Guadalajara,3661434005435,0,0,0
Sucursal Guadalajara,3661434005459,0,0,0
Sucursal Guadalajara,3661434005503,0,0,0
Sucursal Guadalajara,3661434005510,0,0,0
Sucursal Guadalajara,3661434005596,0,0,0
Sucursal Guadalajara,3661434005886,0,0,0
Sucursal Guadalajara,3661434005916,0,0,0
Sucursal Guadalajara,3661434005923,0,0,0
Sucursal Guadalajara,3661434006401,0,0,0
Sucursal Guadalajara,3661434006432,0,0,0
Sucursal Guadalajara,3661434006500,0,0,0
Sucursal Guadalajara,3661434006548,0,0,0
Sucursal Guadalajara,3661434006968,0,0,0
Sucursal Guadalajara,3661434007347,0,0,0
Sucursal Guadalajara,3661434007408,0,0,0
Sucursal Guadalajara,3661434008061,0,0,0
Sucursal Guadalajara,3661434008290,0,0,0
Sucursal Guadalajara,3661434008399,0,0,0
Sucursal Guadalajara,3661434008498,0,0,0
Sucursal Guadalajara,3661434008788,0,0,0
Sucursal Guadalajara,3661434008795,0,0,0
Sucursal Guadalajara,3661434008818,0,0,0
Sucursal Guadalajara,3661434008887,0,0,0
Sucursal Guadalajara,3661434008917,0,0,0
Sucursal Guadalajara,3661434008962,0,0,0
Sucursal Guadalajara,3661434009228,0,0,0
Sucursal Guadalajara,3661434009259,0,0,0
Sucursal Guadalajara,3661434009266,0,0,0
Sucursal Guadalajara,3661434009273,0,0,0
Sucursal Guadalajara,3661434009303,0,0,0
Sucursal Guadalajara,3661434009310,0,0,0
Sucursal Guadalajara,3661434009525,0,0,0
Sucursal Guadalajara,3661434009754,0,0,0
Sucursal Guadalajara,3661434009990,0,0,0
Sucursal Guadalajara,3661434010033,0,0,0
Sucursal Guadalajara,3661434010040,0,0,0
Sucursal Guadalajara,3661434010057,0,0,0
Sucursal Guadalajara,3661434010101,0,0,0
Sucursal Guadalajara,3661434010118,0,0,0
Sucursal Guadalajara,3661434011924,0,0,0
Sucursal Guadalajara,3661434011931,0,0,0
Sucursal Guadalajara,3661434011962,0,0,0
Sucursal Guadalajara,3661434011979,0,0,0
Sucursal Guadalajara,3661434012020,0,0,0
Sucursal Guadalajara,3661434014116,0,0,0
Sucursal Guadalajara,3661434014123,0,0,0
Sucursal Guadalajara,3661434023422,0,0,0
Sucursal Guadalajara,3661434023446,0,0,0
Sucursal Guadalajara,3661434023453,0,0,0
Sucursal Guadalajara,3661434023484,0,0,0
Sucursal Guadalajara,3662361000043,0,0,0
Sucursal Guadalajara,3662361000081,0,0,0
Sucursal Guadalajara,3662361000098,0,0,0
Sucursal Guadalajara,3662361000104,0,0,0
Sucursal Guadalajara,3662361000197,0,0,0
Sucursal Guadalajara,3662361000203,0,0,0
Sucursal Guadalajara,3662361000364,2,2,2
Sucursal Guadalajara,3662361000388,0,0,0
Sucursal Guadalajara,3662361000401,3,3,3
Sucursal Guadalajara,3662361000630,0,0,0
Sucursal Guadalajara,3662361000791,0,0,0
Sucursal Guadalajara,3662361000890,0,0,0
Sucursal Guadalajara,3662361000920,1,1,1
Sucursal Guadalajara,3662361000937,3,3,3
Sucursal Guadalajara,3662361000944,0,0,0
Sucursal Guadalajara,3662361000951,0,0,0
Sucursal Guadalajara,3662361000968,0,0,0
Sucursal Guadalajara,3662361000975,0,0,0
Sucursal Guadalajara,3662361000982,0,0,0
Sucursal Guadalajara,3662361000999,0,0,0
Sucursal Guadalajara,3662361001033,0,0,0
Sucursal Guadalajara,3662361001163,0,0,0
Sucursal Guadalajara,3662361001170,0,0,0
Sucursal Guadalajara,3662361001187,0,0,0
Sucursal Guadalajara,3662361001194,0,0,0
Sucursal Guadalajara,3662361001217,0,0,0
Sucursal Guadalajara,3662361001224,0,0,0
Sucursal Guadalajara,3662361001231,0,0,0
Sucursal Guadalajara,3662361001248,0,0,0
Sucursal Guadalajara,3662361001255,0,0,0
Sucursal Guadalajara,3662361001262,0,0,0
Sucursal Guadalajara,3662361001286,0,0,0
Sucursal Guadalajara,3662361001293,0,0,0
Sucursal Guadalajara,3662361001309,0,0,0
Sucursal Guadalajara,3662361001316,0,0,0
Sucursal Guadalajara,3662361001590,0,0,0
Sucursal Guadalajara,3662361001682,0,0,0
Sucursal Guadalajara,3662361001699,0,0,0
Sucursal Guadalajara,3662361001705,0,0,0
Sucursal Guadalajara,3662361001729,0,0,0
Sucursal Guadalajara,3662361001736,0,0,0
Sucursal Guadalajara,3662361001743,0,0,0
Sucursal Guadalajara,3662361001798,0,0,0
Sucursal Guadalajara,3662361001828,0,0,0
Sucursal Guadalajara,3662361001835,1,1,1
Sucursal Guadalajara,3662361001842,0,0,0
Sucursal Guadalajara,3662361001859,0,0,0
Sucursal Guadalajara,3662361001866,2,2,2
Sucursal Guadalajara,3662361001880,0,0,0
Sucursal Guadalajara,3662361001897,0,0,0
Sucursal Guadalajara,3662361001903,0,0,0
Sucursal Guadalajara,3662361001910,0,0,0
Sucursal Guadalajara,3662361001927,0,0,0
Sucursal Guadalajara,3662361001934,0,0,0
Sucursal Guadalajara,3662361001941,1,1,1
Sucursal Guadalajara,3662361001965,1,1,1
Sucursal Guadalajara,3662361002009,1,1,1
Sucursal Guadalajara,3662361002047,0,0,0
Sucursal Guadalajara,3662361002054,0,0,0
Sucursal Guadalajara,3662361002061,0,0,0
Sucursal Guadalajara,3662361002092,0,0,0
Sucursal Guadalajara,3662361002108,0,0,0
Sucursal Guadalajara,3662361002115,0,0,0
Sucursal Guadalajara,3662361002313,0,0,0
Sucursal Guadalajara,3662361002382,0,0,0
Sucursal Guadalajara,3662361002412,0,0,0
Sucursal Guadalajara,3662361002429,0,0,0
Sucursal Guadalajara,3662361002436,0,0,0
Sucursal Guadalajara,3662361002443,0,0,0
Sucursal Guadalajara,3662361002450,1,1,1
Sucursal Guadalajara,3662361002467,0,0,0
Sucursal Guadalajara,3662361002535,0,0,0
Sucursal Guadalajara,3662361002542,0,0,0
Sucursal Guadalajara,3662361002559,0,0,0
Sucursal Guadalajara,3662361002566,0,0,0
Sucursal Guadalajara,3662361002580,0,0,0
Sucursal Guadalajara,3662361002597,4,4,6
Sucursal Guadalajara,3662361002603,1,1,1
Sucursal Guadalajara,3662361002696,0,0,0
Sucursal Guadalajara,3662361002702,1,1,1
Sucursal Guadalajara,3662361002726,2,2,2
Sucursal Guadalajara,3662361002757,0,0,0
Sucursal Guadalajara,3662361002795,0,0,0
Sucursal Guadalajara,3662361003037,0,0,0
Sucursal Guadalajara,3662361003136,0,0,0
Sucursal Guadalajara,3662361003143,0,0,0
Sucursal Guadalajara,3662361003167,2,2,2
Sucursal Guadalajara,3662361003211,0,0,0
Sucursal Guadalajara,3662361003228,0,0,0
Sucursal Guadalajara,3662361003242,0,0,0
Sucursal Guadalajara,3662361003259,0,0,0
Sucursal Guadalajara,3662361003297,0,0,0
Sucursal Guadalajara,3662361003327,0,0,0
Sucursal Guadalajara,3662361003365,0,0,0
Sucursal Guadalajara,3662361003372,0,0,0
Sucursal Guadalajara,3662361003396,2,2,2
Sucursal Guadalajara,3662361003402,3,3,3
Sucursal Guadalajara,3662361003419,0,0,0
Sucursal Guadalajara,3662361003471,0,0,0
Sucursal Guadalajara,3662361003594,2,2,2
Sucursal Guadalajara,3662361003792,1,1,1
Sucursal Guadalajara,3662361003808,1,1,1
Sucursal Guadalajara,3662361003853,0,0,0
Sucursal Guadalajara,3662361003860,0,0,0
Sucursal Guadalajara,3662361004041,1,1,1
Sucursal Guadalajara,3662361004065,0,0,0
Sucursal Guadalajara,3662361004072,0,0,0
Sucursal Guadalajara,3662361004201,0,0,0
Sucursal Guadalajara,3662361004294,1,1,1
Sucursal Guadalajara,3662361004300,1,1,1
Sucursal Guadalajara,3662361001200,0,0,0
Sucursal Guadalajara,3662361004324,1,1,1
Sucursal Guadalajara,3662361004331,0,0,0
Sucursal Guadalajara,3662361004638,0,0,0
Sucursal Guadalajara,3662361004676,0,0,0
Sucursal Guadalajara,3663345000004,0,0,0
Sucursal Guadalajara,3663345000011,0,0,0
Sucursal Guadalajara,3663555004564,0,0,0
Sucursal Guadalajara,3663555004571,0,0,0
Sucursal Guadalajara,3664448000083,0,0,0
Sucursal Guadalajara,3664448000144,0,0,0
Sucursal Guadalajara,3664948000026,0,0,0
Sucursal Guadalajara,3664948000040,0,0,0
Sucursal Guadalajara,3664948000071,0,0,0
Sucursal Guadalajara,3664948000422,0,0,0
Sucursal Guadalajara,3700281701906,0,0,0
Sucursal Guadalajara,3700281702286,0,0,0
Sucursal Guadalajara,3700281702316,0,0,0
Sucursal Guadalajara,3700281702361,0,0,0
Sucursal Guadalajara,3700281702378,0,0,0
Sucursal Guadalajara,3700281702408,0,0,0
Sucursal Guadalajara,3700281702415,0,0,0
Sucursal Guadalajara,3700281702446,0,0,0
Sucursal Guadalajara,3700281702484,0,0,0
Sucursal Guadalajara,3700281702576,0,0,0
Sucursal Guadalajara,3700281702583,0,0,0
Sucursal Guadalajara,3700281702682,0,0,0
Sucursal Guadalajara,3700281702699,0,0,0
Sucursal Guadalajara,3700281702736,0,0,0
Sucursal Guadalajara,3700281702774,0,0,0
Sucursal Guadalajara,3700281702781,0,0,0
Sucursal Guadalajara,3700281702835,0,0,0
Sucursal Guadalajara,3700281702873,0,0,0
Sucursal Guadalajara,3700281702880,0,0,0
Sucursal Guadalajara,3700281702972,0,0,0
Sucursal Guadalajara,3700281702989,0,0,0
Sucursal Guadalajara,3700281702996,0,0,0
Sucursal Guadalajara,3700281703252,0,0,0
Sucursal Guadalajara,3700281703269,0,0,0
Sucursal Guadalajara,3700281703283,0,0,0
Sucursal Guadalajara,3700281703290,0,0,0
Sucursal Guadalajara,3700281703306,0,0,0
Sucursal Guadalajara,3700281703313,0,0,0
Sucursal Guadalajara,3700281703436,0,0,0
Sucursal Guadalajara,3700281703443,0,0,0
Sucursal Guadalajara,3700281703573,0,0,0
Sucursal Guadalajara,3700281703580,0,0,0
Sucursal Guadalajara,3700281703856,0,0,0
Sucursal Guadalajara,3700281703863,0,0,0
Sucursal Guadalajara,3700281703955,0,0,0
Sucursal Guadalajara,3700281703993,0,0,0
Sucursal Guadalajara,3700281704037,0,0,0
Sucursal Guadalajara,3700281704105,0,0,0
Sucursal Guadalajara,3700281704198,0,0,0
Sucursal Guadalajara,3700281704310,0,0,0
Sucursal Guadalajara,3700281704327,0,0,0
Sucursal Guadalajara,3700281704457,0,0,0
Sucursal Guadalajara,3700281704464,0,0,0
Sucursal Guadalajara,3700281704488,0,0,0
Sucursal Guadalajara,3700281704532,0,0,0
Sucursal Guadalajara,3700281704587,0,0,0
Sucursal Guadalajara,3700281704815,0,0,0
Sucursal Guadalajara,3700281704907,0,0,0
Sucursal Guadalajara,3700281705003,0,0,0
Sucursal Guadalajara,3700281705072,0,0,0
Sucursal Guadalajara,3700281705676,0,0,0
Sucursal Guadalajara,3700281703450,0,0,0
Sucursal Guadalajara,3700281705683,0,0,0
Sucursal Guadalajara,3700591900075,0,0,0
Sucursal Guadalajara,3700591900082,0,0,0
Sucursal Guadalajara,3700591900099,0,0,0
Sucursal Guadalajara,3700591900198,0,0,0
Sucursal Guadalajara,3700591900211,0,0,0
Sucursal Guadalajara,3700591900228,0,0,0
Sucursal Guadalajara,3700591900242,0,0,0
Sucursal Guadalajara,3700591900259,0,0,0
Sucursal Guadalajara,3700591900266,0,0,0
Sucursal Guadalajara,3700591900280,0,0,0
Sucursal Guadalajara,3700591900297,0,0,0
Sucursal Guadalajara,3700591900303,0,0,0
Sucursal Guadalajara,3700591900310,0,0,0
Sucursal Guadalajara,3700591900327,0,0,0
Sucursal Guadalajara,3700591900341,0,0,0
Sucursal Guadalajara,3700591900358,0,0,0
Sucursal Guadalajara,3700591900433,0,0,0
Sucursal Guadalajara,3700591900501,0,0,0
Sucursal Guadalajara,3700591900518,0,0,0
Sucursal Guadalajara,3700591900525,0,0,0
Sucursal Guadalajara,3700591900532,0,0,0
Sucursal Guadalajara,3700591900549,0,0,0
Sucursal Guadalajara,3700591900600,0,0,0
Sucursal Guadalajara,3700591900617,0,0,0
Sucursal Guadalajara,3700591900624,0,0,0
Sucursal Guadalajara,3700591900631,0,0,0
Sucursal Guadalajara,3700591900648,0,0,0
Sucursal Guadalajara,3700591900723,0,0,0
Sucursal Guadalajara,3700591900808,0,0,0
Sucursal Guadalajara,3700591900815,0,0,0
Sucursal Guadalajara,3700591900839,0,0,0
Sucursal Guadalajara,3700591901232,0,0,0
Sucursal Guadalajara,3700591903014,0,0,0
Sucursal Guadalajara,3700591910012,0,0,0
Sucursal Guadalajara,3700591910029,0,0,0
Sucursal Guadalajara,3700591910036,0,0,0
Sucursal Guadalajara,3700591910043,0,0,0
Sucursal Guadalajara,3700591910050,0,0,0
Sucursal Guadalajara,3700591911255,0,0,0
Sucursal Guadalajara,3700591911262,0,0,0
Sucursal Guadalajara,3700591911279,0,0,0
Sucursal Guadalajara,3700591911286,0,0,0
Sucursal Guadalajara,3700591911293,0,0,0
Sucursal Guadalajara,3700591912214,0,0,0
Sucursal Guadalajara,3700591912221,0,0,0
Sucursal Guadalajara,3700591912238,0,0,0
Sucursal Guadalajara,3700591912245,0,0,0
Sucursal Guadalajara,3700591912252,0,0,0
Sucursal Guadalajara,3700591913310,0,0,0
Sucursal Guadalajara,3700591913327,0,0,0
Sucursal Guadalajara,3700591913303,0,0,0
Sucursal Guadalajara,3700591913334,0,0,0
Sucursal Guadalajara,3700591913273,0,0,0
Sucursal Guadalajara,3700591913341,0,0,0
Sucursal Guadalajara,3700591913358,0,0,0
Sucursal Guadalajara,3700591913297,0,0,0
Sucursal Guadalajara,3700591913365,0,0,0
Sucursal Guadalajara,3700591913280,0,0,0
Sucursal Guadalajara,3700591914362,0,0,0
Sucursal Guadalajara,3700591914713,0,0,0
Sucursal Guadalajara,3700591914904,0,0,0
Sucursal Guadalajara,3700591914911,0,0,0
Sucursal Guadalajara,3700591914928,0,0,0
Sucursal Guadalajara,3700591914935,0,0,0
Sucursal Guadalajara,3700591914942,0,0,0
Sucursal Guadalajara,3700591915512,0,0,0
Sucursal Guadalajara,3700591917516,0,0,0
Sucursal Guadalajara,3700591963070,0,0,0
Sucursal Guadalajara,3700591969157,0,0,0
Sucursal Guadalajara,3701129800072,0,0,0
Sucursal Guadalajara,3701129800089,1,1,1
Sucursal Guadalajara,3701129800096,1,1,1
Sucursal Guadalajara,3701129800102,0,0,0
Sucursal Guadalajara,3701129800119,0,0,0
Sucursal Guadalajara,3701129800546,0,0,0
Sucursal Guadalajara,3701129800553,0,0,0
Sucursal Guadalajara,3701129800843,3,3,3
Sucursal Guadalajara,3701129800850,4,4,6
Sucursal Guadalajara,3701129801000,0,0,0
Sucursal Guadalajara,3701129801352,0,0,0
Sucursal Guadalajara,3701129801369,0,0,0
Sucursal Guadalajara,3701129801987,0,0,0
Sucursal Guadalajara,3701129802069,0,0,0
Sucursal Guadalajara,3701129802076,0,0,0
Sucursal Guadalajara,3701129802083,0,0,0
Sucursal Guadalajara,3701129802656,0,0,0
Sucursal Guadalajara,3701129802663,0,0,0
Sucursal Guadalajara,3701129802670,0,0,0
Sucursal Guadalajara,3701129803400,1,1,1
Sucursal Guadalajara,3701129803424,1,1,1
Sucursal Guadalajara,3701129803431,0,0,0
Sucursal Guadalajara,3701129803448,1,1,1
Sucursal Guadalajara,3701129803455,0,0,0
Sucursal Guadalajara,3701129803462,0,0,0
Sucursal Guadalajara,3701129803516,0,0,0
Sucursal Guadalajara,3701129803523,1,1,1
Sucursal Guadalajara,3701129803622,0,0,0
Sucursal Guadalajara,3701129803639,0,0,0
Sucursal Guadalajara,3701129803684,0,0,0
Sucursal Guadalajara,3701129803691,0,0,0
Sucursal Guadalajara,3701129803707,0,0,0
Sucursal Guadalajara,3701129803714,0,0,0
Sucursal Guadalajara,3701129803721,0,0,0
Sucursal Guadalajara,3701129803738,0,0,0
Sucursal Guadalajara,3701129804193,0,0,0
Sucursal Guadalajara,3701129804308,0,0,0
Sucursal Guadalajara,3701129804391,0,0,0
Sucursal Guadalajara,3701129804414,0,0,0
Sucursal Guadalajara,3701129804421,0,0,0
Sucursal Guadalajara,3701129804452,2,2,2
Sucursal Guadalajara,3701129804995,2,2,2
Sucursal Guadalajara,3701129805329,1,1,1
Sucursal Guadalajara,3701129805343,1,1,1
Sucursal Guadalajara,3701129805367,0,0,0
Sucursal Guadalajara,3701129807248,1,1,1
Sucursal Guadalajara,3701129809921,0,0,0
Sucursal Guadalajara,3701129807309,0,0,0
Sucursal Guadalajara,3701129807316,0,0,0
Sucursal Guadalajara,3701129807385,0,0,0
Sucursal Guadalajara,3701129807392,0,0,0
Sucursal Guadalajara,3701129807415,0,0,0
Sucursal Guadalajara,3701129807422,0,0,0
Sucursal Guadalajara,3701129807439,0,0,0
Sucursal Guadalajara,3701129809280,0,0,0
Sucursal Guadalajara,3701129809334,0,0,0
Sucursal Guadalajara,3701129810095,0,0,0
Sucursal Guadalajara,3701129812013,1,1,1
Sucursal Guadalajara,3401575645851,0,0,0
Sucursal Guadalajara,3701129812044,3,3,3
Sucursal Guadalajara,3701129812075,3,3,3
Sucursal Guadalajara,3401395376706,0,0,0
Sucursal Guadalajara,3701129812099,1,1,1
Sucursal Guadalajara,3701129812129,0,0,0
Sucursal Guadalajara,3401396991779,0,0,0
Sucursal Guadalajara,3701129813201,0,0,0
Sucursal Guadalajara,3701129813232,0,0,0
Sucursal Guadalajara,3701129813263,0,0,0
Sucursal Guadalajara,3701129813294,0,0,0
Sucursal Guadalajara,3701129813614,0,0,0
Sucursal Guadalajara,3701129813621,0,0,0
Sucursal Guadalajara,3701129813645,0,0,0
Sucursal Guadalajara,3701129814390,0,0,0
Sucursal Guadalajara,3701436911447,0,0,0
Sucursal Guadalajara,3701436911461,0,0,0
Sucursal Guadalajara,3701436911485,0,0,0
Sucursal Guadalajara,3701436913199,0,0,0
Sucursal Guadalajara,3701436913236,0,0,0
Sucursal Guadalajara,3701436915506,0,0,0
Sucursal Guadalajara,3701436915551,0,0,0
Sucursal Guadalajara,3701436915759,0,0,0
Sucursal Guadalajara,3701436915773,0,0,0
Sucursal Guadalajara,3701436916787,0,0,0
Sucursal Guadalajara,3701436916794,0,0,0
Sucursal Guadalajara,3701436916930,0,0,0
Sucursal Guadalajara,3701436916947,0,0,0
Sucursal Guadalajara,3701436916954,0,0,0
Sucursal Guadalajara,3760054600010,0,0,0
Sucursal Guadalajara,3760054600034,0,0,0
Sucursal Guadalajara,3760054600300,0,0,0
Sucursal Guadalajara,3760054600409,0,0,0
Sucursal Guadalajara,3760054600607,0,0,0
Sucursal Guadalajara,3760054601109,0,0,0
Sucursal Guadalajara,3760054603103,0,0,0
Sucursal Guadalajara,3760054603707,0,0,0
Sucursal Guadalajara,3760054604001,0,0,0
Sucursal Guadalajara,3760054604018,0,0,0
Sucursal Guadalajara,3760084964083,0,0,0
Sucursal Guadalajara,3760084964090,0,0,0
Sucursal Guadalajara,3760084964113,0,0,0
Sucursal Guadalajara,3760084964120,0,0,0
Sucursal Guadalajara,3760084965011,1,1,1
Sucursal Guadalajara,3760084965028,0,0,0
Sucursal Guadalajara,3760084965035,0,0,0
Sucursal Guadalajara,3760084965073,0,0,0
Sucursal Guadalajara,3760084965097,0,0,0
Sucursal Guadalajara,3760095250083,0,0,0
Sucursal Guadalajara,3760095250106,0,0,0
Sucursal Guadalajara,3760095250168,1,1,1
Sucursal Guadalajara,3760095250199,0,0,0
Sucursal Guadalajara,3760095250205,0,0,0
Sucursal Guadalajara,3760095250267,0,0,0
Sucursal Guadalajara,3760095250342,0,0,0
Sucursal Guadalajara,3760095250410,0,0,0
Sucursal Guadalajara,3760095250441,0,0,0
Sucursal Guadalajara,3760095250519,0,0,0
Sucursal Guadalajara,3760095251554,0,0,0
Sucursal Guadalajara,3760095251561,0,0,0
Sucursal Guadalajara,3760095251899,0,0,0
Sucursal Guadalajara,3760095251929,1,1,1
Sucursal Guadalajara,3760095252551,0,0,0
Sucursal Guadalajara,3760095252681,0,0,0
Sucursal Guadalajara,3760095252803,0,0,0
Sucursal Guadalajara,3760095252872,0,0,0
Sucursal Guadalajara,3760095252926,0,0,0
Sucursal Guadalajara,3760095252933,0,0,0
Sucursal Guadalajara,3760095253374,0,0,0
Sucursal Guadalajara,3760095253619,0,0,0
Sucursal Guadalajara,3760095253626,0,0,0
Sucursal Guadalajara,3760095253657,0,0,0
Sucursal Guadalajara,3760095254272,0,0,0
Sucursal Guadalajara,3760095254302,0,0,0
Sucursal Guadalajara,3760095254500,0,0,0
Sucursal Guadalajara,3760095254548,0,0,0
Sucursal Guadalajara,3760095254555,0,0,0
Sucursal Guadalajara,3760095254562,0,0,0
Sucursal Guadalajara,3760095254579,0,0,0
Sucursal Guadalajara,3760095254616,0,0,0
Sucursal Guadalajara,3760095255156,0,0,0
Sucursal Guadalajara,3760095255170,0,0,0
Sucursal Guadalajara,3760192240048,0,0,0
Sucursal Guadalajara,3760192240055,0,0,0
Sucursal Guadalajara,3760192240062,0,0,0
Sucursal Guadalajara,3760192240079,0,0,0
Sucursal Guadalajara,3760192240192,0,0,0
Sucursal Guadalajara,3760192240369,0,0,0
Sucursal Guadalajara,3760192240642,0,0,0
Sucursal Guadalajara,3760201231142,0,0,0
Sucursal Guadalajara,3760201231173,0,0,0
Sucursal Guadalajara,3760201231203,0,0,0
Sucursal Guadalajara,3760201231234,0,0,0
Sucursal Guadalajara,3760201231517,0,0,0
Sucursal Guadalajara,3760201231586,0,0,0
Sucursal Guadalajara,3760201231685,0,0,0
Sucursal Guadalajara,3760201234501,0,0,0
Sucursal Guadalajara,3760201234990,0,0,0
Sucursal Guadalajara,3760246601221,0,0,0
Sucursal Guadalajara,3760269770003,0,0,0
Sucursal Guadalajara,3760269770010,1,1,1
Sucursal Guadalajara,3760269770041,0,0,0
Sucursal Guadalajara,3760269770058,0,0,0
Sucursal Guadalajara,3760269770065,0,0,0
Sucursal Guadalajara,3760269770072,0,0,0
Sucursal Guadalajara,3760269770089,0,0,0
Sucursal Guadalajara,3760269770096,0,0,0
Sucursal Guadalajara,3760269770119,0,0,0
Sucursal Guadalajara,3760269770126,0,0,0
Sucursal Guadalajara,3760269770133,0,0,0
Sucursal Guadalajara,3760269770140,0,0,0
Sucursal Guadalajara,3760269770157,0,0,0
Sucursal Guadalajara,3760269770225,3,3,3
Sucursal Guadalajara,3760269770270,0,0,0
Sucursal Guadalajara,3760269770287,0,0,0
Sucursal Guadalajara,3760269770294,0,0,0
Sucursal Guadalajara,3760269770300,0,0,0
Sucursal Guadalajara,3760269770317,0,0,0
Sucursal Guadalajara,3760269770324,0,0,0
Sucursal Guadalajara,3760269770348,0,0,0
Sucursal Guadalajara,3760269770362,0,0,0
Sucursal Guadalajara,3760269770386,1,1,1
Sucursal Guadalajara,3760269770393,0,0,0
Sucursal Guadalajara,3760269770409,0,0,0
Sucursal Guadalajara,3760269770416,0,0,0
Sucursal Guadalajara,3760269770447,0,0,0
Sucursal Guadalajara,3760269770454,0,0,0
Sucursal Guadalajara,3760269770485,0,0,0
Sucursal Guadalajara,3760269770492,0,0,0
Sucursal Guadalajara,3760269770508,0,0,0
Sucursal Guadalajara,3760269770515,0,0,0
Sucursal Guadalajara,3760269770522,0,0,0
Sucursal Guadalajara,3760269770539,0,0,0
Sucursal Guadalajara,3760269770546,0,0,0
Sucursal Guadalajara,3760269770553,0,0,0
Sucursal Guadalajara,3760269770560,0,0,0
Sucursal Guadalajara,3760269770867,0,0,0
Sucursal Guadalajara,3760269770942,3,3,3
Sucursal Guadalajara,3760269770980,0,0,0
Sucursal Guadalajara,3760269770997,0,0,0
Sucursal Guadalajara,3760269771086,0,0,0
Sucursal Guadalajara,3031500311645,0,0,0
Sucursal Guadalajara,3760269771109,0,0,0
Sucursal Guadalajara,3760269771116,0,0,0
Sucursal Guadalajara,3760269771123,0,0,0
Sucursal Guadalajara,3760269771130,0,0,0
Sucursal Guadalajara,3760269771147,0,0,0
Sucursal Guadalajara,3760269771192,0,0,0
Sucursal Guadalajara,3760269771314,0,0,0
Sucursal Guadalajara,3760269771321,0,0,0
Sucursal Guadalajara,3760269771338,2,2,2
Sucursal Guadalajara,3401381717704,0,0,0
Sucursal Guadalajara,3760269771406,1,1,1
Sucursal Guadalajara,3760269771482,0,0,0
Sucursal Guadalajara,3760269771505,0,0,0
Sucursal Guadalajara,3760269771574,0,0,0
Sucursal Guadalajara,3401360147775,0,0,0
Sucursal Guadalajara,3770004880010,0,0,0
Sucursal Guadalajara,3770004880027,0,0,0
Sucursal Guadalajara,3770004880034,0,0,0
Sucursal Guadalajara,3770004880041,0,0,0
Sucursal Guadalajara,3770004880058,0,0,0
Sucursal Guadalajara,3770004880065,0,0,0
Sucursal Guadalajara,3770004880072,0,0,0
Sucursal Guadalajara,3770004880089,0,0,0
Sucursal Guadalajara,3770004880096,0,0,0
Sucursal Guadalajara,3770004880102,0,0,0
Sucursal Guadalajara,3770004880126,0,0,0
Sucursal Guadalajara,3770004880133,0,0,0
Sucursal Guadalajara,3770004880157,0,0,0
Sucursal Guadalajara,3770004880164,0,0,0
Sucursal Guadalajara,3770004880171,0,0,0
Sucursal Guadalajara,3770004880188,0,0,0
Sucursal Guadalajara,3770004880195,0,0,0
Sucursal Guadalajara,3770004880201,0,0,0
Sucursal Guadalajara,3770004880218,0,0,0
Sucursal Guadalajara,3770004880225,0,0,0
Sucursal Guadalajara,3770004880232,0,0,0
Sucursal Guadalajara,3770004880263,0,0,0
Sucursal Guadalajara,3770004880287,0,0,0
Sucursal Guadalajara,3770004880294,0,0,0
Sucursal Guadalajara,3770004880300,0,0,0
Sucursal Guadalajara,3770004880317,0,0,0
Sucursal Guadalajara,3770004880324,0,0,0
Sucursal Guadalajara,3770008157187,0,0,0
Sucursal Guadalajara,3770008167056,0,0,0
Sucursal Guadalajara,4005800005541,0,0,0
Sucursal Guadalajara,4005800014475,0,0,0
Sucursal Guadalajara,4005800021930,0,0,0
Sucursal Guadalajara,4005800024139,0,0,0
Sucursal Guadalajara,4005800024481,0,0,0
Sucursal Guadalajara,4005800030819,0,0,0
Sucursal Guadalajara,4005800057670,1,1,1
Sucursal Guadalajara,4005800065019,0,0,0
Sucursal Guadalajara,4005800066061,0,0,0
Sucursal Guadalajara,4005800066627,0,0,0
Sucursal Guadalajara,4005800079948,0,0,0
Sucursal Guadalajara,4005800084508,1,1,1
Sucursal Guadalajara,4005800084546,0,0,0
Sucursal Guadalajara,4005800109256,0,0,0
Sucursal Guadalajara,4005800164361,0,0,0
Sucursal Guadalajara,4005800178375,0,0,0
Sucursal Guadalajara,4005800180514,0,0,0
Sucursal Guadalajara,4005800180545,0,0,0
Sucursal Guadalajara,4005800204975,0,0,0
Sucursal Guadalajara,4005800213786,0,0,0
Sucursal Guadalajara,4005800239656,0,0,0
Sucursal Guadalajara,4005800241901,2,2,2
Sucursal Guadalajara,4005800264245,0,0,0
Sucursal Guadalajara,4005800266409,1,1,1
Sucursal Guadalajara,4005800268731,2,2,2
Sucursal Guadalajara,4005800269776,0,0,0
Sucursal Guadalajara,4005800270475,0,0,0
Sucursal Guadalajara,4005800270543,0,0,0
Sucursal Guadalajara,4005800309618,0,0,0
Sucursal Guadalajara,4005800346583,1,1,1
Sucursal Guadalajara,4005800349683,0,0,0
Sucursal Guadalajara,4005800630958,1,1,1
Sucursal Guadalajara,4005800631702,1,1,1
Sucursal Guadalajara,4005800631788,0,0,0
Sucursal Guadalajara,4005800634000,0,0,0
Sucursal Guadalajara,4005800634130,0,0,0
Sucursal Guadalajara,4005800634161,0,0,0
Sucursal Guadalajara,4005800634222,0,0,0
Sucursal Guadalajara,4005800634864,0,0,0
Sucursal Guadalajara,4005800635335,0,0,0
Sucursal Guadalajara,4005808115938,0,0,0
Sucursal Guadalajara,4005808581214,0,0,0
Sucursal Guadalajara,4005808583348,0,0,0
Sucursal Guadalajara,4005808583539,0,0,0
Sucursal Guadalajara,4005808583805,0,0,0
Sucursal Guadalajara,4005900099075,0,0,0
Sucursal Guadalajara,4005900140906,2,2,2
Sucursal Guadalajara,4005900169563,0,0,0
Sucursal Guadalajara,4005900264282,0,0,0
Sucursal Guadalajara,4005900265227,1,1,1
Sucursal Guadalajara,4005900274120,0,0,0
Sucursal Guadalajara,4005900324023,1,1,1
Sucursal Guadalajara,4005900436962,0,0,0
Sucursal Guadalajara,4005900436979,0,0,0
Sucursal Guadalajara,4005900436986,1,1,1
Sucursal Guadalajara,4005900436993,0,0,0
Sucursal Guadalajara,4005900516961,1,1,1
Sucursal Guadalajara,4005900541031,0,0,0
Sucursal Guadalajara,4005900559500,1,1,1
Sucursal Guadalajara,4005900559517,1,1,1
Sucursal Guadalajara,4005900559524,0,0,0
Sucursal Guadalajara,4005900598684,0,0,0
Sucursal Guadalajara,4005900650412,2,2,2
Sucursal Guadalajara,4005900656063,1,1,1
Sucursal Guadalajara,4005900667014,0,0,0
Sucursal Guadalajara,4005900728807,2,2,2
Sucursal Guadalajara,4005900802798,0,0,0
Sucursal Guadalajara,4005900838841,2,2,2
Sucursal Guadalajara,4005900839626,1,1,1
Sucursal Guadalajara,4005900839633,0,0,0
Sucursal Guadalajara,4005900873347,0,0,0
Sucursal Guadalajara,4005900902566,0,0,0
Sucursal Guadalajara,4005900903273,0,0,0
Sucursal Guadalajara,4005900906083,0,0,0
Sucursal Guadalajara,4005900942777,0,0,0
Sucursal Guadalajara,4005900951526,0,0,0
Sucursal Guadalajara,4005900994776,0,0,0
Sucursal Guadalajara,4005900996169,0,0,0
Sucursal Guadalajara,4005900998385,1,1,1
Sucursal Guadalajara,4006000014395,2,2,2
Sucursal Guadalajara,4006000014401,2,2,2
Sucursal Guadalajara,4006000028828,0,0,0
Sucursal Guadalajara,4006000045832,0,0,0
Sucursal Guadalajara,4006000075693,0,0,0
Sucursal Guadalajara,4006000077000,3,3,3
Sucursal Guadalajara,4006000077734,0,0,0
Sucursal Guadalajara,4006000122069,1,1,1
Sucursal Guadalajara,4006000127026,0,0,0
Sucursal Guadalajara,4006000127033,0,0,0
Sucursal Guadalajara,4006000127040,0,0,0
Sucursal Guadalajara,4006000134758,1,1,1
Sucursal Guadalajara,4006000136516,0,0,0
Sucursal Guadalajara,4006000177502,0,0,0
Sucursal Guadalajara,4006000177526,1,1,1
Sucursal Guadalajara,4006000181981,0,0,0
Sucursal Guadalajara,4006000183572,0,0,0
Sucursal Guadalajara,4005800180606,0,0,0
Sucursal Guadalajara,4006000183602,0,0,0
Sucursal Guadalajara,4046222757120,0,0,0
Sucursal Guadalajara,4791776154924,0,0,0
Sucursal Guadalajara,4806502774823,0,0,0
Sucursal Guadalajara,4806502775165,0,0,0
Sucursal Guadalajara,4897042370286,0,0,0
Sucursal Guadalajara,4897042370545,0,0,0
Sucursal Guadalajara,5002010130017,0,0,0
Sucursal Guadalajara,5201279067977,0,0,0
Sucursal Guadalajara,5201279068004,0,0,0
Sucursal Guadalajara,5201279070335,0,0,0
Sucursal Guadalajara,5201279070342,0,0,0
Sucursal Guadalajara,5201279070373,0,0,0
Sucursal Guadalajara,5201279071073,0,0,0
Sucursal Guadalajara,5201279071592,0,0,0
Sucursal Guadalajara,5201279071615,0,0,0
Sucursal Guadalajara,5201279071721,0,0,0
Sucursal Guadalajara,5201279071745,0,0,0
Sucursal Guadalajara,5201279072148,0,0,0
Sucursal Guadalajara,5201279072155,0,0,0
Sucursal Guadalajara,5201279072162,0,0,0
Sucursal Guadalajara,5201279072179,0,0,0
Sucursal Guadalajara,5201279072193,0,0,0
Sucursal Guadalajara,5201279072216,0,0,0
Sucursal Guadalajara,5201279072223,0,0,0
Sucursal Guadalajara,5201279072230,0,0,0
Sucursal Guadalajara,5201279072247,0,0,0
Sucursal Guadalajara,5201279072308,0,0,0
Sucursal Guadalajara,5201279072315,0,0,0
Sucursal Guadalajara,5201279072353,0,0,0
Sucursal Guadalajara,5201279072377,0,0,0
Sucursal Guadalajara,5201279072384,0,0,0
Sucursal Guadalajara,5201279072407,0,0,0
Sucursal Guadalajara,5201279072421,0,0,0
Sucursal Guadalajara,5201279072438,0,0,0
Sucursal Guadalajara,5201279072445,0,0,0
Sucursal Guadalajara,5201279072452,0,0,0
Sucursal Guadalajara,5201279072483,0,0,0
Sucursal Guadalajara,5201279072513,0,0,0
Sucursal Guadalajara,5201279072520,0,0,0
Sucursal Guadalajara,5201279072834,0,0,0
Sucursal Guadalajara,5201279072865,0,0,0
Sucursal Guadalajara,5201279072889,0,0,0
Sucursal Guadalajara,5201279072933,0,0,0
Sucursal Guadalajara,5201279072988,0,0,0
Sucursal Guadalajara,5201279073015,0,0,0
Sucursal Guadalajara,5201279073022,0,0,0
Sucursal Guadalajara,5201279073039,0,0,0
Sucursal Guadalajara,5201279073046,0,0,0
Sucursal Guadalajara,5201279073060,0,0,0
Sucursal Guadalajara,5201279073077,0,0,0
Sucursal Guadalajara,5201279073213,0,0,0
Sucursal Guadalajara,5201279073220,0,0,0
Sucursal Guadalajara,5201279073237,0,0,0
Sucursal Guadalajara,5201279073244,0,0,0
Sucursal Guadalajara,5201279073251,0,0,0
Sucursal Guadalajara,5201279073343,0,0,0
Sucursal Guadalajara,5201279073350,0,0,0
Sucursal Guadalajara,5201279073367,0,0,0
Sucursal Guadalajara,5201279073503,0,0,0
Sucursal Guadalajara,5201279073541,0,0,0
Sucursal Guadalajara,5201279073558,0,0,0
Sucursal Guadalajara,5201279074210,0,0,0
Sucursal Guadalajara,5201279074241,0,0,0
Sucursal Guadalajara,5201279074289,0,0,0
Sucursal Guadalajara,5201279074395,0,0,0
Sucursal Guadalajara,5201279076849,0,0,0
Sucursal Guadalajara,5201279077822,0,0,0
Sucursal Guadalajara,5201279077839,0,0,0
Sucursal Guadalajara,5201279078898,0,0,0
Sucursal Guadalajara,5201279078959,0,0,0
Sucursal Guadalajara,5201279080167,0,0,0
Sucursal Guadalajara,5201279080181,0,0,0
Sucursal Guadalajara,5201279080228,0,0,0
Sucursal Guadalajara,5201279080402,0,0,0
Sucursal Guadalajara,5201279080426,0,0,0
Sucursal Guadalajara,5201279080860,0,0,0
Sucursal Guadalajara,5201279085216,0,0,0
Sucursal Guadalajara,5201279088477,0,0,0
Sucursal Guadalajara,5201279088484,0,0,0
Sucursal Guadalajara,5201279094614,0,0,0
Sucursal Guadalajara,5201279272360,0,0,0
Sucursal Guadalajara,5202888221279,0,0,0
Sucursal Guadalajara,5202888222290,3,3,3
Sucursal Guadalajara,5202888222313,0,0,0
Sucursal Guadalajara,5202888222351,4,4,6
Sucursal Guadalajara,5202888228377,0,0,0
Sucursal Guadalajara,5202888228438,0,0,0
Sucursal Guadalajara,5202888228469,0,0,0
Sucursal Guadalajara,5202888271007,0,0,0
Sucursal Guadalajara,5202888271014,0,0,0
Sucursal Guadalajara,5202888271038,0,0,0
Sucursal Guadalajara,5202888271045,0,0,0
Sucursal Guadalajara,5202888271069,0,0,0
Sucursal Guadalajara,5202888271113,0,0,0
Sucursal Guadalajara,5202888271120,0,0,0
Sucursal Guadalajara,5202888271137,0,0,0
Sucursal Guadalajara,5202888271144,0,0,0
Sucursal Guadalajara,5202888271151,0,0,0
Sucursal Guadalajara,5202888271175,0,0,0
Sucursal Guadalajara,5202888271199,0,0,0
Sucursal Guadalajara,5202888271205,0,0,0
Sucursal Guadalajara,5202888271229,0,0,0
Sucursal Guadalajara,5202888271304,0,0,0
Sucursal Guadalajara,5202888271311,0,0,0
Sucursal Guadalajara,5202888271625,0,0,0
Sucursal Guadalajara,5202888271670,0,0,0
Sucursal Guadalajara,5202888273001,0,0,0
Sucursal Guadalajara,5202888273025,0,0,0
Sucursal Guadalajara,5202888273131,0,0,0
Sucursal Guadalajara,5415062379660,0,0,0
Sucursal Guadalajara,5701943010853,0,0,0
Sucursal Guadalajara,5701943011201,0,0,0
Sucursal Guadalajara,5701943012482,0,0,0
Sucursal Guadalajara,5701943013809,0,0,0
Sucursal Guadalajara,5702191008074,0,0,0
Sucursal Guadalajara,5702191008111,0,0,0
Sucursal Guadalajara,5702191009507,0,0,0
Sucursal Guadalajara,5702191025743,0,0,0
Sucursal Guadalajara,5702191029192,1,1,1
Sucursal Guadalajara,5702191029208,0,0,0
Sucursal Guadalajara,5702191008098,0,0,0
Sucursal Guadalajara,5702191029291,0,0,0
Sucursal Guadalajara,5702191029314,0,0,0
Sucursal Guadalajara,5702191029321,0,0,0
Sucursal Guadalajara,5702191029369,0,0,0
Sucursal Guadalajara,5702191029611,0,0,0
Sucursal Guadalajara,5707725100156,2,2,2
Sucursal Guadalajara,5707725401017,0,0,0
Sucursal Guadalajara,5707725402014,0,0,0
Sucursal Guadalajara,6001051002276,0,0,0
Sucursal Guadalajara,7009535809037,0,0,0
Sucursal Guadalajara,7290011784294,3,3,3
Sucursal Guadalajara,7319470066786,2,2,2
Sucursal Guadalajara,732013251024,0,0,0
Sucursal Guadalajara,7350085331913,0,0,0
Sucursal Guadalajara,7350085331920,0,0,0
Sucursal Guadalajara,7350085331937,0,0,0
Sucursal Guadalajara,7350085331944,0,0,0
Sucursal Guadalajara,7350085331951,0,0,0
Sucursal Guadalajara,7350085331968,0,0,0
Sucursal Guadalajara,7350085331975,0,0,0
Sucursal Guadalajara,7350085331982,0,0,0
Sucursal Guadalajara,7350085331999,0,0,0
Sucursal Guadalajara,7350085332002,0,0,0
Sucursal Guadalajara,7350085332040,0,0,0
Sucursal Guadalajara,7350085332057,0,0,0
Sucursal Guadalajara,7350085332187,0,0,0
Sucursal Guadalajara,7350085332194,0,0,0
Sucursal Guadalajara,7350085332255,0,0,0
Sucursal Guadalajara,7500326369605,0,0,0
Sucursal Guadalajara,7500326369612,0,0,0
Sucursal Guadalajara,7500326369629,0,0,0
Sucursal Guadalajara,7500326369636,0,0,0
Sucursal Guadalajara,7500326369643,0,0,0
Sucursal Guadalajara,7500326369650,0,0,0
Sucursal Guadalajara,7500326369667,0,0,0
Sucursal Guadalajara,7500326369674,0,0,0
Sucursal Guadalajara,7500462711306,0,0,0
Sucursal Guadalajara,7500462711313,0,0,0
Sucursal Guadalajara,7500462903947,0,0,0
Sucursal Guadalajara,7500462903961,1,1,1
Sucursal Guadalajara,7500463031939,0,0,0
Sucursal Guadalajara,7501008499276,0,0,0
Sucursal Guadalajara,7501008499283,0,0,0
Sucursal Guadalajara,7501008499559,0,0,0
Sucursal Guadalajara,7501027800183,0,0,0
Sucursal Guadalajara,7501033961298,0,0,0
Sucursal Guadalajara,7501043100519,0,0,0
Sucursal Guadalajara,7501043110686,0,0,0
Sucursal Guadalajara,7501043110778,0,0,0
Sucursal Guadalajara,7501043110853,0,0,0
Sucursal Guadalajara,7501043111850,0,0,0
Sucursal Guadalajara,7501043111959,0,0,0
Sucursal Guadalajara,7501043112208,0,0,0
Sucursal Guadalajara,7501048333202,0,0,0
Sucursal Guadalajara,7501048333301,0,0,0
Sucursal Guadalajara,7501048621200,0,0,0
Sucursal Guadalajara,7501050600026,0,0,0
Sucursal Guadalajara,7501050600347,0,0,0
Sucursal Guadalajara,7501050600361,0,0,0
Sucursal Guadalajara,7501050600378,0,0,0
Sucursal Guadalajara,7501050608558,0,0,0
Sucursal Guadalajara,7501050609340,0,0,0
Sucursal Guadalajara,7501050610018,0,0,0
Sucursal Guadalajara,7501050611053,0,0,0
Sucursal Guadalajara,7501050613422,0,0,0
Sucursal Guadalajara,7501054530008,0,0,0
Sucursal Guadalajara,7501054530107,0,0,0
Sucursal Guadalajara,7501054530114,0,0,0
Sucursal Guadalajara,7501054530398,1,1,1
Sucursal Guadalajara,7501054530480,2,2,2
Sucursal Guadalajara,7501054540731,2,2,2
Sucursal Guadalajara,7501054548829,2,2,2
Sucursal Guadalajara,7501054550037,0,0,0
Sucursal Guadalajara,7501054550211,0,0,0
Sucursal Guadalajara,7501054556145,0,0,0
Sucursal Guadalajara,7501054556282,0,0,0
Sucursal Guadalajara,7501054556312,0,0,0
Sucursal Guadalajara,7501054556336,0,0,0
Sucursal Guadalajara,7501054556657,0,0,0
Sucursal Guadalajara,7501054556671,0,0,0
Sucursal Guadalajara,7501054558170,2,2,2
Sucursal Guadalajara,7501054558248,1,1,1
Sucursal Guadalajara,7501054558545,1,1,1
Sucursal Guadalajara,7501064550652,0,0,0
Sucursal Guadalajara,7501088504617,0,0,0
Sucursal Guadalajara,7501088504624,0,0,0
Sucursal Guadalajara,7501088504648,0,0,0
Sucursal Guadalajara,7501088504655,0,0,0
Sucursal Guadalajara,7501088507168,0,0,0
Sucursal Guadalajara,7501088507502,0,0,0
Sucursal Guadalajara,7501088507601,0,0,0
Sucursal Guadalajara,7501088507618,0,0,0
Sucursal Guadalajara,7501088507625,0,0,0
Sucursal Guadalajara,7501088507632,0,0,0
Sucursal Guadalajara,7501088542756,0,0,0
Sucursal Guadalajara,7501088542855,0,0,0
Sucursal Guadalajara,7501088559211,0,0,0
Sucursal Guadalajara,7501089804013,0,0,0
Sucursal Guadalajara,7501089804136,0,0,0
Sucursal Guadalajara,7501089804327,0,0,0
Sucursal Guadalajara,7501089804389,0,0,0
Sucursal Guadalajara,7501089804396,0,0,0
Sucursal Guadalajara,7501089804433,0,0,0
Sucursal Guadalajara,7501089804471,0,0,0
Sucursal Guadalajara,7501089804518,0,0,0
Sucursal Guadalajara,7501089804525,0,0,0
Sucursal Guadalajara,7501089804532,0,0,0
Sucursal Guadalajara,7501089812094,0,0,0
Sucursal Guadalajara,7501089812100,0,0,0
Sucursal Guadalajara,7501100076061,0,0,0
Sucursal Guadalajara,7501100076078,0,0,0
Sucursal Guadalajara,7501100076085,0,0,0
Sucursal Guadalajara,7501100076092,0,0,0
Sucursal Guadalajara,7501101649653,0,0,0
Sucursal Guadalajara,7501109900251,0,0,0
Sucursal Guadalajara,7501109911295,0,0,0
Sucursal Guadalajara,7501109911301,0,0,0
Sucursal Guadalajara,7501122900313,0,0,0
Sucursal Guadalajara,7501122900399,0,0,0
Sucursal Guadalajara,7501122900771,0,0,0
Sucursal Guadalajara,7501122900788,0,0,0
Sucursal Guadalajara,7501122900795,0,0,0
Sucursal Guadalajara,7501122900801,0,0,0
Sucursal Guadalajara,7501122901594,0,0,0
Sucursal Guadalajara,7501122960201,0,0,0
Sucursal Guadalajara,7501122960317,0,0,0
Sucursal Guadalajara,7501122961109,0,0,0
Sucursal Guadalajara,7501122961505,0,0,0
Sucursal Guadalajara,7501122961604,0,0,0
Sucursal Guadalajara,7501122961901,0,0,0
Sucursal Guadalajara,7501122962007,0,0,0
Sucursal Guadalajara,7501122962410,0,0,0
Sucursal Guadalajara,7501122963516,0,0,0
Sucursal Guadalajara,7501122966906,0,0,0
Sucursal Guadalajara,7501122969419,0,0,0
Sucursal Guadalajara,7501122969600,0,0,0
Sucursal Guadalajara,7501122969617,0,0,0
Sucursal Guadalajara,7501122969808,0,0,0
Sucursal Guadalajara,7501124180720,2,2,2
Sucursal Guadalajara,7501124180904,0,0,0
Sucursal Guadalajara,7501124180980,0,0,0
Sucursal Guadalajara,7501124181949,0,0,0
Sucursal Guadalajara,7501124182106,0,0,0
Sucursal Guadalajara,7501124182328,0,0,0
Sucursal Guadalajara,7501124182403,0,0,0
Sucursal Guadalajara,7501124182687,0,0,0
Sucursal Guadalajara,7501124182700,0,0,0
Sucursal Guadalajara,7501124182717,0,0,0
Sucursal Guadalajara,7501124182755,0,0,0
Sucursal Guadalajara,7501124183462,0,0,0
Sucursal Guadalajara,7501124183479,0,0,0
Sucursal Guadalajara,7501124185091,0,0,0
Sucursal Guadalajara,7501124723170,0,0,0
Sucursal Guadalajara,7501124813468,0,0,0
Sucursal Guadalajara,7501125101960,0,0,0
Sucursal Guadalajara,7501125108686,0,0,0
Sucursal Guadalajara,7501201340016,0,0,0
Sucursal Guadalajara,7501201400741,0,0,0
Sucursal Guadalajara,7501228300284,0,0,0
Sucursal Guadalajara,7501228300291,0,0,0
Sucursal Guadalajara,7501258200011,0,0,0
Sucursal Guadalajara,7501258200028,0,0,0
Sucursal Guadalajara,7501258203227,0,0,0
Sucursal Guadalajara,7501258203234,0,0,0
Sucursal Guadalajara,7501258205801,0,0,0
Sucursal Guadalajara,7501258205818,0,0,0
Sucursal Guadalajara,7501258208697,1,1,1
Sucursal Guadalajara,7501258208901,0,0,0
Sucursal Guadalajara,7501258209946,0,0,0
Sucursal Guadalajara,7501258210010,0,0,0
Sucursal Guadalajara,7501258210270,0,0,0
Sucursal Guadalajara,7501258210331,0,0,0
Sucursal Guadalajara,7501258212687,0,0,0
Sucursal Guadalajara,7501258214278,0,0,0
Sucursal Guadalajara,7501258214285,0,0,0
Sucursal Guadalajara,7501258214445,0,0,0
Sucursal Guadalajara,7501258214483,0,0,0
Sucursal Guadalajara,7501258214834,0,0,0
Sucursal Guadalajara,7501258215336,0,0,0
Sucursal Guadalajara,7501258215350,0,0,0
Sucursal Guadalajara,7501258215367,0,0,0
Sucursal Guadalajara,7501258215749,0,0,0
Sucursal Guadalajara,7501273500073,0,0,0
Sucursal Guadalajara,7501273500127,0,0,0
Sucursal Guadalajara,7501273500134,0,0,0
Sucursal Guadalajara,7501273500165,0,0,0
Sucursal Guadalajara,7501273500202,0,0,0
Sucursal Guadalajara,7501273500233,0,0,0
Sucursal Guadalajara,7501273500271,0,0,0
Sucursal Guadalajara,7501273500288,0,0,0
Sucursal Guadalajara,7501273500301,0,0,0
Sucursal Guadalajara,7501273500318,0,0,0
Sucursal Guadalajara,7501273500349,0,0,0
Sucursal Guadalajara,7501273500370,0,0,0
Sucursal Guadalajara,7501273500387,0,0,0
Sucursal Guadalajara,7501273500417,0,0,0
Sucursal Guadalajara,7501273500493,0,0,0
Sucursal Guadalajara,7501273500516,0,0,0
Sucursal Guadalajara,7501273500530,0,0,0
Sucursal Guadalajara,7501273500554,0,0,0
Sucursal Guadalajara,7501273500585,0,0,0
Sucursal Guadalajara,7501273500592,0,0,0
Sucursal Guadalajara,7501285600365,0,0,0
Sucursal Guadalajara,7501299301579,0,0,0
Sucursal Guadalajara,7501299303184,0,0,0
Sucursal Guadalajara,7501299303542,0,0,0
Sucursal Guadalajara,7501299306765,0,0,0
Sucursal Guadalajara,7501299307342,0,0,0
Sucursal Guadalajara,7501299335017,0,0,0
Sucursal Guadalajara,7501300421814,0,0,0
Sucursal Guadalajara,7501303435504,0,0,0
Sucursal Guadalajara,7501314701216,0,0,0
Sucursal Guadalajara,7501314701223,0,0,0
Sucursal Guadalajara,7501314701254,0,0,0
Sucursal Guadalajara,7501314701414,0,0,0
Sucursal Guadalajara,7501314701513,0,0,0
Sucursal Guadalajara,7501314705139,0,0,0
Sucursal Guadalajara,7501314705153,0,0,0
Sucursal Guadalajara,7501314705313,0,0,0
Sucursal Guadalajara,7501314705344,0,0,0
Sucursal Guadalajara,7501314705351,0,0,0
Sucursal Guadalajara,7501390911011,0,0,0
Sucursal Guadalajara,7501390912728,0,0,0
Sucursal Guadalajara,7501390912742,0,0,0
Sucursal Guadalajara,7501390912803,0,0,0
Sucursal Guadalajara,7501390912827,0,0,0
Sucursal Guadalajara,7501390913107,0,0,0
Sucursal Guadalajara,7501390913114,0,0,0
Sucursal Guadalajara,7501390913374,0,0,0
Sucursal Guadalajara,7501390913404,0,0,0
Sucursal Guadalajara,7501390913794,0,0,0
Sucursal Guadalajara,7501390913992,0,0,0
Sucursal Guadalajara,7501390914012,0,0,0
Sucursal Guadalajara,7501390914074,0,0,0
Sucursal Guadalajara,7501390914487,0,0,0
Sucursal Guadalajara,7501390914494,0,0,0
Sucursal Guadalajara,7501390915309,0,0,0
Sucursal Guadalajara,7501390915323,0,0,0
Sucursal Guadalajara,7501390915347,0,0,0
Sucursal Guadalajara,7501390915507,0,0,0
Sucursal Guadalajara,7501390916320,0,0,0
Sucursal Guadalajara,7501390919956,0,0,0
Sucursal Guadalajara,7501779154725,0,0,0
Sucursal Guadalajara,7501853806311,0,0,0
Sucursal Guadalajara,7502002460033,0,0,0
Sucursal Guadalajara,7502002460040,0,0,0
Sucursal Guadalajara,7502002460064,0,0,0
Sucursal Guadalajara,7502002460071,0,0,0
Sucursal Guadalajara,7502002460095,0,0,0
Sucursal Guadalajara,7502002460125,0,0,0
Sucursal Guadalajara,7502002460422,0,0,0
Sucursal Guadalajara,7502002460682,0,0,0
Sucursal Guadalajara,7502002460699,0,0,0
Sucursal Guadalajara,7502002460705,0,0,0
Sucursal Guadalajara,7502002460712,0,0,0
Sucursal Guadalajara,7502002460767,0,0,0
Sucursal Guadalajara,7502002460835,0,0,0
Sucursal Guadalajara,7502002460897,2,2,2
Sucursal Guadalajara,7502002460965,0,0,0
Sucursal Guadalajara,7502002460972,0,0,0
Sucursal Guadalajara,7502002460989,0,0,0
Sucursal Guadalajara,7502002461061,1,1,1
Sucursal Guadalajara,7502002461085,0,0,0
Sucursal Guadalajara,7502002461153,2,2,2
Sucursal Guadalajara,7502002461160,0,0,0
Sucursal Guadalajara,7502002461283,0,0,0
Sucursal Guadalajara,7502002461290,0,0,0
Sucursal Guadalajara,7502002461306,1,1,1
Sucursal Guadalajara,7502002461313,1,1,1
Sucursal Guadalajara,7502002461528,0,0,0
Sucursal Guadalajara,7502002461580,2,2,2
Sucursal Guadalajara,7502002461597,0,0,0
Sucursal Guadalajara,7502002461733,0,0,0
Sucursal Guadalajara,7502002461801,0,0,0
Sucursal Guadalajara,7502002461818,0,0,0
Sucursal Guadalajara,7502002461825,0,0,0
Sucursal Guadalajara,7502002461832,0,0,0
Sucursal Guadalajara,7502002461849,0,0,0
Sucursal Guadalajara,7502002461924,0,0,0
Sucursal Guadalajara,7502002461931,0,0,0
Sucursal Guadalajara,7502002461948,0,0,0
Sucursal Guadalajara,7502002462136,0,0,0
Sucursal Guadalajara,7502002462174,0,0,0
Sucursal Guadalajara,7502002462181,0,0,0
Sucursal Guadalajara,7502002462198,0,0,0
Sucursal Guadalajara,7502002462297,0,0,0
Sucursal Guadalajara,7502002462365,0,0,0
Sucursal Guadalajara,7502002462501,0,0,0
Sucursal Guadalajara,7502002462518,0,0,0
Sucursal Guadalajara,7502002462686,1,1,1
Sucursal Guadalajara,7502002462693,0,0,0
Sucursal Guadalajara,7502002462709,1,1,1
Sucursal Guadalajara,7502003560237,0,0,0
Sucursal Guadalajara,7502003560244,0,0,0
Sucursal Guadalajara,7502003560329,0,0,0
Sucursal Guadalajara,7502003560336,0,0,0
Sucursal Guadalajara,7502003560343,0,0,0
Sucursal Guadalajara,7502003560367,0,0,0
Sucursal Guadalajara,7502003560442,0,0,0
Sucursal Guadalajara,7502003560459,1,1,1
Sucursal Guadalajara,7502003560473,0,0,0
Sucursal Guadalajara,7502003560480,0,0,0
Sucursal Guadalajara,7502003560497,0,0,0
Sucursal Guadalajara,7502003560527,0,0,0
Sucursal Guadalajara,7502209291331,0,0,0
Sucursal Guadalajara,7502217870016,0,0,0
Sucursal Guadalajara,7502217870023,0,0,0
Sucursal Guadalajara,7502217870030,0,0,0
Sucursal Guadalajara,7502217870047,0,0,0
Sucursal Guadalajara,7502217870054,0,0,0
Sucursal Guadalajara,7502217870061,0,0,0
Sucursal Guadalajara,7502224220040,0,0,0
Sucursal Guadalajara,7502224220057,0,0,0
Sucursal Guadalajara,7502224221030,0,0,0
Sucursal Guadalajara,7502224225021,0,0,0
Sucursal Guadalajara,7502224227117,0,0,0
Sucursal Guadalajara,7502224227131,0,0,0
Sucursal Guadalajara,7502224228060,0,0,0
Sucursal Guadalajara,7502224228565,0,0,0
Sucursal Guadalajara,7502224228619,0,0,0
Sucursal Guadalajara,7502224228688,0,0,0
Sucursal Guadalajara,7502224228763,0,0,0
Sucursal Guadalajara,7502224228787,0,0,0
Sucursal Guadalajara,7502224228916,1,1,1
Sucursal Guadalajara,7502224530682,0,0,0
Sucursal Guadalajara,7502224531993,0,0,0
Sucursal Guadalajara,7502224532037,0,0,0
Sucursal Guadalajara,7502224532044,0,0,0
Sucursal Guadalajara,7502224532211,0,0,0
Sucursal Guadalajara,7502224532228,0,0,0
Sucursal Guadalajara,7502224532389,0,0,0
Sucursal Guadalajara,7502224532488,0,0,0
Sucursal Guadalajara,7502224532631,0,0,0
Sucursal Guadalajara,7502224533041,0,0,0
Sucursal Guadalajara,7502224533577,0,0,0
Sucursal Guadalajara,7502224533782,0,0,0
Sucursal Guadalajara,7502224533805,0,0,0
Sucursal Guadalajara,7502224533812,0,0,0
Sucursal Guadalajara,7502224533816,0,0,0
Sucursal Guadalajara,7502224533829,0,0,0
Sucursal Guadalajara,7502224534154,0,0,0
Sucursal Guadalajara,7502224534161,0,0,0
Sucursal Guadalajara,7502224534178,0,0,0
Sucursal Guadalajara,7502224534192,0,0,0
Sucursal Guadalajara,7502224534475,0,0,0
Sucursal Guadalajara,7502224534499,0,0,0
Sucursal Guadalajara,7502224534543,0,0,0
Sucursal Guadalajara,7502224534550,0,0,0
Sucursal Guadalajara,7502224534567,0,0,0
Sucursal Guadalajara,7502224534604,0,0,0
Sucursal Guadalajara,7502224534628,0,0,0
Sucursal Guadalajara,7502224534659,0,0,0
Sucursal Guadalajara,7502224534710,0,0,0
Sucursal Guadalajara,7502224534727,0,0,0
Sucursal Guadalajara,7502224534734,0,0,0
Sucursal Guadalajara,7502224534741,0,0,0
Sucursal Guadalajara,7502224534826,0,0,0
Sucursal Guadalajara,7502224535038,0,0,0
Sucursal Guadalajara,7502224535045,0,0,0
Sucursal Guadalajara,7502224535977,0,0,0
Sucursal Guadalajara,7502224537285,0,0,0
Sucursal Guadalajara,7502224537292,0,0,0
Sucursal Guadalajara,7502224537346,0,0,0
Sucursal Guadalajara,7502240450018,0,0,0
Sucursal Guadalajara,7502242700203,0,0,0
Sucursal Guadalajara,7502246642417,0,0,0
Sucursal Guadalajara,7502246642813,0,0,0
Sucursal Guadalajara,7502246642820,0,0,0
Sucursal Guadalajara,7502247103177,0,0,0
Sucursal Guadalajara,7502247104587,0,0,0
Sucursal Guadalajara,7502247105171,0,0,0
Sucursal Guadalajara,7502247107571,0,0,0
Sucursal Guadalajara,7502247107588,0,0,0
Sucursal Guadalajara,7502247119888,0,0,0
Sucursal Guadalajara,7502247120440,0,0,0
Sucursal Guadalajara,7502247123199,0,0,0
Sucursal Guadalajara,7502247125742,0,0,0
Sucursal Guadalajara,7502247128460,0,0,0
Sucursal Guadalajara,7502247134027,0,0,0
Sucursal Guadalajara,7502247135314,0,0,0
Sucursal Guadalajara,7502247136151,0,0,0
Sucursal Guadalajara,7502247140059,0,0,0
Sucursal Guadalajara,7502247140141,0,0,0
Sucursal Guadalajara,7502247140158,0,0,0
Sucursal Guadalajara,7502247140226,0,0,0
Sucursal Guadalajara,7502247140240,0,0,0
Sucursal Guadalajara,7502247140271,0,0,0
Sucursal Guadalajara,7502247140301,0,0,0
Sucursal Guadalajara,7502247140400,0,0,0
Sucursal Guadalajara,7502247140431,0,0,0
Sucursal Guadalajara,7502247140455,0,0,0
Sucursal Guadalajara,7502247140493,0,0,0
Sucursal Guadalajara,7502247140509,0,0,0
Sucursal Guadalajara,7502247140516,0,0,0
Sucursal Guadalajara,7502247140547,0,0,0
Sucursal Guadalajara,7502247140554,0,0,0
Sucursal Guadalajara,7502247140561,0,0,0
Sucursal Guadalajara,7502247140585,0,0,0
Sucursal Guadalajara,7502247140622,0,0,0
Sucursal Guadalajara,7502247140646,0,0,0
Sucursal Guadalajara,7502247140707,0,0,0
Sucursal Guadalajara,7502247140776,0,0,0
Sucursal Guadalajara,7502247140806,0,0,0
Sucursal Guadalajara,7502247140868,0,0,0
Sucursal Guadalajara,7502247140905,0,0,0
Sucursal Guadalajara,7502247141063,0,0,0
Sucursal Guadalajara,7502247141124,0,0,0
Sucursal Guadalajara,7502247141414,0,0,0
Sucursal Guadalajara,7502247141483,0,0,0
Sucursal Guadalajara,7502247141568,0,0,0
Sucursal Guadalajara,7502247141575,0,0,0
Sucursal Guadalajara,7502247141582,0,0,0
Sucursal Guadalajara,7502247141605,0,0,0
Sucursal Guadalajara,7502247141650,0,0,0
Sucursal Guadalajara,7502247141711,0,0,0
Sucursal Guadalajara,7502247141810,0,0,0
Sucursal Guadalajara,7502247141872,0,0,0
Sucursal Guadalajara,7502247141919,0,0,0
Sucursal Guadalajara,7502247142060,0,0,0
Sucursal Guadalajara,7502247142091,0,0,0
Sucursal Guadalajara,7502247142107,0,0,0
Sucursal Guadalajara,7502247142169,0,0,0
Sucursal Guadalajara,7502247142268,0,0,0
Sucursal Guadalajara,7502247142305,0,0,0
Sucursal Guadalajara,7502247142312,0,0,0
Sucursal Guadalajara,7502247142329,0,0,0
Sucursal Guadalajara,7502247142886,0,0,0
Sucursal Guadalajara,7502247142992,0,0,0
Sucursal Guadalajara,7502247143005,0,0,0
Sucursal Guadalajara,7502247143722,0,0,0
Sucursal Guadalajara,7502247145290,0,0,0
Sucursal Guadalajara,7502247145740,0,0,0
Sucursal Guadalajara,7502247152700,0,0,0
Sucursal Guadalajara,7502247153790,1,1,1
Sucursal Guadalajara,7502247154612,1,1,1
Sucursal Guadalajara,7502247159747,0,0,0
Sucursal Guadalajara,7502247161344,0,0,0
Sucursal Guadalajara,7502247161917,0,0,0
Sucursal Guadalajara,7502247164505,0,0,0
Sucursal Guadalajara,7502247164512,0,0,0
Sucursal Guadalajara,7502247165632,0,0,0
Sucursal Guadalajara,7502247169036,0,0,0
Sucursal Guadalajara,7502247181816,0,0,0
Sucursal Guadalajara,7502247188327,0,0,0
Sucursal Guadalajara,7502247195219,0,0,0
Sucursal Guadalajara,7502247195226,0,0,0
Sucursal Guadalajara,7502247195561,0,0,0
Sucursal Guadalajara,7502247198623,1,1,1
Sucursal Guadalajara,7502247150195,0,0,0
Sucursal Guadalajara,7502247198753,0,0,0
Sucursal Guadalajara,7502247198760,0,0,0
Sucursal Guadalajara,7502247199026,0,0,0
Sucursal Guadalajara,7502247199033,0,0,0
Sucursal Guadalajara,7502251110079,0,0,0
Sucursal Guadalajara,7502251110109,0,0,0
Sucursal Guadalajara,7502251110314,0,0,0
Sucursal Guadalajara,7502251110338,0,0,0
Sucursal Guadalajara,7502251110345,0,0,0
Sucursal Guadalajara,7502251110352,0,0,0
Sucursal Guadalajara,7502251110369,0,0,0
Sucursal Guadalajara,7502251110536,0,0,0
Sucursal Guadalajara,7502251110550,0,0,0
Sucursal Guadalajara,7502251110567,0,0,0
Sucursal Guadalajara,7502251110574,0,0,0
Sucursal Guadalajara,7502251110581,0,0,0
Sucursal Guadalajara,7502251110604,0,0,0
Sucursal Guadalajara,7502251110611,0,0,0
Sucursal Guadalajara,7502251110635,0,0,0
Sucursal Guadalajara,7502251110741,0,0,0
Sucursal Guadalajara,7502251110772,0,0,0
Sucursal Guadalajara,7502251110833,0,0,0
Sucursal Guadalajara,7502251110857,0,0,0
Sucursal Guadalajara,7502251110970,0,0,0
Sucursal Guadalajara,7502251110994,0,0,0
Sucursal Guadalajara,7502251111175,0,0,0
Sucursal Guadalajara,7502251111199,0,0,0
Sucursal Guadalajara,7502251111205,0,0,0
Sucursal Guadalajara,7502251111328,0,0,0
Sucursal Guadalajara,7502251111335,0,0,0
Sucursal Guadalajara,7502251111342,0,0,0
Sucursal Guadalajara,7502251111366,0,0,0
Sucursal Guadalajara,7502251111373,0,0,0
Sucursal Guadalajara,7502251111380,0,0,0
Sucursal Guadalajara,7502251111502,0,0,0
Sucursal Guadalajara,7502251111519,0,0,0
Sucursal Guadalajara,7502251111526,0,0,0
Sucursal Guadalajara,7502251111533,0,0,0
Sucursal Guadalajara,7502251111540,0,0,0
Sucursal Guadalajara,7502251111557,0,0,0
Sucursal Guadalajara,7502251111564,0,0,0
Sucursal Guadalajara,7502251111618,0,0,0
Sucursal Guadalajara,7502251111625,0,0,0
Sucursal Guadalajara,7502251111632,0,0,0
Sucursal Guadalajara,7502251111649,0,0,0
Sucursal Guadalajara,7502253073624,0,0,0
Sucursal Guadalajara,7502264950402,0,0,0
Sucursal Guadalajara,7502264950426,0,0,0
Sucursal Guadalajara,7502265750018,0,0,0
Sucursal Guadalajara,7502265750025,0,0,0
Sucursal Guadalajara,7502265750063,0,0,0
Sucursal Guadalajara,7502265750065,0,0,0
Sucursal Guadalajara,7502265750066,0,0,0
Sucursal Guadalajara,7502265750070,0,0,0
Sucursal Guadalajara,7502265750087,0,0,0
Sucursal Guadalajara,7502265750117,0,0,0
Sucursal Guadalajara,7502265750124,0,0,0
Sucursal Guadalajara,7502265750131,0,0,0
Sucursal Guadalajara,7502265750148,0,0,0
Sucursal Guadalajara,7502265750155,0,0,0
Sucursal Guadalajara,7502265750179,0,0,0
Sucursal Guadalajara,7502266460008,0,0,0
Sucursal Guadalajara,7502266460015,0,0,0
Sucursal Guadalajara,7502266460022,0,0,0
Sucursal Guadalajara,7502266460039,0,0,0
Sucursal Guadalajara,7502266460046,0,0,0
Sucursal Guadalajara,7502266460053,0,0,0
Sucursal Guadalajara,7502266460060,0,0,0
Sucursal Guadalajara,7502266460077,0,0,0
Sucursal Guadalajara,7502266460084,0,0,0
Sucursal Guadalajara,7502275470500,0,0,0
Sucursal Guadalajara,7502275470623,0,0,0
Sucursal Guadalajara,7502305670528,2,2,2
Sucursal Guadalajara,7502305670535,0,0,0
Sucursal Guadalajara,7502305670542,0,0,0
Sucursal Guadalajara,7502305670559,0,0,0
Sucursal Guadalajara,7502305670573,0,0,0
Sucursal Guadalajara,7502305670863,0,0,0
Sucursal Guadalajara,7502305671631,0,0,0
Sucursal Guadalajara,7503000883527,0,0,0
Sucursal Guadalajara,7503006698316,0,0,0
Sucursal Guadalajara,7503006698323,0,0,0
Sucursal Guadalajara,7503007704702,0,0,0
Sucursal Guadalajara,7503015500006,0,0,0
Sucursal Guadalajara,7503015500013,0,0,0
Sucursal Guadalajara,7503015500020,0,0,0
Sucursal Guadalajara,7503015500037,0,0,0
Sucursal Guadalajara,7503015500044,0,0,0
Sucursal Guadalajara,7503015500051,0,0,0
Sucursal Guadalajara,7503015500068,0,0,0
Sucursal Guadalajara,7503015500075,0,0,0
Sucursal Guadalajara,7503015500082,0,0,0
Sucursal Guadalajara,7503015500099,0,0,0
Sucursal Guadalajara,7503015500105,0,0,0
Sucursal Guadalajara,7503015500112,0,0,0
Sucursal Guadalajara,7503015500129,0,0,0
Sucursal Guadalajara,7503015500136,0,0,0
Sucursal Guadalajara,7503015500143,0,0,0
Sucursal Guadalajara,7503015500174,0,0,0
Sucursal Guadalajara,7503015500181,0,0,0
Sucursal Guadalajara,7503015500198,0,0,0
Sucursal Guadalajara,7503015500211,0,0,0
Sucursal Guadalajara,7503015500228,0,0,0
Sucursal Guadalajara,7503015500273,0,0,0
Sucursal Guadalajara,7503015500280,0,0,0
Sucursal Guadalajara,7503015500297,0,0,0
Sucursal Guadalajara,7503019846032,0,0,0
Sucursal Guadalajara,7503027446231,0,0,0
Sucursal Guadalajara,7503032085685,0,0,0
Sucursal Guadalajara,7503036600822,0,0,0
Sucursal Guadalajara,7503038910837,0,0,0
Sucursal Guadalajara,7504023954003,0,0,0
Sucursal Guadalajara,7504023954027,0,0,0
Sucursal Guadalajara,7504023954034,0,0,0
Sucursal Guadalajara,7504023954089,0,0,0
Sucursal Guadalajara,7504023954171,0,0,0
Sucursal Guadalajara,7504023954195,0,0,0
Sucursal Guadalajara,7506200700083,0,0,0
Sucursal Guadalajara,7506307507677,0,0,0
Sucursal Guadalajara,7506307508377,0,0,0
Sucursal Guadalajara,7506307509299,0,0,0
Sucursal Guadalajara,7506307509312,0,0,0
Sucursal Guadalajara,7506307509541,0,0,0
Sucursal Guadalajara,7506307511124,0,0,0
Sucursal Guadalajara,7506307513364,0,0,0
Sucursal Guadalajara,7506307513401,0,0,0
Sucursal Guadalajara,7506307513425,0,0,0
Sucursal Guadalajara,7506307513449,0,0,0
Sucursal Guadalajara,7506307513685,0,0,0
Sucursal Guadalajara,7506307513708,0,0,0
Sucursal Guadalajara,7506307513722,0,0,0
Sucursal Guadalajara,7506307513746,0,0,0
Sucursal Guadalajara,7506307514293,0,0,0
Sucursal Guadalajara,7506307514316,0,0,0
Sucursal Guadalajara,7506307514330,0,0,0
Sucursal Guadalajara,7506307514644,0,0,0
Sucursal Guadalajara,7506307514651,0,0,0
Sucursal Guadalajara,7506307514675,0,0,0
Sucursal Guadalajara,7506307515481,0,0,0
Sucursal Guadalajara,7506307516044,0,0,0
Sucursal Guadalajara,7506307516440,0,0,0
Sucursal Guadalajara,7506307519380,1,1,1
Sucursal Guadalajara,7506331401262,0,0,0
Sucursal Guadalajara,7506331401293,0,0,0
Sucursal Guadalajara,7506331401316,0,0,0
Sucursal Guadalajara,7506331401323,0,0,0
Sucursal Guadalajara,7506331401408,0,0,0
Sucursal Guadalajara,7506334400071,2,2,2
Sucursal Guadalajara,7506334400088,2,2,2
Sucursal Guadalajara,7506334400156,0,0,0
Sucursal Guadalajara,7506358400392,0,0,0
Sucursal Guadalajara,7506497103017,0,0,0
Sucursal Guadalajara,7506497103062,0,0,0
Sucursal Guadalajara,7506501400002,0,0,0
Sucursal Guadalajara,7506606800035,0,0,0
Sucursal Guadalajara,7506606800042,0,0,0
Sucursal Guadalajara,7506606800059,0,0,0
Sucursal Guadalajara,7506606800073,0,0,0
Sucursal Guadalajara,7506606800103,0,0,0
Sucursal Guadalajara,7506606800288,0,0,0
Sucursal Guadalajara,7506606800301,0,0,0
Sucursal Guadalajara,7506606800318,0,0,0
Sucursal Guadalajara,7506606800349,0,0,0
Sucursal Guadalajara,7506606800899,0,0,0
Sucursal Guadalajara,7507543945674,0,0,0
Sucursal Guadalajara,7507543945773,0,0,0
Sucursal Guadalajara,7507543945889,1,1,1
Sucursal Guadalajara,7507543957776,0,0,0
Sucursal Guadalajara,7507543987957,0,0,0
Sucursal Guadalajara,7507543988039,0,0,0
Sucursal Guadalajara,7507543988107,0,0,0
Sucursal Guadalajara,7507543988114,0,0,0
Sucursal Guadalajara,7507543988121,0,0,0
Sucursal Guadalajara,7507543988138,0,0,0
Sucursal Guadalajara,7507543988145,0,0,0
Sucursal Guadalajara,7507543988152,0,0,0
Sucursal Guadalajara,7507543988183,0,0,0
Sucursal Guadalajara,7508006182490,0,0,0
Sucursal Guadalajara,7508006182506,0,0,0
Sucursal Guadalajara,7508006182537,0,0,0
Sucursal Guadalajara,7508006182544,0,0,0
Sucursal Guadalajara,7508006182582,0,0,0
Sucursal Guadalajara,7508006182605,0,0,0
Sucursal Guadalajara,7508006182650,0,0,0
Sucursal Guadalajara,7508006182667,0,0,0
Sucursal Guadalajara,7508006183046,0,0,0
Sucursal Guadalajara,7508006183053,0,0,0
Sucursal Guadalajara,7508006183060,0,0,0
Sucursal Guadalajara,7508006183305,0,0,0
Sucursal Guadalajara,7508006183312,0,0,0
Sucursal Guadalajara,7508006183329,1,1,1
Sucursal Guadalajara,7508006183336,0,0,0
Sucursal Guadalajara,7508006183435,1,1,1
Sucursal Guadalajara,7508006183459,0,0,0
Sucursal Guadalajara,7508006183510,0,0,0
Sucursal Guadalajara,7508006183640,0,0,0
Sucursal Guadalajara,7508006183657,0,0,0
Sucursal Guadalajara,7508006183664,0,0,0
Sucursal Guadalajara,7508006183688,0,0,0
Sucursal Guadalajara,7508006183923,0,0,0
Sucursal Guadalajara,7508006183954,0,0,0
Sucursal Guadalajara,7508006184050,0,0,0
Sucursal Guadalajara,7508006184159,0,0,0
Sucursal Guadalajara,7508006184500,0,0,0
Sucursal Guadalajara,7508006184609,0,0,0
Sucursal Guadalajara,7508006184616,0,0,0
Sucursal Guadalajara,7508006184623,0,0,0
Sucursal Guadalajara,7508006185521,0,0,0
Sucursal Guadalajara,7508006185620,0,0,0
Sucursal Guadalajara,7508006185842,0,0,0
Sucursal Guadalajara,7508006192185,0,0,0
Sucursal Guadalajara,7508304318829,0,0,0
Sucursal Guadalajara,7508304318836,0,0,0
Sucursal Guadalajara,7508304691144,0,0,0
Sucursal Guadalajara,7509552720365,0,0,0
Sucursal Guadalajara,7509552765397,0,0,0
Sucursal Guadalajara,7509552805857,0,0,0
Sucursal Guadalajara,7509552882858,0,0,0
Sucursal Guadalajara,7509552883404,0,0,0
Sucursal Guadalajara,7509552884807,0,0,0
Sucursal Guadalajara,7509552884814,0,0,0
Sucursal Guadalajara,7509552884821,0,0,0
Sucursal Guadalajara,7509552886443,0,0,0
Sucursal Guadalajara,7509552886924,0,0,0
Sucursal Guadalajara,7509552886931,0,0,0
Sucursal Guadalajara,7509552886948,0,0,0
Sucursal Guadalajara,7509552886955,0,0,0
Sucursal Guadalajara,7509552886962,0,0,0
Sucursal Guadalajara,7509552893168,0,0,0
Sucursal Guadalajara,7509552893199,0,0,0
Sucursal Guadalajara,7509552893205,0,0,0
Sucursal Guadalajara,7509552932058,0,0,0
Sucursal Guadalajara,7509552932089,0,0,0
Sucursal Guadalajara,7509552932096,0,0,0
Sucursal Guadalajara,7509552934786,0,0,0
Sucursal Guadalajara,7509552934793,0,0,0
Sucursal Guadalajara,7509552934885,0,0,0
Sucursal Guadalajara,7509552935578,0,0,0
Sucursal Guadalajara,7509552935585,0,0,0
Sucursal Guadalajara,7509552935714,0,0,0
Sucursal Guadalajara,7509552938159,2,2,2
Sucursal Guadalajara,7509552940701,0,0,0
Sucursal Guadalajara,7509552971569,1,1,1
Sucursal Guadalajara,7509552971583,2,2,2
Sucursal Guadalajara,7509552941579,0,0,0
Sucursal Guadalajara,7509552940725,0,0,0
Sucursal Guadalajara,7509552973631,0,0,0
Sucursal Guadalajara,7509552973808,0,0,0
Sucursal Guadalajara,7612076457256,0,0,0
Sucursal Guadalajara,7612076457355,0,0,0
Sucursal Guadalajara,7612076457430,0,0,0
Sucursal Guadalajara,7613035392885,0,0,0
Sucursal Guadalajara,7613035393448,0,0,0
Sucursal Guadalajara,7640137410018,0,0,0
Sucursal Guadalajara,7640137419004,0,0,0
Sucursal Guadalajara,7640137610012,0,0,0
Sucursal Guadalajara,7640137610104,0,0,0
Sucursal Guadalajara,7640137610708,0,0,0
Sucursal Guadalajara,7640203240242,0,0,0
Sucursal Guadalajara,7640203242864,0,0,0
Sucursal Guadalajara,7702003006913,0,0,0
Sucursal Guadalajara,7702031310914,0,0,0
Sucursal Guadalajara,7703281000679,0,0,0
Sucursal Guadalajara,7703281001010,4,4,4
Sucursal Guadalajara,7703281001447,1,1,1
Sucursal Guadalajara,7703281001454,1,1,1
Sucursal Guadalajara,7703281001461,0,0,0
Sucursal Guadalajara,7703281001485,1,1,1
Sucursal Guadalajara,7703281001515,0,0,0
Sucursal Guadalajara,7703281001546,0,0,0
Sucursal Guadalajara,7703281001676,0,0,0
Sucursal Guadalajara,7703281001935,0,0,0
Sucursal Guadalajara,7703281001942,0,0,0
Sucursal Guadalajara,7703281002024,0,0,0
Sucursal Guadalajara,7703281002062,0,0,0
Sucursal Guadalajara,7703281002123,0,0,0
Sucursal Guadalajara,7703281002352,0,0,0
Sucursal Guadalajara,7703281002369,0,0,0
Sucursal Guadalajara,7703281002376,0,0,0
Sucursal Guadalajara,7703281002437,0,0,0
Sucursal Guadalajara,7703281002451,0,0,0
Sucursal Guadalajara,7703281002468,0,0,0
Sucursal Guadalajara,7703281002475,0,0,0
Sucursal Guadalajara,7703281002482,0,0,0
Sucursal Guadalajara,7703281002499,0,0,0
Sucursal Guadalajara,7703281003939,0,0,0
Sucursal Guadalajara,7703281003946,1,1,1
Sucursal Guadalajara,7703281004325,2,2,2
Sucursal Guadalajara,7703281004912,0,0,0
Sucursal Guadalajara,7703281020042,0,0,0
Sucursal Guadalajara,7703281020264,0,0,0
Sucursal Guadalajara,7703281020356,0,0,0
Sucursal Guadalajara,7703281020363,0,0,0
Sucursal Guadalajara,7703281020400,0,0,0
Sucursal Guadalajara,7703332003307,0,0,0
Sucursal Guadalajara,7703332003314,0,0,0
Sucursal Guadalajara,7703332003338,0,0,0
Sucursal Guadalajara,7703332003352,2,2,2
Sucursal Guadalajara,7703332003550,0,0,0
Sucursal Guadalajara,7703332003628,0,0,0
Sucursal Guadalajara,7703333007601,0,0,0
Sucursal Guadalajara,7703333007700,2,2,2
Sucursal Guadalajara,7705849004013,0,0,0
Sucursal Guadalajara,7705849004020,0,0,0
Sucursal Guadalajara,7705849004143,0,0,0
Sucursal Guadalajara,7707368815606,0,0,0
Sucursal Guadalajara,7709095136504,0,0,0
Sucursal Guadalajara,7709095136511,0,0,0
Sucursal Guadalajara,7709095136535,0,0,0
Sucursal Guadalajara,7709095136542,0,0,0
Sucursal Guadalajara,7709095136566,0,0,0
Sucursal Guadalajara,7709095136573,0,0,0
Sucursal Guadalajara,7709095136580,0,0,0
Sucursal Guadalajara,7709095136597,0,0,0
Sucursal Guadalajara,7730969307232,0,0,0
Sucursal Guadalajara,7795320050325,0,0,0
Sucursal Guadalajara,7795373001558,0,0,0
Sucursal Guadalajara,7795373001565,0,0,0
Sucursal Guadalajara,7891010249861,0,0,0
Sucursal Guadalajara,7891010249878,0,0,0
Sucursal Guadalajara,7891010253837,0,0,0
Sucursal Guadalajara,7891010253844,0,0,0
Sucursal Guadalajara,7891010255725,0,0,0
Sucursal Guadalajara,7891010882983,0,0,0
Sucursal Guadalajara,7891010882990,0,0,0
Sucursal Guadalajara,7891010887742,0,0,0
Sucursal Guadalajara,7891317019808,0,0,0
Sucursal Guadalajara,7897473206632,2,2,2
Sucursal Guadalajara,7897930762312,0,0,0
Sucursal Guadalajara,7897930776609,0,0,0
Sucursal Guadalajara,7897930776616,0,0,0
Sucursal Guadalajara,7897930777613,0,0,0
Sucursal Guadalajara,7897930777620,0,0,0
Sucursal Guadalajara,7897930777644,0,0,0
Sucursal Guadalajara,7897930778351,0,0,0
Sucursal Guadalajara,7897930778368,0,0,0
Sucursal Guadalajara,7897930778405,0,0,0
Sucursal Guadalajara,7897930778641,0,0,0
Sucursal Guadalajara,7897930778801,0,0,0
Sucursal Guadalajara,7897930779020,1,1,1
Sucursal Guadalajara,7897930779112,0,0,0
Sucursal Guadalajara,7897930779136,0,0,0
Sucursal Guadalajara,3499320013925,0,0,0
Sucursal Guadalajara,7897930779198,0,0,0
Sucursal Guadalajara,7897930779204,0,0,0
Sucursal Guadalajara,7897930778634,0,0,0
Sucursal Guadalajara,7897930779228,0,0,0
Sucursal Guadalajara,7897930778627,0,0,0
Sucursal Guadalajara,7899706149198,0,0,0
Sucursal Guadalajara,7899706149211,0,0,0
Sucursal Guadalajara,7899706150781,0,0,0
Sucursal Guadalajara,8030082000027,0,0,0
Sucursal Guadalajara,8030082000195,0,0,0
Sucursal Guadalajara,8030082000300,0,0,0
Sucursal Guadalajara,8030082001765,0,0,0
Sucursal Guadalajara,8030082002144,0,0,0
Sucursal Guadalajara,8030082002168,0,0,0
Sucursal Guadalajara,8030082002281,0,0,0
Sucursal Guadalajara,8030243000521,0,0,0
Sucursal Guadalajara,8030243000538,0,0,0
Sucursal Guadalajara,8030243000545,0,0,0
Sucursal Guadalajara,8030243000552,0,0,0
Sucursal Guadalajara,8030243000583,0,0,0
Sucursal Guadalajara,8030243001023,0,0,0
Sucursal Guadalajara,8030243001030,0,0,0
Sucursal Guadalajara,8030243001047,0,0,0
Sucursal Guadalajara,8030243001054,0,0,0
Sucursal Guadalajara,8030243001061,0,0,0
Sucursal Guadalajara,8030243001078,0,0,0
Sucursal Guadalajara,8030243001115,0,0,0
Sucursal Guadalajara,8030243001122,0,0,0
Sucursal Guadalajara,8030243001139,0,0,0
Sucursal Guadalajara,8030243001146,0,0,0
Sucursal Guadalajara,8030243001153,0,0,0
Sucursal Guadalajara,8030243001160,0,0,0
Sucursal Guadalajara,8030243001177,0,0,0
Sucursal Guadalajara,8030243001405,0,0,0
Sucursal Guadalajara,8030243003003,0,0,0
Sucursal Guadalajara,8030243003010,0,0,0
Sucursal Guadalajara,8030243003034,0,0,0
Sucursal Guadalajara,8030243003041,0,0,0
Sucursal Guadalajara,8030243004956,0,0,0
Sucursal Guadalajara,8030243005137,0,0,0
Sucursal Guadalajara,8030243005144,0,0,0
Sucursal Guadalajara,8030243006653,0,0,0
Sucursal Guadalajara,8030243006660,0,0,0
Sucursal Guadalajara,8030243008497,0,0,0
Sucursal Guadalajara,8030243008510,0,0,0
Sucursal Guadalajara,8030243009159,0,0,0
Sucursal Guadalajara,8030243009166,0,0,0
Sucursal Guadalajara,8030243009418,0,0,0
Sucursal Guadalajara,8030243010940,0,0,0
Sucursal Guadalajara,8030243015242,0,0,0
Sucursal Guadalajara,8030243015266,0,0,0
Sucursal Guadalajara,8030243015273,0,0,0
Sucursal Guadalajara,8030243019554,0,0,0
Sucursal Guadalajara,8030243021137,0,0,0
Sucursal Guadalajara,8030243026217,0,0,0
Sucursal Guadalajara,8032622275049,0,0,0
Sucursal Guadalajara,8032622275056,0,0,0
Sucursal Guadalajara,8032622275292,0,0,0
Sucursal Guadalajara,8032622275305,0,0,0
Sucursal Guadalajara,8032622275315,0,0,0
Sucursal Guadalajara,8032622275322,0,0,0
Sucursal Guadalajara,8032622275339,0,0,0
Sucursal Guadalajara,8032622275346,0,0,0
Sucursal Guadalajara,8032622276404,0,0,0
Sucursal Guadalajara,8032622276411,0,0,0
Sucursal Guadalajara,8032622276428,0,0,0
Sucursal Guadalajara,8032622276466,0,0,0
Sucursal Guadalajara,8032622276480,0,0,0
Sucursal Guadalajara,8032622276503,0,0,0
Sucursal Guadalajara,8032622276510,0,0,0
Sucursal Guadalajara,8032622276527,0,0,0
Sucursal Guadalajara,8032622276800,0,0,0
Sucursal Guadalajara,8032622276817,0,0,0
Sucursal Guadalajara,8032622277142,0,0,0
Sucursal Guadalajara,8032622277159,0,0,0
Sucursal Guadalajara,8032622277173,0,0,0
Sucursal Guadalajara,8032622277203,0,0,0
Sucursal Guadalajara,8032622277210,0,0,0
Sucursal Guadalajara,8032622277227,0,0,0
Sucursal Guadalajara,8032622278064,0,0,0
Sucursal Guadalajara,8032622278101,0,0,0
Sucursal Guadalajara,8032622278125,0,0,0
Sucursal Guadalajara,8032622278132,0,0,0
Sucursal Guadalajara,8032622278194,0,0,0
Sucursal Guadalajara,8032622278217,0,0,0
Sucursal Guadalajara,8032622278309,0,0,0
Sucursal Guadalajara,8032622278385,0,0,0
Sucursal Guadalajara,8032622278446,0,0,0
Sucursal Guadalajara,8032622278460,0,0,0
Sucursal Guadalajara,8032622278484,0,0,0
Sucursal Guadalajara,8032622278866,0,0,0
Sucursal Guadalajara,8032622279368,0,0,0
Sucursal Guadalajara,8032622279580,0,0,0
Sucursal Guadalajara,8032622279597,0,0,0
Sucursal Guadalajara,8050444852637,0,0,0
Sucursal Guadalajara,8050519680110,0,0,0
Sucursal Guadalajara,8050519680189,0,0,0
Sucursal Guadalajara,8050519682510,0,0,0
Sucursal Guadalajara,8050519682565,0,0,0
Sucursal Guadalajara,8050519682633,0,0,0
Sucursal Guadalajara,8050519682640,0,0,0
Sucursal Guadalajara,8050519683029,0,0,0
Sucursal Guadalajara,8050519683289,0,0,0
Sucursal Guadalajara,8050519683418,0,0,0
Sucursal Guadalajara,8050519683425,0,0,0
Sucursal Guadalajara,8050519683524,0,0,0
Sucursal Guadalajara,8050519683531,0,0,0
Sucursal Guadalajara,8050519683876,0,0,0
Sucursal Guadalajara,8050519683890,0,0,0
Sucursal Guadalajara,8050519684170,0,0,0
Sucursal Guadalajara,8050519684187,0,0,0
Sucursal Guadalajara,8050519684200,0,0,0
Sucursal Guadalajara,8050519684552,0,0,0
Sucursal Guadalajara,8050519684583,0,0,0
Sucursal Guadalajara,8050519684613,0,0,0
Sucursal Guadalajara,8050519684736,0,0,0
Sucursal Guadalajara,8050519684743,0,0,0
Sucursal Guadalajara,8050519684996,0,0,0
Sucursal Guadalajara,8055510240035,0,0,0
Sucursal Guadalajara,8055510240516,0,0,0
Sucursal Guadalajara,8056666020007,0,0,0
Sucursal Guadalajara,8056666020014,0,0,0
Sucursal Guadalajara,8056666020021,0,0,0
Sucursal Guadalajara,8056666020038,0,0,0
Sucursal Guadalajara,8056666020045,0,0,0
Sucursal Guadalajara,8163780224720,0,0,0
Sucursal Guadalajara,8163780225574,0,0,0
Sucursal Guadalajara,8163780226946,0,0,0
Sucursal Guadalajara,8201035426162,0,0,0
Sucursal Guadalajara,8411660802231,0,0,0
Sucursal Guadalajara,8413400001799,0,0,0
Sucursal Guadalajara,8413400002246,0,0,0
Sucursal Guadalajara,8423372000072,0,0,0
Sucursal Guadalajara,8423372000096,0,0,0
Sucursal Guadalajara,8423372000157,0,0,0
Sucursal Guadalajara,8423372000232,0,0,0
Sucursal Guadalajara,8423372000249,0,0,0
Sucursal Guadalajara,8423372000331,0,0,0
Sucursal Guadalajara,8423372000515,1,1,1
Sucursal Guadalajara,8423372000621,0,0,0
Sucursal Guadalajara,8423372000645,0,0,0
Sucursal Guadalajara,8423372010019,0,0,0
Sucursal Guadalajara,8423372020056,0,0,0
Sucursal Guadalajara,8423372021046,0,0,0
Sucursal Guadalajara,8423372021138,1,1,1
Sucursal Guadalajara,8423372025006,0,0,0
Sucursal Guadalajara,8423372025044,0,0,0
Sucursal Guadalajara,8423372025051,0,0,0
Sucursal Guadalajara,8423372025082,0,0,0
Sucursal Guadalajara,8423372026010,0,0,0
Sucursal Guadalajara,8423372034213,0,0,0
Sucursal Guadalajara,8423372034237,0,0,0
Sucursal Guadalajara,8423372034244,0,0,0
Sucursal Guadalajara,8423372034251,0,0,0
Sucursal Guadalajara,8423372034275,0,0,0
Sucursal Guadalajara,8423372034282,0,0,0
Sucursal Guadalajara,8423372034299,0,0,0
Sucursal Guadalajara,8423372034909,1,1,1
Sucursal Guadalajara,8423372040009,0,0,0
Sucursal Guadalajara,8423372040023,0,0,0
Sucursal Guadalajara,8423372040078,0,0,0
Sucursal Guadalajara,8423372040337,0,0,0
Sucursal Guadalajara,8423372040351,0,0,0
Sucursal Guadalajara,8423372040382,1,1,1
Sucursal Guadalajara,8423372040443,0,0,0
Sucursal Guadalajara,8423372041006,0,0,0
Sucursal Guadalajara,8423372048302,0,0,0
Sucursal Guadalajara,8423372049088,0,0,0
Sucursal Guadalajara,8423372049453,0,0,0
Sucursal Guadalajara,8423372800061,1,1,1
Sucursal Guadalajara,8423372800153,0,0,0
Sucursal Guadalajara,8423372800238,0,0,0
Sucursal Guadalajara,8423372800290,0,0,0
Sucursal Guadalajara,8423372800375,0,0,0
Sucursal Guadalajara,8423372800399,0,0,0
Sucursal Guadalajara,8423372800429,0,0,0
Sucursal Guadalajara,8423372800436,0,0,0
Sucursal Guadalajara,8423372800450,0,0,0
Sucursal Guadalajara,8423372800467,0,0,0
Sucursal Guadalajara,8423372801280,0,0,0
Sucursal Guadalajara,8423372801303,0,0,0
Sucursal Guadalajara,8423372820328,1,1,1
Sucursal Guadalajara,8423372830204,0,0,0
Sucursal Guadalajara,8423372840173,2,2,2
Sucursal Guadalajara,8423372840210,0,0,0
Sucursal Guadalajara,8424551084323,0,0,0
Sucursal Guadalajara,8424561001689,0,0,0
Sucursal Guadalajara,8424561002037,0,0,0
Sucursal Guadalajara,8424561002457,0,0,0
Sucursal Guadalajara,8424561002969,0,0,0
Sucursal Guadalajara,8424561003515,0,0,0
Sucursal Guadalajara,8424561003522,0,0,0
Sucursal Guadalajara,8424561003690,0,0,0
Sucursal Guadalajara,8424561005892,0,0,0
Sucursal Guadalajara,8424561008008,0,0,0
Sucursal Guadalajara,8424561008015,0,0,0
Sucursal Guadalajara,8424561008046,0,0,0
Sucursal Guadalajara,8424561008053,0,0,0
Sucursal Guadalajara,8424561008060,0,0,0
Sucursal Guadalajara,8424561008077,0,0,0
Sucursal Guadalajara,8424561008121,0,0,0
Sucursal Guadalajara,8424561008152,0,0,0
Sucursal Guadalajara,8424561008176,0,0,0
Sucursal Guadalajara,8424561008190,0,0,0
Sucursal Guadalajara,8424561008329,0,0,0
Sucursal Guadalajara,8424561008336,0,0,0
Sucursal Guadalajara,8424561008350,0,0,0
Sucursal Guadalajara,8424561008374,0,0,0
Sucursal Guadalajara,8424561008459,0,0,0
Sucursal Guadalajara,8424561008473,0,0,0
Sucursal Guadalajara,8424561008497,0,0,0
Sucursal Guadalajara,8424561008565,0,0,0
Sucursal Guadalajara,8424561008572,0,0,0
Sucursal Guadalajara,8424561008589,0,0,0
Sucursal Guadalajara,8424561008596,0,0,0
Sucursal Guadalajara,8424561008602,0,0,0
Sucursal Guadalajara,8424561008619,0,0,0
Sucursal Guadalajara,8424561008626,0,0,0
Sucursal Guadalajara,8424561008633,0,0,0
Sucursal Guadalajara,8424561008664,0,0,0
Sucursal Guadalajara,8424561008763,0,0,0
Sucursal Guadalajara,8424561008787,0,0,0
Sucursal Guadalajara,8424561008909,0,0,0
Sucursal Guadalajara,8424561008916,0,0,0
Sucursal Guadalajara,8424561008923,0,0,0
Sucursal Guadalajara,8424561008930,0,0,0
Sucursal Guadalajara,8424561008947,0,0,0
Sucursal Guadalajara,8424561008954,0,0,0
Sucursal Guadalajara,8424561008961,0,0,0
Sucursal Guadalajara,8424561009142,0,0,0
Sucursal Guadalajara,8424561009227,0,0,0
Sucursal Guadalajara,8424561009234,0,0,0
Sucursal Guadalajara,8424561009388,0,0,0
Sucursal Guadalajara,8424561009395,0,0,0
Sucursal Guadalajara,8424561009401,0,0,0
Sucursal Guadalajara,8424561009531,0,0,0
Sucursal Guadalajara,8424561009562,0,0,0
Sucursal Guadalajara,8424561009579,0,0,0
Sucursal Guadalajara,8424561009586,0,0,0
Sucursal Guadalajara,8424561009593,0,0,0
Sucursal Guadalajara,8424561009609,0,0,0
Sucursal Guadalajara,8424561009616,0,0,0
Sucursal Guadalajara,8424561009623,0,0,0
Sucursal Guadalajara,8424561009630,0,0,0
Sucursal Guadalajara,8424561009647,0,0,0
Sucursal Guadalajara,8424561009654,0,0,0
Sucursal Guadalajara,8424561009678,0,0,0
Sucursal Guadalajara,8424561009685,0,0,0
Sucursal Guadalajara,8424561009722,0,0,0
Sucursal Guadalajara,8424561009739,0,0,0
Sucursal Guadalajara,8424561009784,0,0,0
Sucursal Guadalajara,8424561010094,0,0,0
Sucursal Guadalajara,8424561010278,0,0,0
Sucursal Guadalajara,8424561010285,0,0,0
Sucursal Guadalajara,8424561010292,0,0,0
Sucursal Guadalajara,8424561010315,0,0,0
Sucursal Guadalajara,8424561010339,0,0,0
Sucursal Guadalajara,8424561010346,0,0,0
Sucursal Guadalajara,8424561010407,0,0,0
Sucursal Guadalajara,8424561010421,0,0,0
Sucursal Guadalajara,8424561081834,0,0,0
Sucursal Guadalajara,8424561081841,0,0,0
Sucursal Guadalajara,8424561081858,0,0,0
Sucursal Guadalajara,8424561081896,0,0,0
Sucursal Guadalajara,8424561081964,0,0,0
Sucursal Guadalajara,8424561082930,0,0,0
Sucursal Guadalajara,8424561082947,0,0,0
Sucursal Guadalajara,8424561082954,0,0,0
Sucursal Guadalajara,8424561083258,0,0,0
Sucursal Guadalajara,8424561083333,0,0,0
Sucursal Guadalajara,8424561083555,0,0,0
Sucursal Guadalajara,8424561083647,0,0,0
Sucursal Guadalajara,8424561001672,0,0,0
Sucursal Guadalajara,8428749000044,0,0,0
Sucursal Guadalajara,8428749000051,0,0,0
Sucursal Guadalajara,8428749000242,0,0,0
Sucursal Guadalajara,8428749000549,0,0,0
Sucursal Guadalajara,8428749000556,0,0,0
Sucursal Guadalajara,8428749000976,0,0,0
Sucursal Guadalajara,8428749001157,0,0,0
Sucursal Guadalajara,8428749001188,0,0,0
Sucursal Guadalajara,8428749001225,0,0,0
Sucursal Guadalajara,8428749002178,0,0,0
Sucursal Guadalajara,8428749006749,0,0,0
Sucursal Guadalajara,8428749945505,0,0,0
Sucursal Guadalajara,8428749534105,0,0,0
Sucursal Guadalajara,8428749534600,0,0,0
Sucursal Guadalajara,8428749535805,0,0,0
Sucursal Guadalajara,8428749536000,0,0,0
Sucursal Guadalajara,8428749583905,0,0,0
Sucursal Guadalajara,8428749631309,0,0,0
Sucursal Guadalajara,8428749646600,0,0,0
Sucursal Guadalajara,8428749662105,0,0,0
Sucursal Guadalajara,8428749694908,0,0,0
Sucursal Guadalajara,8428749696100,0,0,0
Sucursal Guadalajara,8428749771005,0,0,0
Sucursal Guadalajara,8428749771104,0,0,0
Sucursal Guadalajara,8428749807605,0,0,0
Sucursal Guadalajara,8428749819004,0,0,0
Sucursal Guadalajara,8428749819103,0,0,0
Sucursal Guadalajara,8428749819301,0,0,0
Sucursal Guadalajara,8428749819400,0,0,0
Sucursal Guadalajara,8428749821106,0,0,0
Sucursal Guadalajara,8428749831204,0,0,0
Sucursal Guadalajara,8428749845706,0,0,0
Sucursal Guadalajara,8428749846109,0,0,0
Sucursal Guadalajara,8428749849803,0,0,0
Sucursal Guadalajara,8428749849902,0,0,0
Sucursal Guadalajara,8428749850007,0,0,0
Sucursal Guadalajara,8428749854906,0,0,0
Sucursal Guadalajara,8428749868200,0,0,0
Sucursal Guadalajara,8428749868507,0,0,0
Sucursal Guadalajara,8428749868804,0,0,0
Sucursal Guadalajara,8428749872900,0,0,0
Sucursal Guadalajara,8428749884200,0,0,0
Sucursal Guadalajara,8428749884309,0,0,0
Sucursal Guadalajara,8428749884408,0,0,0
Sucursal Guadalajara,8428749899204,0,0,0
Sucursal Guadalajara,8428749899402,0,0,0
Sucursal Guadalajara,8428749899501,0,0,0
Sucursal Guadalajara,8428749899600,0,0,0
Sucursal Guadalajara,8428749899709,0,0,0
Sucursal Guadalajara,8428749908005,0,0,0
Sucursal Guadalajara,8428749908708,0,0,0
Sucursal Guadalajara,8428749913603,0,0,0
Sucursal Guadalajara,8428749913900,0,0,0
Sucursal Guadalajara,8428749915409,0,0,0
Sucursal Guadalajara,8428749938408,0,0,0
Sucursal Guadalajara,8428749943105,0,0,0
Sucursal Guadalajara,8428749943204,0,0,0
Sucursal Guadalajara,8428749944904,0,0,0
Sucursal Guadalajara,8428749945307,0,0,0
Sucursal Guadalajara,8428749945604,0,0,0
Sucursal Guadalajara,8428749945703,0,0,0
Sucursal Guadalajara,8428749945802,0,0,0
Sucursal Guadalajara,8428749989905,0,0,0
Sucursal Guadalajara,8428749990000,0,0,0
Sucursal Guadalajara,8428749990109,0,0,0
Sucursal Guadalajara,8428749990208,0,0,0
Sucursal Guadalajara,8429420048652,0,0,0
Sucursal Guadalajara,8429420050921,1,1,1
Sucursal Guadalajara,8429420062313,2,2,2
Sucursal Guadalajara,8429420069411,0,0,0
Sucursal Guadalajara,8429420070974,0,0,0
Sucursal Guadalajara,8429420083585,0,0,0
Sucursal Guadalajara,8429420084674,0,0,0
Sucursal Guadalajara,8429420096967,0,0,0
Sucursal Guadalajara,8429420107496,0,0,0
Sucursal Guadalajara,8429420107502,6,6,8
Sucursal Guadalajara,8429420108493,0,0,0
Sucursal Guadalajara,8429420109445,0,0,0
Sucursal Guadalajara,8429420113138,0,0,0
Sucursal Guadalajara,8429420113374,1,1,1
Sucursal Guadalajara,8429420113923,0,0,0
Sucursal Guadalajara,8429420114609,0,0,0
Sucursal Guadalajara,8429420125117,1,1,1
Sucursal Guadalajara,8429420128644,1,1,1
Sucursal Guadalajara,8429420132474,0,0,0
Sucursal Guadalajara,8429420132672,0,0,0
Sucursal Guadalajara,8429420132788,0,0,0
Sucursal Guadalajara,8429420135185,0,0,0
Sucursal Guadalajara,8429420138933,0,0,0
Sucursal Guadalajara,8429420139336,0,0,0
Sucursal Guadalajara,8429420144002,2,2,2
Sucursal Guadalajara,8429420144835,0,0,0
Sucursal Guadalajara,8429420145177,0,0,0
Sucursal Guadalajara,8429420145245,0,0,0
Sucursal Guadalajara,8429420151789,0,0,0
Sucursal Guadalajara,8429420152120,3,3,3
Sucursal Guadalajara,8429420154186,2,2,2
Sucursal Guadalajara,8429420156982,0,0,0
Sucursal Guadalajara,8429420160668,2,2,2
Sucursal Guadalajara,8429420160750,1,1,1
Sucursal Guadalajara,8429420160804,1,1,1
Sucursal Guadalajara,8429420161214,2,2,2
Sucursal Guadalajara,8429420161245,0,0,0
Sucursal Guadalajara,8429420164406,0,0,0
Sucursal Guadalajara,8429420164994,3,3,3
Sucursal Guadalajara,8429420165472,0,0,0
Sucursal Guadalajara,8429420166547,0,0,0
Sucursal Guadalajara,8429420171749,0,0,0
Sucursal Guadalajara,8429420172401,0,0,0
Sucursal Guadalajara,8429420175303,0,0,0
Sucursal Guadalajara,8429420175310,0,0,0
Sucursal Guadalajara,8429420175327,0,0,0
Sucursal Guadalajara,8429420175341,1,1,1
Sucursal Guadalajara,8429420175372,0,0,0
Sucursal Guadalajara,8429420181014,0,0,0
Sucursal Guadalajara,8429420181021,0,0,0
Sucursal Guadalajara,8429420181052,0,0,0
Sucursal Guadalajara,8429420181106,0,0,0
Sucursal Guadalajara,8429420181113,0,0,0
Sucursal Guadalajara,8429420181137,0,0,0
Sucursal Guadalajara,8429420184527,1,1,1
Sucursal Guadalajara,8429420184558,1,1,1
Sucursal Guadalajara,8429420187962,2,2,2
Sucursal Guadalajara,8429420188020,1,1,1
Sucursal Guadalajara,8429420192263,0,0,0
Sucursal Guadalajara,8429420196377,0,0,0
Sucursal Guadalajara,8429420200678,1,1,1
Sucursal Guadalajara,8429420200814,2,2,2
Sucursal Guadalajara,8429420201361,0,0,0
Sucursal Guadalajara,8429420203082,3,3,3
Sucursal Guadalajara,8429420204348,0,0,0
Sucursal Guadalajara,8429420215078,0,0,0
Sucursal Guadalajara,8429420226135,0,0,0
Sucursal Guadalajara,8429420222465,1,1,1
Sucursal Guadalajara,8429420222472,1,1,1
Sucursal Guadalajara,8429420222779,1,1,1
Sucursal Guadalajara,8429420222946,0,0,0
Sucursal Guadalajara,8429420222984,0,0,0
Sucursal Guadalajara,8429420223028,0,0,0
Sucursal Guadalajara,8429420223349,0,0,0
Sucursal Guadalajara,8429420223455,0,0,0
Sucursal Guadalajara,8429420226265,3,3,3
Sucursal Guadalajara,8429420226272,0,0,0
Sucursal Guadalajara,8429420227590,1,1,1
Sucursal Guadalajara,8429420227606,1,1,1
Sucursal Guadalajara,8429420236219,1,1,1
Sucursal Guadalajara,8429420236769,0,0,0
Sucursal Guadalajara,8429420243385,0,0,0
Sucursal Guadalajara,8429420244191,2,2,2
Sucursal Guadalajara,8429420216075,0,0,0
Sucursal Guadalajara,8429420245341,0,0,0
Sucursal Guadalajara,8429420246881,0,0,0
Sucursal Guadalajara,8429420249875,0,0,0
Sucursal Guadalajara,8429420251366,0,0,0
Sucursal Guadalajara,8429420251632,0,0,0
Sucursal Guadalajara,8429420256354,0,0,0
Sucursal Guadalajara,8429420260979,3,3,3
Sucursal Guadalajara,8429420261389,1,1,1
Sucursal Guadalajara,8429420265813,0,0,0
Sucursal Guadalajara,8429420268302,0,0,0
Sucursal Guadalajara,8429420271968,0,0,0
Sucursal Guadalajara,8429420280885,5,5,7
Sucursal Guadalajara,8429420281103,0,0,0
Sucursal Guadalajara,8429420282865,1,1,1
Sucursal Guadalajara,8429420285064,1,1,1
Sucursal Guadalajara,8429420288171,0,0,0
Sucursal Guadalajara,8429420288188,0,0,0
Sucursal Guadalajara,8429420291317,0,0,0
Sucursal Guadalajara,8429420292871,0,0,0
Sucursal Guadalajara,8429420292888,1,1,1
Sucursal Guadalajara,8429420292901,2,2,2
Sucursal Guadalajara,8429420301320,1,1,1
Sucursal Guadalajara,8429420306936,1,1,1
Sucursal Guadalajara,8470001716125,0,0,0
Sucursal Guadalajara,8429420307261,1,1,1
Sucursal Guadalajara,8470001654557,0,0,0
Sucursal Guadalajara,8429420307988,1,1,1
Sucursal Guadalajara,8429420311411,0,0,0
Sucursal Guadalajara,8429420313590,0,0,0
Sucursal Guadalajara,8429420313606,0,0,0
Sucursal Guadalajara,8429420313620,0,0,0
Sucursal Guadalajara,8429420313637,0,0,0
Sucursal Guadalajara,8429979201058,0,0,0
Sucursal Guadalajara,8429979250223,0,0,0
Sucursal Guadalajara,8429979250230,0,0,0
Sucursal Guadalajara,8429979252166,0,0,0
Sucursal Guadalajara,8429979252173,0,0,0
Sucursal Guadalajara,8429979252180,0,0,0
Sucursal Guadalajara,8429979263070,0,0,0
Sucursal Guadalajara,8429979263087,0,0,0
Sucursal Guadalajara,8429979387073,0,0,0
Sucursal Guadalajara,8429979414540,0,0,0
Sucursal Guadalajara,8429979414564,0,0,0
Sucursal Guadalajara,8429979414571,0,0,0
Sucursal Guadalajara,8429979414588,0,0,0
Sucursal Guadalajara,8429979417312,0,0,0
Sucursal Guadalajara,8429979417343,0,0,0
Sucursal Guadalajara,8429979417534,0,0,0
Sucursal Guadalajara,8429979417541,0,0,0
Sucursal Guadalajara,8429979418609,0,0,0
Sucursal Guadalajara,8429979419446,0,0,0
Sucursal Guadalajara,8429979419835,0,0,0
Sucursal Guadalajara,8429979421531,0,0,0
Sucursal Guadalajara,8429979425638,0,0,0
Sucursal Guadalajara,8429979425645,0,0,0
Sucursal Guadalajara,8429979425881,0,0,0
Sucursal Guadalajara,8429979425898,0,0,0
Sucursal Guadalajara,8429979426109,0,0,0
Sucursal Guadalajara,8429979426345,0,0,0
Sucursal Guadalajara,8429979428165,0,0,0
Sucursal Guadalajara,8429979430403,0,0,0
Sucursal Guadalajara,8429979432933,0,0,0
Sucursal Guadalajara,8429979432940,0,0,0
Sucursal Guadalajara,8429979433732,0,0,0
Sucursal Guadalajara,8429979435309,0,0,0
Sucursal Guadalajara,8429979438188,0,0,0
Sucursal Guadalajara,8429979438232,0,0,0
Sucursal Guadalajara,8429979439093,0,0,0
Sucursal Guadalajara,8429979439765,0,0,0
Sucursal Guadalajara,8429979440365,0,0,0
Sucursal Guadalajara,8429979442413,0,0,0
Sucursal Guadalajara,8429979442437,0,0,0
Sucursal Guadalajara,8429979444325,1,1,1
Sucursal Guadalajara,8429979444363,0,0,0
Sucursal Guadalajara,8429979444370,2,2,2
Sucursal Guadalajara,8429979444417,0,0,0
Sucursal Guadalajara,8429979444448,0,0,0
Sucursal Guadalajara,8429979444493,0,0,0
Sucursal Guadalajara,8429979444509,0,0,0
Sucursal Guadalajara,8429979444707,0,0,0
Sucursal Guadalajara,8429979444929,0,0,0
Sucursal Guadalajara,8429979444936,0,0,0
Sucursal Guadalajara,8429979445315,0,0,0
Sucursal Guadalajara,8429979445636,0,0,0
Sucursal Guadalajara,8429979445698,0,0,0
Sucursal Guadalajara,8429979445858,0,0,0
Sucursal Guadalajara,8429979445889,0,0,0
Sucursal Guadalajara,8429979446169,0,0,0
Sucursal Guadalajara,8429979456069,0,0,0
Sucursal Guadalajara,8429979456090,0,0,0
Sucursal Guadalajara,8429979457240,0,0,0
Sucursal Guadalajara,8429979458223,0,0,0
Sucursal Guadalajara,8429979462169,0,0,0
Sucursal Guadalajara,8429979463197,0,0,0
Sucursal Guadalajara,8429979463500,0,0,0
Sucursal Guadalajara,8429979472595,0,0,0
Sucursal Guadalajara,8429979474940,0,0,0
Sucursal Guadalajara,8470003274944,0,0,0
Sucursal Guadalajara,8429979475121,0,0,0
Sucursal Guadalajara,8429979479440,0,0,0
Sucursal Guadalajara,8429979480583,0,0,0
Sucursal Guadalajara,8429979481979,0,0,0
Sucursal Guadalajara,8429979481986,0,0,0
Sucursal Guadalajara,8430308133841,0,0,0
Sucursal Guadalajara,8430340038418,0,0,0
Sucursal Guadalajara,8430340038432,0,0,0
Sucursal Guadalajara,8431166181418,0,0,0
Sucursal Guadalajara,8431166260021,0,0,0
Sucursal Guadalajara,8431166260106,0,0,0
Sucursal Guadalajara,8431166260137,0,0,0
Sucursal Guadalajara,8436012780104,0,0,0
Sucursal Guadalajara,8436012781231,0,0,0
Sucursal Guadalajara,8436012781248,0,0,0
Sucursal Guadalajara,8436012781255,0,0,0
Sucursal Guadalajara,8436012781262,0,0,0
Sucursal Guadalajara,8436012781279,0,0,0
Sucursal Guadalajara,8436012781286,0,0,0
Sucursal Guadalajara,8436012781293,0,0,0
Sucursal Guadalajara,8436012781309,0,0,0
Sucursal Guadalajara,8436012781316,0,0,0
Sucursal Guadalajara,8436012781330,0,0,0
Sucursal Guadalajara,8436012781347,0,0,0
Sucursal Guadalajara,8436012781354,0,0,0
Sucursal Guadalajara,8436012781361,0,0,0
Sucursal Guadalajara,8436012781378,0,0,0
Sucursal Guadalajara,8436012781408,0,0,0
Sucursal Guadalajara,8436012781415,0,0,0
Sucursal Guadalajara,8436012781422,0,0,0
Sucursal Guadalajara,8436012781439,0,0,0
Sucursal Guadalajara,8436012781460,0,0,0
Sucursal Guadalajara,8436012781507,0,0,0
Sucursal Guadalajara,8436012781514,0,0,0
Sucursal Guadalajara,8436012781521,0,0,0
Sucursal Guadalajara,8436012781538,0,0,0
Sucursal Guadalajara,8436012781552,0,0,0
Sucursal Guadalajara,8436012781576,0,0,0
Sucursal Guadalajara,8436012781583,0,0,0
Sucursal Guadalajara,8436012781590,0,0,0
Sucursal Guadalajara,8436012781606,0,0,0
Sucursal Guadalajara,8436012781613,0,0,0
Sucursal Guadalajara,8436012781620,0,0,0
Sucursal Guadalajara,8436012781637,0,0,0
Sucursal Guadalajara,8436012781644,0,0,0
Sucursal Guadalajara,8436012781651,0,0,0
Sucursal Guadalajara,8436012781668,0,0,0
Sucursal Guadalajara,8436012781675,0,0,0
Sucursal Guadalajara,8436012781699,0,0,0
Sucursal Guadalajara,8436012781705,0,0,0
Sucursal Guadalajara,8436012781712,0,0,0
Sucursal Guadalajara,8436012781729,0,0,0
Sucursal Guadalajara,8436012781750,0,0,0
Sucursal Guadalajara,8436012781767,0,0,0
Sucursal Guadalajara,8436012782139,0,0,0
Sucursal Guadalajara,8436012782177,0,0,0
Sucursal Guadalajara,8436012782252,0,0,0
Sucursal Guadalajara,8436012782276,0,0,0
Sucursal Guadalajara,8436012782306,0,0,0
Sucursal Guadalajara,8436012782320,0,0,0
Sucursal Guadalajara,8436012782436,0,0,0
Sucursal Guadalajara,8436012782733,0,0,0
Sucursal Guadalajara,8436012782771,0,0,0
Sucursal Guadalajara,8436012782818,0,0,0
Sucursal Guadalajara,8436012782931,0,0,0
Sucursal Guadalajara,8436012782962,0,0,0
Sucursal Guadalajara,8436012782979,0,0,0
Sucursal Guadalajara,8436012782986,0,0,0
Sucursal Guadalajara,8436012782986,0,0,0
Sucursal Guadalajara,8436012783129,0,0,0
Sucursal Guadalajara,8436012783204,0,0,0
Sucursal Guadalajara,8436012783273,0,0,0
Sucursal Guadalajara,8436019940600,0,0,0
Sucursal Guadalajara,8436019941300,0,0,0
Sucursal Guadalajara,8436019948170,0,0,0
Sucursal Guadalajara,8436019949368,0,0,0
Sucursal Guadalajara,8436019949740,0,0,0
Sucursal Guadalajara,8436019950272,0,0,0
Sucursal Guadalajara,8436019950685,0,0,0
Sucursal Guadalajara,8436019950692,0,0,0
Sucursal Guadalajara,8436019950708,0,0,0
Sucursal Guadalajara,8436019951750,0,0,0
Sucursal Guadalajara,8436019951767,0,0,0
Sucursal Guadalajara,8436019951774,0,0,0
Sucursal Guadalajara,8436019952559,0,0,0
Sucursal Guadalajara,8436019952788,0,0,0
Sucursal Guadalajara,8436019953396,0,0,0
Sucursal Guadalajara,8436019953495,0,0,0
Sucursal Guadalajara,8436019953501,0,0,0
Sucursal Guadalajara,8436019953662,0,0,0
Sucursal Guadalajara,8436019953693,0,0,0
Sucursal Guadalajara,8436019953877,0,0,0
Sucursal Guadalajara,8436019953884,0,0,0
Sucursal Guadalajara,8436019954034,0,0,0
Sucursal Guadalajara,8436019954072,0,0,0
Sucursal Guadalajara,8436019954089,0,0,0
Sucursal Guadalajara,8436019954232,0,0,0
Sucursal Guadalajara,8436019954249,0,0,0
Sucursal Guadalajara,8436019954270,0,0,0
Sucursal Guadalajara,8436019954546,0,0,0
Sucursal Guadalajara,8436019954553,0,0,0
Sucursal Guadalajara,8436019954560,0,0,0
Sucursal Guadalajara,8436019954720,0,0,0
Sucursal Guadalajara,8436019954737,0,0,0
Sucursal Guadalajara,8436019954744,0,0,0
Sucursal Guadalajara,8436019954775,0,0,0
Sucursal Guadalajara,8436019954782,0,0,0
Sucursal Guadalajara,8436019954997,0,0,0
Sucursal Guadalajara,8436019955109,0,0,0
Sucursal Guadalajara,8436574360455,1,1,1
Sucursal Guadalajara,8436574360523,2,2,2
Sucursal Guadalajara,8436574360844,0,0,0
Sucursal Guadalajara,8436574361032,2,2,2
Sucursal Guadalajara,8436574361582,0,0,0
Sucursal Guadalajara,8436574361599,1,1,1
Sucursal Guadalajara,8436574361605,1,1,1
Sucursal Guadalajara,8436574362336,1,1,1
Sucursal Guadalajara,8436574362442,2,2,2
Sucursal Guadalajara,8436574362459,1,1,1
Sucursal Guadalajara,8436574363166,2,2,2
Sucursal Guadalajara,8436574363388,2,2,2
Sucursal Guadalajara,8436574363654,0,0,0
Sucursal Guadalajara,8436574363692,0,0,0
Sucursal Guadalajara,8436574364033,0,0,0
Sucursal Guadalajara,8436574364316,0,0,0
Sucursal Guadalajara,8436574364460,0,0,0
Sucursal Guadalajara,8436574364484,0,0,0
Sucursal Guadalajara,8436574365139,1,1,1
Sucursal Guadalajara,8436589050525,0,0,0
Sucursal Guadalajara,8436589050532,0,0,0
Sucursal Guadalajara,8436589050754,1,1,1
Sucursal Guadalajara,8436589050761,0,0,0
Sucursal Guadalajara,8436589051010,0,0,0
Sucursal Guadalajara,8436589051027,0,0,0
Sucursal Guadalajara,8436589051065,0,0,0
Sucursal Guadalajara,8436589051072,0,0,0
Sucursal Guadalajara,8436589051089,0,0,0
Sucursal Guadalajara,8436589051140,0,0,0
Sucursal Guadalajara,8436589051157,0,0,0
Sucursal Guadalajara,8436589051478,0,0,0
Sucursal Guadalajara,8436589051485,0,0,0
Sucursal Guadalajara,8436589051713,0,0,0
Sucursal Guadalajara,8436589051720,0,0,0
Sucursal Guadalajara,8436589051744,0,0,0
Sucursal Guadalajara,8436589051768,0,0,0
Sucursal Guadalajara,8436589051775,0,0,0
Sucursal Guadalajara,8436589051799,0,0,0
Sucursal Guadalajara,8436589051836,0,0,0
Sucursal Guadalajara,8436589052161,0,0,0
Sucursal Guadalajara,8436589052185,0,0,0
Sucursal Guadalajara,8436589052192,0,0,0
Sucursal Guadalajara,8436589052499,0,0,0
Sucursal Guadalajara,8436589052574,0,0,0
Sucursal Guadalajara,8436589052581,0,0,0
Sucursal Guadalajara,8436589053120,0,0,0
Sucursal Guadalajara,8436589053137,0,0,0
Sucursal Guadalajara,8436589053144,0,0,0
Sucursal Guadalajara,8436589053403,0,0,0
Sucursal Guadalajara,8436589053410,0,0,0
Sucursal Guadalajara,8436589053571,0,0,0
Sucursal Guadalajara,8437000435013,0,0,0
Sucursal Guadalajara,8437000435020,0,0,0
Sucursal Guadalajara,8437000435037,0,0,0
Sucursal Guadalajara,8437000435051,0,0,0
Sucursal Guadalajara,8437000435068,0,0,0
Sucursal Guadalajara,8437000435075,0,0,0
Sucursal Guadalajara,8437000435105,0,0,0
Sucursal Guadalajara,8437000435112,0,0,0
Sucursal Guadalajara,8437000435129,0,0,0
Sucursal Guadalajara,8437000435136,0,0,0
Sucursal Guadalajara,8437000435150,0,0,0
Sucursal Guadalajara,8437000435167,0,0,0
Sucursal Guadalajara,8437000435204,0,0,0
Sucursal Guadalajara,8437000435235,0,0,0
Sucursal Guadalajara,8437000435273,0,0,0
Sucursal Guadalajara,8437000435297,0,0,0
Sucursal Guadalajara,8437000435334,0,0,0
Sucursal Guadalajara,8437000435372,0,0,0
Sucursal Guadalajara,8437000435389,0,0,0
Sucursal Guadalajara,8437000435402,0,0,0
Sucursal Guadalajara,8437000435419,0,0,0
Sucursal Guadalajara,8437000435440,0,0,0
Sucursal Guadalajara,8437000435457,0,0,0
Sucursal Guadalajara,8437000435464,0,0,0
Sucursal Guadalajara,8437000435471,0,0,0
Sucursal Guadalajara,8437000435556,0,0,0
Sucursal Guadalajara,8437000435563,0,0,0
Sucursal Guadalajara,8437000435587,0,0,0
Sucursal Guadalajara,8437000435594,0,0,0
Sucursal Guadalajara,8437000435600,0,0,0
Sucursal Guadalajara,8437000435709,0,0,0
Sucursal Guadalajara,8437000435716,0,0,0
Sucursal Guadalajara,8437000435761,1,1,1
Sucursal Guadalajara,8437000435839,0,0,0
Sucursal Guadalajara,8437000435860,0,0,0
Sucursal Guadalajara,8437000435891,0,0,0
Sucursal Guadalajara,8437013372008,0,0,0
Sucursal Guadalajara,8437013372138,0,0,0
Sucursal Guadalajara,8437013372145,0,0,0
Sucursal Guadalajara,8437013372152,0,0,0
Sucursal Guadalajara,8437013372213,0,0,0
Sucursal Guadalajara,8437013372220,0,0,0
Sucursal Guadalajara,8437013372237,0,0,0
Sucursal Guadalajara,8437013372305,0,0,0
Sucursal Guadalajara,8437013372473,0,0,0
Sucursal Guadalajara,8437015460369,0,0,0
Sucursal Guadalajara,8437015460376,0,0,0
Sucursal Guadalajara,8437015460413,0,0,0
Sucursal Guadalajara,8437015460529,0,0,0
Sucursal Guadalajara,8437015550923,0,0,0
Sucursal Guadalajara,8437015942087,0,0,0
Sucursal Guadalajara,8437015942094,0,0,0
Sucursal Guadalajara,8437015942100,0,0,0
Sucursal Guadalajara,8437015942117,0,0,0
Sucursal Guadalajara,8437015942148,0,0,0
Sucursal Guadalajara,8437015942278,0,0,0
Sucursal Guadalajara,8437015942285,0,0,0
Sucursal Guadalajara,8437015942292,0,0,0
Sucursal Guadalajara,8437015942308,0,0,0
Sucursal Guadalajara,8437015942315,0,0,0
Sucursal Guadalajara,8437015942322,0,0,0
Sucursal Guadalajara,8437015942360,0,0,0
Sucursal Guadalajara,8437015942384,0,0,0
Sucursal Guadalajara,8437015942407,0,0,0
Sucursal Guadalajara,8437015942599,0,0,0
Sucursal Guadalajara,8437015942704,0,0,0
Sucursal Guadalajara,8437015942728,0,0,0
Sucursal Guadalajara,8437015942759,1,1,1
Sucursal Guadalajara,8437019178062,0,0,0
Sucursal Guadalajara,8437019178086,0,0,0
Sucursal Guadalajara,8437019178239,0,0,0
Sucursal Guadalajara,8437019178246,0,0,0
Sucursal Guadalajara,8437019178611,0,0,0
Sucursal Guadalajara,8437019178666,0,0,0
Sucursal Guadalajara,8437019178680,0,0,0
Sucursal Guadalajara,8470000478949,0,0,0
Sucursal Guadalajara,8470001507983,2,2,2
Sucursal Guadalajara,8470001509833,0,0,0
Sucursal Guadalajara,8470001509840,0,0,0
Sucursal Guadalajara,8470001512154,0,0,0
Sucursal Guadalajara,8470001520357,0,0,0
Sucursal Guadalajara,8470001525369,0,0,0
Sucursal Guadalajara,8470001527349,1,1,1
Sucursal Guadalajara,8470001529688,1,1,1
Sucursal Guadalajara,8470001531773,0,0,0
Sucursal Guadalajara,8470001532411,0,0,0
Sucursal Guadalajara,8470001532435,0,0,0
Sucursal Guadalajara,8470001535627,0,0,0
Sucursal Guadalajara,8470001535634,0,0,0
Sucursal Guadalajara,8470001535641,0,0,0
Sucursal Guadalajara,8470001536990,0,0,0
Sucursal Guadalajara,8470001537171,0,0,0
Sucursal Guadalajara,8470001538765,0,0,0
Sucursal Guadalajara,8470001541871,1,1,1
Sucursal Guadalajara,8470001547927,1,1,1
Sucursal Guadalajara,8470001559319,0,0,0
Sucursal Guadalajara,8470001563750,0,0,0
Sucursal Guadalajara,8470001564832,3,3,3
Sucursal Guadalajara,8470001585066,0,0,0
Sucursal Guadalajara,8470001592453,1,1,1
Sucursal Guadalajara,8470001612335,0,0,0
Sucursal Guadalajara,8470001612731,0,0,0
Sucursal Guadalajara,8470001613233,0,0,0
Sucursal Guadalajara,8470001615688,1,1,1
Sucursal Guadalajara,8470001625069,0,0,0
Sucursal Guadalajara,8470001631695,1,1,1
Sucursal Guadalajara,8470001631718,0,0,0
Sucursal Guadalajara,8470001638151,0,0,0
Sucursal Guadalajara,8470001648198,2,2,2
Sucursal Guadalajara,8470001653499,0,0,0
Sucursal Guadalajara,8470001653505,0,0,0
Sucursal Guadalajara,8470001657909,0,0,0
Sucursal Guadalajara,8470001674234,2,2,2
Sucursal Guadalajara,8470001679864,0,0,0
Sucursal Guadalajara,8470001682673,0,0,0
Sucursal Guadalajara,8470001691880,1,1,1
Sucursal Guadalajara,8470001699664,0,0,0
Sucursal Guadalajara,8470001702852,0,0,0
Sucursal Guadalajara,8470001715043,0,0,0
Sucursal Guadalajara,8470001724137,1,1,1
Sucursal Guadalajara,8470001729057,0,0,0
Sucursal Guadalajara,8470001743749,0,0,0
Sucursal Guadalajara,8470001746092,0,0,0
Sucursal Guadalajara,8470001757104,0,0,0
Sucursal Guadalajara,8470001769145,0,0,0
Sucursal Guadalajara,8470001769169,0,0,0
Sucursal Guadalajara,8470001769190,0,0,0
Sucursal Guadalajara,8470001769213,0,0,0
Sucursal Guadalajara,8470001776211,2,2,2
Sucursal Guadalajara,8470001800435,0,0,0
Sucursal Guadalajara,8470001806475,1,1,1
Sucursal Guadalajara,8470001812353,0,0,0
Sucursal Guadalajara,8470001813800,1,1,1
Sucursal Guadalajara,8470001821478,0,0,0
Sucursal Guadalajara,8470001822758,0,0,0
Sucursal Guadalajara,8470001825506,0,0,0
Sucursal Guadalajara,8470001847607,2,2,2
Sucursal Guadalajara,8470001855107,1,1,1
Sucursal Guadalajara,8470001864802,0,0,0
Sucursal Guadalajara,8470001864826,0,0,0
Sucursal Guadalajara,8470001866608,2,2,2
Sucursal Guadalajara,8470001870483,1,1,1
Sucursal Guadalajara,8470001873583,0,0,0
Sucursal Guadalajara,8470001873590,1,1,1
Sucursal Guadalajara,8470001875815,0,0,0
Sucursal Guadalajara,8470001880154,0,0,0
Sucursal Guadalajara,8470001894342,1,1,1
Sucursal Guadalajara,8470001895752,0,0,0
Sucursal Guadalajara,8470001901200,1,1,1
Sucursal Guadalajara,8470001908285,0,0,0
Sucursal Guadalajara,8470001915528,1,1,1
Sucursal Guadalajara,8470001930156,0,0,0
Sucursal Guadalajara,8470001939456,2,2,2
Sucursal Guadalajara,8470001945761,1,1,1
Sucursal Guadalajara,8470001951854,0,0,0
Sucursal Guadalajara,8470001977786,2,2,2
Sucursal Guadalajara,8470001977793,2,2,2
Sucursal Guadalajara,8470001982032,0,0,0
Sucursal Guadalajara,8470001982049,0,0,0
Sucursal Guadalajara,8470001982056,0,0,0
Sucursal Guadalajara,8470001997302,1,1,1
Sucursal Guadalajara,8470002006454,0,0,0
Sucursal Guadalajara,8470002024434,3,3,3
Sucursal Guadalajara,8470002029224,0,0,0
Sucursal Guadalajara,8470002029231,0,0,0
Sucursal Guadalajara,8470002029293,0,0,0
Sucursal Guadalajara,8470002031746,0,0,0
Sucursal Guadalajara,8470002044272,1,1,1
Sucursal Guadalajara,8470002063754,0,0,0
Sucursal Guadalajara,8470002073241,0,0,0
Sucursal Guadalajara,8470002075221,0,0,0
Sucursal Guadalajara,8470002075306,0,0,0
Sucursal Guadalajara,8470002075559,0,0,0
Sucursal Guadalajara,8470002076747,1,1,1
Sucursal Guadalajara,8470002089471,0,0,0
Sucursal Guadalajara,8470002094857,1,1,1
Sucursal Guadalajara,8470002100657,0,0,0
Sucursal Guadalajara,8470002111363,1,1,1
Sucursal Guadalajara,8470002116511,1,1,1
Sucursal Guadalajara,8470002117075,0,0,0
Sucursal Guadalajara,8470002117181,1,1,1
Sucursal Guadalajara,8470002129856,0,0,0
Sucursal Guadalajara,8470002141452,0,0,0
Sucursal Guadalajara,8470002141469,2,2,2
Sucursal Guadalajara,8470002147102,2,2,2
Sucursal Guadalajara,8470002160040,0,0,0
Sucursal Guadalajara,8470002259539,0,0,0
Sucursal Guadalajara,8470002282131,0,0,0
Sucursal Guadalajara,8470002456938,0,0,0
Sucursal Guadalajara,8470002507951,0,0,0
Sucursal Guadalajara,8470002541856,0,0,0
Sucursal Guadalajara,8470002568594,0,0,0
Sucursal Guadalajara,8470003004343,0,0,0
Sucursal Guadalajara,8470003031981,0,0,0
Sucursal Guadalajara,8470003041478,0,0,0
Sucursal Guadalajara,8470003058629,0,0,0
Sucursal Guadalajara,8470003085434,0,0,0
Sucursal Guadalajara,8470003244268,0,0,0
Sucursal Guadalajara,8470003244343,0,0,0
Sucursal Guadalajara,8470003245920,1,1,1
Sucursal Guadalajara,8470003310338,0,0,0
Sucursal Guadalajara,8470003407625,0,0,0
Sucursal Guadalajara,8470003429757,1,1,1
Sucursal Guadalajara,8470003468237,3,3,3
Sucursal Guadalajara,8470003635158,0,0,0
Sucursal Guadalajara,8470003640916,0,0,0
Sucursal Guadalajara,8470003691321,0,0,0
Sucursal Guadalajara,8470003808576,0,0,0
Sucursal Guadalajara,8470003854764,0,0,0
Sucursal Guadalajara,8470003854849,2,2,2
Sucursal Guadalajara,8470003913423,0,0,0
Sucursal Guadalajara,8470003924238,0,0,0
Sucursal Guadalajara,8470003925143,0,0,0
Sucursal Guadalajara,8470003935876,1,1,1
Sucursal Guadalajara,8470003950954,0,0,0
Sucursal Guadalajara,8470003951784,0,0,0
Sucursal Guadalajara,8470003987509,0,0,0
Sucursal Guadalajara,8594179650484,0,0,0
Sucursal Guadalajara,8594179650491,0,0,0
Sucursal Guadalajara,8594179650514,0,0,0
Sucursal Guadalajara,8594179650583,0,0,0
Sucursal Guadalajara,8594179650668,0,0,0
Sucursal Guadalajara,8594179650675,0,0,0
Sucursal Guadalajara,8594179650699,0,0,0
Sucursal Guadalajara,8594179650705,0,0,0
Sucursal Guadalajara,8594179653690,0,0,0
Sucursal Guadalajara,8594179654130,0,0,0
Sucursal Guadalajara,8594179654147,0,0,0
Sucursal Guadalajara,8594179654161,0,0,0
Sucursal Guadalajara,8697711700019,0,0,0
Sucursal Guadalajara,8697711700026,0,0,0
Sucursal Guadalajara,8697711700040,0,0,0
Sucursal Guadalajara,8697711700057,0,0,0
Sucursal Guadalajara,8697711700064,0,0,0
Sucursal Guadalajara,8697711700705,0,0,0
Sucursal Guadalajara,8697711701009,0,0,0
Sucursal Guadalajara,8697711701054,0,0,0
Sucursal Guadalajara,8701129813638,0,0,0
Sucursal Guadalajara,8809151130046,0,0,0
Sucursal Guadalajara,8809151131180,0,0,0
Sucursal Guadalajara,8809151131357,0,0,0
Sucursal Guadalajara,8809151131715,0,0,0
Sucursal Guadalajara,8809151132057,0,0,0
Sucursal Guadalajara,8809151132224,0,0,0
Sucursal Guadalajara,8809151132231,0,0,0
Sucursal Guadalajara,8809151133009,0,0,0
Sucursal Guadalajara,8809151133658,0,0,0
Sucursal Guadalajara,8809151134358,0,0,0
Sucursal Guadalajara,8809151138608,0,0,0
Sucursal Guadalajara,8809151138875,0,0,0
Sucursal Guadalajara,8809151139957,0,0,0
Sucursal Guadalajara,8809171385273,0,0,0
Sucursal Guadalajara,8809238960276,0,0,0
Sucursal Guadalajara,8809326337898,0,0,0
Sucursal Guadalajara,8809326338185,0,0,0
Sucursal Guadalajara,8809353537889,0,0,0
Sucursal Guadalajara,8809389034291,0,0,0
Sucursal Guadalajara,8809416470009,0,0,0
Sucursal Guadalajara,8809416470016,0,0,0
Sucursal Guadalajara,8809416470245,0,0,0
Sucursal Guadalajara,8809416470511,0,0,0
Sucursal Guadalajara,8809598450622,0,0,0
Sucursal Guadalajara,8809598450646,0,0,0
Sucursal Guadalajara,8809598450653,0,0,0
Sucursal Guadalajara,8809598451032,0,0,0
Sucursal Guadalajara,8809598451070,0,0,0
Sucursal Guadalajara,8809598451926,0,0,0
Sucursal Guadalajara,8809598452350,0,0,0
Sucursal Guadalajara,8809598452800,0,0,0
Sucursal Guadalajara,8809598453401,0,0,0
Sucursal Guadalajara,8809598453869,0,0,0
Sucursal Guadalajara,8809598453876,0,0,0
Sucursal Guadalajara,8809598454637,0,0,0
Sucursal Guadalajara,8809598454644,0,0,0
Sucursal Guadalajara,8809598454651,0,0,0
Sucursal Guadalajara,8809598455627,0,0,0
Sucursal Guadalajara,8809598455658,0,0,0
Sucursal Guadalajara,8809626569852,0,0,0
Sucursal Guadalajara,8809783328620,0,0,0
Sucursal Guadalajara,8809872440608,0,0,0
Sucursal Guadalajara,8809872441070,0,0,0
Sucursal Guadalajara,8809954941627,0,0,0
Sucursal Guadalajara,8809954941634,0,0,0
Sucursal Guadalajara,8809954942341,0,0,0
Sucursal Guadalajara,8904091104475,0,0,0
Sucursal Guadalajara,8904091125722,0,0,0
Sucursal Guadalajara,8904091131976,0,0,0
Sucursal Guadalajara,8904091147304,0,0,0
Sucursal Guadalajara,8904091147311,0,0,0
Sucursal Guadalajara,8904091150434,0,0,0
Sucursal Guadalajara,8904091150496,0,0,0
Sucursal Guadalajara,8904091182084,0,0,0
Sucursal Guadalajara,8904091182091,0,0,0
Sucursal Guadalajara,8904091183517,0,0,0
Sucursal Guadalajara,8904091185467,0,0,0
Sucursal Guadalajara,8904091187324,0,0,0
Sucursal Guadalajara,8904091189120,0,0,0
Sucursal Guadalajara,9501588437390,0,0,0
Sucursal Guadalajara,9504281398548,0,0,0
Sucursal Guadalajara,9506442647915,0,0,0
Sucursal Guadalajara,9509272748128,0,0,0
Sucursal Guadalajara,9923372820322,1,1,1
Sucursal Guadalajara,33378756951760,0,0,0
Sucursal Guadalajara,37760192240383,0,0,0
Sucursal Guadalajara,88093890338740,0,0,0
Sucursal Guadalajara,1692G,0,0,0
Sucursal Guadalajara,CANTABRIA1,0,0,0
Sucursal Guadalajara,G201,0,0,0
Sucursal Guadalajara,G202,0,0,0
Sucursal Guadalajara,G203,0,0,0
Sucursal Guadalajara,G204,0,0,0
Sucursal Guadalajara,G205,0,0,0
Sucursal Guadalajara,G206,0,0,0
Sucursal Guadalajara,G207,0,0,0
Sucursal Guadalajara,G208,0,0,0
Sucursal Guadalajara,G210,0,0,0
Sucursal Guadalajara,G211,0,0,0
Sucursal Guadalajara,G212,0,0,0
Sucursal Guadalajara,G217,0,0,0
Sucursal Guadalajara,G218,0,0,0
Sucursal Guadalajara,G219,0,0,0
Sucursal Guadalajara,G220,0,0,0
Sucursal Guadalajara,G221,0,0,0
Sucursal Guadalajara,G222,0,0,0
Sucursal Guadalajara,G223,0,0,0
Sucursal Guadalajara,G224,0,0,0
Sucursal Guadalajara,G225,0,0,0
Sucursal Guadalajara,G226,0,0,0
Sucursal Guadalajara,G227,0,0,0
Sucursal Guadalajara,G228,0,0,0
Sucursal Guadalajara,G230,0,0,0
Sucursal Guadalajara,G231,0,0,0
Sucursal Guadalajara,G232,0,0,0
Sucursal Guadalajara,G233,0,0,0
Sucursal Guadalajara,G234,0,0,0
Sucursal Guadalajara,G235,0,0,0
Sucursal Guadalajara,G236,0,0,0
Sucursal Guadalajara,G237,0,0,0
Sucursal Guadalajara,G239,0,0,0
Sucursal Guadalajara,ISDIN1,0,0,0
Sucursal Guadalajara,KITPRUEBA,0,0,0
Sucursal Guadalajara,LPG1,0,0,0
Sucursal Guadalajara,LPG2,0,0,0
Sucursal Guadalajara,M100,0,0,0
Sucursal Guadalajara,M250,0,0,0
Sucursal Guadalajara,M500,0,0,0
Sucursal Guadalajara,MIN0002,0,0,0
Sucursal Guadalajara,PKPATCH,0,0,0
Sucursal Guadalajara,PROMO001,0,0,0
Sucursal Guadalajara,PROMO002,0,0,0
Sucursal Guadalajara,PROMO003,0,0,0
Sucursal Guadalajara,PROMO004,0,0,0
Sucursal Guadalajara,PROMO005,0,0,0
Sucursal Guadalajara,PROMO006,0,0,0
Sucursal Guadalajara,PROMO007,0,0,0
Sucursal Guadalajara,PROMO008,0,0,0
Sucursal Guadalajara,PROMO009,0,0,0
Sucursal Guadalajara,PROMO010,0,0,0
Sucursal Guadalajara,PROMO011,0,0,0
Sucursal Guadalajara,TEST019,0,0,0
Sucursal Guadalajara,TEST02,0,0,0
Sucursal Guadalajara,TEST020,0,0,0
Sucursal Guadalajara,TEST021,0,0,0
Sucursal Guadalajara,TEST022,0,0,0
Sucursal Guadalajara,TEST023,0,0,0
Sucursal Guadalajara,TEST024,0,0,0
Sucursal Guadalajara,TEST025,0,0,0
Sucursal Guadalajara,TEST026,0,0,0
Sucursal Guadalajara,TEST027,0,0,0
Sucursal Guadalajara,TEST028,0,0,0
Sucursal Guadalajara,TEST029,0,0,0
Sucursal Guadalajara,TEST03,0,0,0
Sucursal Guadalajara,TEST030,0,0,0
Sucursal Guadalajara,TEST031,0,0,0
Sucursal Guadalajara,TEST032,0,0,0
Sucursal Guadalajara,TEST033,0,0,0
Sucursal Guadalajara,TEST034,0,0,0
Sucursal Guadalajara,TEST035,0,0,0
Sucursal Guadalajara,TEST036,0,0,0
Sucursal Guadalajara,TEST04,0,0,0
Sucursal Guadalajara,TEST05,0,0,0
Sucursal Guadalajara,TEST06,0,0,0
Sucursal Guadalajara,TEST07,0,0,0
Sucursal Guadalajara,TEST08,0,0,0
Sucursal Guadalajara,TEST09,0,0,0
Sucursal Guadalajara,TEST10,0,0,0
Sucursal Guadalajara,TEST11,0,0,0
Sucursal Guadalajara,TEST12,0,0,0
Sucursal Guadalajara,TEST13,0,0,0
Sucursal Guadalajara,TEST14,0,0,0
Sucursal Guadalajara,TEST15,0,0,0
Sucursal Guadalajara,TEST16,0,0,0
Sucursal Guadalajara,TEST17,0,0,0
Sucursal Guadalajara,TEST18,0,0,0
Sucursal Guadalajara,TESTER,0,0,0
